 -0.99921751022338867       0.15377855300903320     
  0.56053209304809570       0.86501312255859375     
  0.27672338485717773       0.89591836929321289     
 -0.29553842544555664       0.88647127151489258     
  0.92964029312133789       0.46928930282592773     
 -0.64979267120361328       0.94163703918457031     
   9.6534252166748047E-002  0.45721101760864258     
  0.34616327285766602       -2.9981136322021484E-002
  0.11493825912475586      -0.23018169403076172     
 -0.65843534469604492      -0.31577634811401367     
  0.74859714508056641      -0.32272911071777344     
 -0.10233592987060547        4.3649196624755859E-002
 -0.38331127166748047      -0.30712270736694336     
  0.19648885726928711       0.39189577102661133     
  0.59993553161621094      -0.88094091415405273     
   3.2083034515380859E-002 -0.78019618988037109     
 -0.75470066070556641      -0.25354909896850586     
  0.60818815231323242      -0.17657756805419922     
  0.26385641098022461       0.64104843139648438     
  0.10373830795288086      -0.46613311767578125     
 -0.29611158370971680      -0.74497175216674805     
 -0.73396015167236328       0.33558320999145508     
  0.15185737609863281       0.26858806610107422     
  0.16347169876098633      -0.52928733825683594     
  0.27099657058715820       0.64114046096801758     
 -0.35052251815795898       0.77317619323730469     
  0.77744293212890625       0.49068355560302734     
  0.92649745941162109      -0.34928035736083984     
 -0.34826183319091797       0.76562833786010742     
  -7.9190254211425781E-002 -0.94356727600097656     
 -0.53469085693359375      -0.54771089553833008     
  0.62919616699218750       0.90329408645629883     
 -0.33578920364379883       0.39766836166381836     
 -0.38554954528808594        7.3289394378662109E-002
 -0.22357511520385742       0.37490749359130859     
 -0.92929077148437500      -0.58578538894653320     
  0.70817995071411133       0.38174390792846680     
  -2.5260925292968750E-002 -0.55541753768920898     
 -0.90200471878051758        8.3980560302734375E-003
 -0.84857416152954102        2.0454406738281250E-002
 -0.21827030181884766      -0.46346282958984375     
  0.58677005767822266      -0.15446996688842773     
 -0.17528724670410156       -4.5658588409423828E-002
  0.62245130538940430      -0.45880031585693359     
  0.94578742980957031      -0.14277887344360352     
  0.31948757171630859      -0.36781692504882812     
  0.10152435302734375       0.32737016677856445     
  0.11135816574096680      -0.40184402465820312     
  0.20807695388793945      -0.84893608093261719     
  -6.8273067474365234E-002  0.53946113586425781     
  0.73039722442626953      -0.20826339721679688     
 -0.27876329421997070       0.83277034759521484     
  0.37199735641479492       0.16548061370849609     
 -0.75942754745483398       0.30537509918212891     
  0.44498395919799805       0.84801149368286133     
  0.53607559204101562      -0.17073535919189453     
  0.45838451385498047        7.3748111724853516E-002
 -0.51507091522216797      -0.79603910446166992     
  0.97675180435180664       0.27515125274658203     
  0.47099637985229492        4.2726039886474609E-002
   9.9033355712890625E-002  0.45881462097167969     
 -0.70004034042358398       0.42932605743408203     
 -0.31237125396728516       -1.8041133880615234E-002
  0.78972959518432617       0.99108028411865234     
 -0.91040945053100586       0.75395345687866211     
 -0.30093383789062500       0.20586824417114258     
   3.3505916595458984E-002 -0.86537885665893555     
 -0.41852998733520508      -0.22746658325195312     
  0.97410297393798828      -0.24669981002807617     
 -0.28133773803710938      -0.44243431091308594     
   1.0860919952392578E-002  0.54088258743286133     
  0.61461353302001953      -0.18484401702880859     
 -0.66949033737182617      -0.12333106994628906     
 -0.81802320480346680      -0.51013231277465820     
  0.21264028549194336      -0.14854526519775391     
 -0.59694719314575195      -0.89048624038696289     
 -0.39691972732543945       0.97571992874145508     
  0.92496728897094727       -7.3084831237792969E-002
 -0.32878446578979492       0.12537384033203125     
 -0.83659744262695312      -0.69270086288452148     
 -0.21582460403442383       0.64317989349365234     
  -6.8583488464355469E-002 -0.67496681213378906     
 -0.16248226165771484      -0.83265018463134766     
 -0.35025882720947266      -0.79789686203002930     
 -0.25132226943969727        3.1303405761718750E-002
  0.11885309219360352      -0.43516302108764648     
  0.21736288070678711      -0.78014516830444336     
  0.10635614395141602      -0.46609735488891602     
  0.30573606491088867       0.51093673706054688     
 -0.68468332290649414       0.53072834014892578     
  -4.7585964202880859E-002  0.23001670837402344     
 -0.10554170608520508       0.16743993759155273     
  0.16460514068603516       0.52483797073364258     
  0.95923662185668945      -0.10781192779541016     
   1.2558937072753906E-002 -0.91401672363281250     
  0.12623262405395508      -0.40441274642944336     
 -0.96062660217285156       0.75614786148071289     
  0.58435297012329102      -0.77550220489501953     
  0.13674497604370117       0.27386999130249023     
  0.93303203582763672      -0.53026151657104492     
 -0.10190916061401367      -0.77933549880981445     
 -0.28545045852661133       0.44149017333984375     
  0.12696647644042969       -6.8379878997802734E-002
  0.74257373809814453       0.44346618652343750     
 -0.65660762786865234       0.40284824371337891     
  0.67166376113891602       0.65657186508178711     
 -0.99613428115844727       -2.5232315063476562E-002
  -7.3626518249511719E-002  0.56423330307006836     
 -0.92796754837036133      -0.34645271301269531     
 -0.82841062545776367       0.90924024581909180     
 -0.39688873291015625      -0.50125980377197266     
 -0.66772699356079102      -0.48061275482177734     
  0.34223175048828125      -0.10568428039550781     
 -0.23209381103515625      -0.79508829116821289     
  0.95547437667846680       0.66338920593261719     
 -0.41173315048217773        1.8677711486816406E-003
 -0.60516977310180664       0.91949987411499023     
   3.4743309020996094E-002  -6.3750267028808594E-002
  0.55319786071777344      -0.39765739440917969     
  0.57324123382568359       0.46594572067260742     
 -0.84958839416503906       0.97255611419677734     
 -0.24682188034057617      -0.33500862121582031     
 -0.48419427871704102       0.15189552307128906     
  0.91166496276855469       0.36044788360595703     
   4.8826694488525391E-002  0.63503646850585938     
 -0.94049596786499023      -0.91210031509399414     
  0.33520126342773438      -0.26650142669677734     
  0.91775846481323242       0.77237129211425781     
 -0.75057697296142578      -0.94380187988281250     
 -0.47381210327148438       0.64198780059814453     
 -0.10793924331665039      -0.12920522689819336     
  0.45488023757934570      -0.82623910903930664     
 -0.59951496124267578       -4.2816638946533203E-002
  0.38521766662597656       0.35467958450317383     
 -0.89392042160034180      -0.11767625808715820     
  0.21596670150756836      -0.24549388885498047     
  -1.4641761779785156E-002  -7.8526020050048828E-002
  0.21689748764038086      -0.59649658203125000     
  0.68658208847045898      -0.61348009109497070     
 -0.75401830673217773      -0.78441190719604492     
  0.39674711227416992       0.13162231445312500     
  0.18238353729248047      -0.67642068862915039     
 -0.59457540512084961       0.97260904312133789     
  0.64549350738525391       0.81436872482299805     
 -0.89898967742919922       0.68803644180297852     
 -0.16452836990356445       0.77311754226684570     
 -0.20630025863647461       0.71686553955078125     
  0.35991907119750977      -0.83626222610473633     
  0.94106435775756836       0.47174358367919922     
  0.60073041915893555       0.47698116302490234     
  0.62428092956542969       0.29404115676879883     
  -4.7935962677001953E-002  0.34299039840698242     
  0.64406585693359375       0.82166337966918945     
 -0.29922819137573242       0.87778759002685547     
  0.98344373703002930       0.74369335174560547     
 -0.74292802810668945      -0.38767242431640625     
  0.39113426208496094      -0.20110893249511719     
  -3.3361434936523438E-002 -0.70105886459350586     
 -0.69547414779663086      -0.83122920989990234     
 -0.46748256683349609      -0.97743082046508789     
  0.32657098770141602       0.68357801437377930     
  0.89966058731079102       0.60073375701904297     
  0.53322124481201172      -0.14517354965209961     
   7.3886394500732422E-002 -0.18808794021606445     
  0.80835866928100586        8.4778785705566406E-002
  0.88427543640136719        2.2627353668212891E-002
  0.30176019668579102      -0.31340599060058594     
  0.58962202072143555      -0.21687841415405273     
  0.92930459976196289       0.82632064819335938     
  -2.5799274444580078E-002  0.39222812652587891     
  0.17841482162475586       0.62369203567504883     
  0.39363718032836914      -0.13916397094726562     
 -0.92321825027465820      -0.52471780776977539     
 -0.93026638031005859      -0.98368835449218750     
 -0.84399127960205078      -0.95658302307128906     
  0.71453142166137695      -0.86445045471191406     
 -0.81670951843261719      -0.43602991104125977     
 -0.34973335266113281        3.9388656616210938E-002
   9.8400115966796875E-003 -0.61824417114257812     
 -0.82898330688476562      -0.71922874450683594     
  -7.6129436492919922E-002  0.49505662918090820     
  0.42097282409667969      -0.70211172103881836     
 -0.38634014129638672       0.78477144241333008     
 -0.33866834640502930        8.6669921875000000E-003
 -0.32668590545654297      -0.60246324539184570     
  0.40236616134643555       0.57515954971313477     
  0.71013307571411133      -0.79163026809692383     
 -0.92510890960693359      -0.30500507354736328     
 -0.21737003326416016       0.66384458541870117     
 -0.75788879394531250       0.17100906372070312     
  0.15330314636230469       0.56791496276855469     
  0.95117425918579102       0.38627433776855469     
  0.11789274215698242      -0.57460784912109375     
  0.56910753250122070       0.99168825149536133     
 -0.69189453125000000      -0.66988182067871094     
 -0.70079946517944336      -0.33208560943603516     
  0.64256715774536133      -0.36583137512207031     
 -0.52128028869628906       0.84784221649169922     
 -0.31502342224121094      -0.59772920608520508     
  -2.6859283447265625E-002  0.58258914947509766     
 -0.42305707931518555      -0.31386327743530273     
  0.90533256530761719       -6.8015575408935547E-002
  0.86612892150878906      -0.97110795974731445     
  0.59321641921997070       0.19096851348876953     
 -0.38983678817749023        1.6893386840820312E-002
  -6.5248012542724609E-002 -0.62027168273925781     
 -0.90399312973022461       0.58803272247314453     
 -0.93148565292358398       0.52787876129150391     
   6.3487052917480469E-002 -0.97260808944702148     
 -0.62362718582153320       0.70221090316772461     
   6.0259342193603516E-002  0.78043127059936523     
  0.71618938446044922       0.99884843826293945     
 -0.35104274749755859        3.1153202056884766E-002
 -0.40576171875000000       0.36821317672729492     
  0.56373977661132812       0.77759933471679688     
 -0.88355350494384766       0.11749553680419922     
  0.74752664566040039      -0.31170129776000977     
 -0.76068544387817383      -0.83425855636596680     
  0.61926174163818359       -6.4452171325683594E-002
  0.75504016876220703       -3.4830093383789062E-002
  0.61729574203491211       0.89587259292602539     
  0.93321943283081055       0.62667655944824219     
  0.55877017974853516      -0.74931097030639648     
  0.33556413650512695      -0.17242050170898438     
  0.13187408447265625       0.41255187988281250     
 -0.23885345458984375      -0.40671873092651367     
  0.28621387481689453       0.40284919738769531     
  0.69249773025512695       0.81016349792480469     
  0.42523336410522461       0.90141916275024414     
  0.15275955200195312      -0.56641292572021484     
  0.30480098724365234       0.79142332077026367     
 -0.54137802124023438      -0.93827104568481445     
  0.48564195632934570       0.18512296676635742     
 -0.63797569274902344      -0.44965457916259766     
  0.65710449218750000       -4.3769836425781250E-002
  0.36756658554077148      -0.30251646041870117     
 -0.39206314086914062       0.59742546081542969     
  0.93593072891235352       0.19082784652709961     
 -0.74934625625610352      -0.25855159759521484     
  0.53100585937500000       0.62065553665161133     
 -0.63626289367675781       0.33461999893188477     
  -3.6470890045166016E-002 -0.96469211578369141     
  0.42446231842041016       -5.6262493133544922E-002
  0.40304708480834961        1.5526771545410156E-002
  0.96578264236450195       -8.8594436645507812E-002
  0.99553298950195312       -7.4838638305664062E-002
  0.19034719467163086      -0.83342218399047852     
  0.67701768875122070       0.63676166534423828     
   5.7188034057617188E-002 -0.83326864242553711     
 -0.73979520797729492       0.26219177246093750     
  0.66104269027709961       0.14657449722290039     
 -0.51988077163696289       0.36914968490600586     
  0.30115938186645508      -0.40724658966064453     
 -0.58957767486572266       0.97576951980590820     
 -0.23613977432250977      -0.80064916610717773     
 -0.50550889968872070       -8.4285259246826172E-002
 -0.58195400238037109      -0.89543628692626953     
  0.40249824523925781       0.79445171356201172     
  0.35456562042236328      -0.81283664703369141     
  0.65819978713989258       0.36943864822387695     
 -0.83674001693725586       0.91748619079589844     
  0.19441509246826172      -0.46437358856201172     
 -0.72096681594848633       0.71802043914794922     
 -0.22586393356323242       -9.4389915466308594E-002
 -0.40701341629028320      -0.67260503768920898     
 -0.46586942672729492       0.13793325424194336     
  0.25197649002075195       0.97253990173339844     
 -0.51487541198730469       0.49574756622314453     
   3.3520698547363281E-002 -0.61512279510498047     
 -0.36621618270874023      -0.99168395996093750     
  0.77072143554687500      -0.48151636123657227     
 -0.84239578247070312      -0.14378643035888672     
 -0.61095285415649414      -0.27724456787109375     
  0.35465431213378906       0.67758560180664062     
  0.18842267990112305       0.82457637786865234     
  0.65978336334228516       0.97911024093627930     
  -9.3977451324462891E-002  0.52415990829467773     
 -0.43974494934082031      -0.79163742065429688     
  0.95046710968017578       0.50723886489868164     
 -0.83078241348266602      -0.95595264434814453     
 -0.69142913818359375      -0.84213495254516602     
  0.23799467086791992       -2.3353576660156250E-002
 -0.50308609008789062       0.63861465454101562     
 -0.79813528060913086      -0.25609111785888672     
 -0.11796522140502930      -0.63572502136230469     
 -0.62496852874755859       0.15644454956054688     
 -0.63370752334594727      -0.71784973144531250     
 -0.89944839477539062       0.97627687454223633     
  0.28669786453247070       0.53526115417480469     
  0.13430833816528320      -0.67712211608886719     
 -0.38808441162109375      -0.53111696243286133     
 -0.48089027404785156      -0.31752586364746094     
 -0.65244245529174805       0.40391397476196289     
  0.58556556701660156      -0.39554262161254883     
  0.11552286148071289      -0.39987039566040039     
 -0.61963796615600586      -0.25083351135253906     
  0.24679946899414062       -3.4177303314208984E-002
 -0.41634845733642578       0.43384552001953125     
 -0.35568857192993164       -5.6571483612060547E-002
 -0.79156446456909180       0.17632722854614258     
 -0.46592855453491211      -0.85795640945434570     
  0.33151102066040039      -0.29349851608276367     
 -0.82686233520507812       0.93032121658325195     
  -8.5021495819091797E-002 -0.94844675064086914     
 -0.54370832443237305      -0.10073375701904297     
  0.96909856796264648      -0.35387277603149414     
  0.46309137344360352      -0.82214832305908203     
  0.15712690353393555       0.83661937713623047     
 -0.93554735183715820       0.26076078414916992     
  0.60962390899658203       -5.0150871276855469E-002
 -0.88125658035278320       0.72383213043212891     
 -0.54807996749877930       0.42430973052978516     
 -0.62282609939575195       0.16387891769409180     
  0.31737709045410156       0.15881967544555664     
 -0.71089696884155273       -4.2113304138183594E-002
  0.20780897140502930       0.65282678604125977     
   6.1840534210205078E-002 -0.64189147949218750     
 -0.26752614974975586      -0.30903482437133789     
   5.3058147430419922E-002 -0.24857759475708008     
  0.16051864624023438      -0.16095924377441406     
  0.75985908508300781       0.95232963562011719     
 -0.19252777099609375       0.19147205352783203     
   7.7261447906494141E-002  0.54067659378051758     
 -0.84653568267822266       0.28065204620361328     
  0.92161130905151367      -0.47497320175170898     
 -0.86663055419921875       0.54138755798339844     
 -0.89252328872680664      -0.63866281509399414     
   1.9426345825195312E-003  0.65382719039916992     
  0.87732696533203125      -0.75949621200561523     
 -0.85162830352783203       0.68761157989501953     
  0.69081020355224609       0.45247316360473633     
  0.71748924255371094       0.84603309631347656     
 -0.72004556655883789       0.19837522506713867     
   9.9100589752197266E-002 -0.41282653808593750     
 -0.37097215652465820      -0.92895174026489258     
 -0.88825130462646484      -0.83435440063476562     
 -0.98854064941406250      -0.39842176437377930     
 -0.26871967315673828      -0.36603164672851562     
  0.11264514923095703      -0.76561164855957031     
  0.36953210830688477       0.73243141174316406     
  -1.9066810607910156E-002 -0.44969558715820312     
  -3.0222892761230469E-002   4.4600009918212891E-002
 -0.40303897857666016       0.12559747695922852     
  0.92361259460449219      -0.83623600006103516     
 -0.61635446548461914       0.93366336822509766     
   8.1700325012207031E-002 -0.85805892944335938     
  0.61155652999877930       0.43602800369262695     
  0.32511091232299805       0.14272928237915039     
  0.85581588745117188      -0.29507112503051758     
  0.74325418472290039      -0.12637186050415039     
   7.3766231536865234E-002 -0.20345640182495117     
  0.51253366470336914       0.15826034545898438     
 -0.11119604110717773      -0.86867856979370117     
  0.12168884277343750      -0.77252721786499023     
  0.13638114929199219       0.16565465927124023     
  0.16167068481445312      -0.79365396499633789     
 -0.93577051162719727       0.50595045089721680     
 -0.48576688766479492      -0.28194856643676758     
 -0.70314884185791016       0.18294239044189453     
  0.71685075759887695       0.11105632781982422     
  0.52515029907226562       0.20302915573120117     
  0.31484889984130859      -0.33188486099243164     
   1.2773990631103516E-002  0.69957447052001953     
 -0.24622583389282227      -0.31504869461059570     
  0.97828531265258789        4.5005798339843750E-002
  0.41986417770385742       0.66469621658325195     
 -0.44618272781372070      -0.98962736129760742     
 -0.66305446624755859        4.8956871032714844E-002
  0.82540225982666016       0.54027175903320312     
  0.34942245483398438       0.74762296676635742     
 -0.69976663589477539      -0.97476387023925781     
 -0.85088872909545898      -0.88226699829101562     
 -0.25870037078857422        2.6974678039550781E-002
 -0.63158512115478516       0.95211172103881836     
  0.14221143722534180       0.15145349502563477     
 -0.51843929290771484       0.59359359741210938     
  0.53530502319335938       0.87659263610839844     
  0.89285659790039062       0.24309396743774414     
 -0.31800508499145508      -0.70502519607543945     
  0.64754247665405273      -0.75286197662353516     
  0.64912080764770508      -0.22611904144287109     
 -0.38252019882202148       0.98656034469604492     
 -0.87347793579101562      -0.54235124588012695     
  0.70641756057739258       0.76211404800415039     
  0.85095930099487305        7.5834751129150391E-002
  0.56061840057373047       0.31829166412353516     
 -0.47139596939086914      -0.75180339813232422     
  0.44745826721191406       0.43478631973266602     
 -0.53905057907104492       0.18407440185546875     
 -0.26051712036132812      -0.50876331329345703     
 -0.77961826324462891       0.95797967910766602     
  0.77229261398315430       -7.4861526489257812E-002
 -0.18985795974731445      -0.93917036056518555     
 -0.62953472137451172      -0.58664703369140625     
  0.22479486465454102       0.12945985794067383     
 -0.16725111007690430      -0.98575353622436523     
  0.44164705276489258       0.76568937301635742     
  0.94919490814208984      -0.87820529937744141     
   4.6453475952148438E-003   7.9624176025390625E-002
  0.24419212341308594       0.14037752151489258     
 -0.67321825027465820      -0.77853536605834961     
 -0.83782243728637695       0.71981573104858398     
  -5.0592899322509766E-002 -0.31380319595336914     
  -8.2811832427978516E-002  0.18953800201416016     
 -0.43297529220581055       0.98714828491210938     
 -0.99619293212890625       0.98625040054321289     
  -8.5495471954345703E-002 -0.92159175872802734     
  0.80846977233886719       -4.5141220092773438E-002
 -0.68739891052246094       0.89194440841674805     
  0.91618251800537109       0.28690481185913086     
   1.1358261108398438E-002  0.90598773956298828     
  0.93794155120849609       -1.4690399169921875E-002
 -0.89708614349365234       0.67963600158691406     
  0.64285516738891602       0.46928405761718750     
 -0.73884105682373047       0.30468368530273438     
  0.81917858123779297       -6.3990116119384766E-002
  0.52053594589233398       0.65239715576171875     
  0.84129476547241211      -0.35293006896972656     
  0.30705928802490234       0.74845361709594727     
 -0.73804044723510742      -0.24221038818359375     
 -0.82604408264160156       0.68217563629150391     
 -0.66979455947875977       0.76407766342163086     
 -0.14120340347290039       0.80193328857421875     
   9.6661090850830078E-002  0.58808088302612305     
 -0.12333440780639648      -0.88011741638183594     
 -0.13094329833984375      -0.75998592376708984     
  0.92130804061889648       0.42779111862182617     
 -0.11267042160034180       0.35109519958496094     
  0.86305618286132812      -0.61271667480468750     
   7.3479175567626953E-002  0.96573305130004883     
 -0.92412185668945312       0.28434610366821289     
 -0.98782539367675781      -0.38043689727783203     
   1.8463134765625000E-003 -0.96779632568359375     
  0.24762392044067383      -0.18225526809692383     
  0.84103727340698242      -0.68398046493530273     
  0.34740304946899414       0.80799341201782227     
  -5.1846027374267578E-002  0.63074350357055664     
  0.91191530227661133       0.56791925430297852     
 -0.97319173812866211      -0.43254089355468750     
  0.28772640228271484      -0.17973279953002930     
 -0.76831007003784180      -0.98673486709594727     
  -5.2723407745361328E-002 -0.12125825881958008     
   1.9666671752929688E-002  0.54006099700927734     
  0.80664443969726562      -0.72601175308227539     
  -7.2175502777099609E-002  0.95271825790405273     
  0.33821725845336914       0.42493963241577148     
  -3.9211273193359375E-002  0.97786045074462891     
  0.90579175949096680      -0.35047960281372070     
 -0.51021003723144531       0.90347671508789062     
  0.73640537261962891       0.76717710494995117     
  -4.9953937530517578E-002  0.43067502975463867     
  0.35886764526367188      -0.51025485992431641     
  0.15253639221191406      -0.31436729431152344     
  0.43651247024536133       0.46988821029663086     
 -0.58575487136840820      -0.77506065368652344     
 -0.44118070602416992      -0.91704702377319336     
 -0.80450725555419922       0.65314722061157227     
 -0.55444717407226562      -0.58665466308593750     
   9.9979877471923828E-002  0.36481428146362305     
 -0.56092929840087891       0.46194219589233398     
 -0.13025522232055664       0.80458593368530273     
  0.68165540695190430       0.58728981018066406     
  0.58556509017944336      -0.40268039703369141     
  0.15306043624877930       0.48807573318481445     
 -0.90855836868286133      -0.13455390930175781     
  0.55602169036865234      -0.93886756896972656     
  0.45902967453002930       0.91552352905273438     
 -0.79560995101928711       0.18953371047973633     
 -0.49929618835449219       0.33593130111694336     
   4.3067932128906250E-003  0.38503265380859375     
 -0.75506544113159180      -0.38173675537109375     
  0.15239191055297852      -0.74475193023681641     
  0.95485830307006836       0.30434417724609375     
 -0.88042211532592773       0.75256776809692383     
  0.41101551055908203       -5.8076858520507812E-002
  -9.5953941345214844E-002 -0.69412851333618164     
 -0.21696662902832031      -0.55479431152343750     
 -0.42136955261230469        4.8163414001464844E-002
 -0.51498842239379883       0.59271907806396484     
 -0.16889333724975586      -0.58284664154052734     
  0.10230588912963867      -0.54206418991088867     
 -0.46918916702270508       0.33778333663940430     
 -0.87149095535278320       0.85935640335083008     
 -0.79675817489624023       0.89160108566284180     
 -0.85271215438842773       0.46788644790649414     
 -0.22768449783325195      -0.69275426864624023     
  0.87957239151000977       0.97947549819946289     
   4.5855998992919922E-002  0.70818519592285156     
  0.46914863586425781       0.98875713348388672     
   4.4820308685302734E-002 -0.69733142852783203     
  -4.7094345092773438E-002  0.48761892318725586     
 -0.58527183532714844      -0.65711212158203125     
  -8.1202507019042969E-002 -0.76296806335449219     
  0.79673147201538086       0.66675615310668945     
  0.17532682418823242       0.72378158569335938     
  0.60073995590209961       0.63754701614379883     
 -0.74645757675170898       0.29283142089843750     
 -0.38182926177978516       0.59563302993774414     
  0.81073284149169922       -1.0990142822265625E-002
 -0.71069669723510742      -0.67715024948120117     
 -0.85710287094116211       0.67231512069702148     
 -0.39663887023925781      -0.30263185501098633     
 -0.32744598388671875       0.61779546737670898     
 -0.70419502258300781       0.59970474243164062     
 -0.75948572158813477      -0.67573833465576172     
  0.86786222457885742       0.16482114791870117     
  0.15553760528564453       0.12838268280029297     
 -0.26521348953247070       0.56065940856933594     
 -0.99597787857055664       0.60652542114257812     
 -0.12468290328979492       0.45471715927124023     
  0.43459415435791016       0.22693729400634766     
  0.13925790786743164       0.50824546813964844     
   8.3723545074462891E-002 -0.85746192932128906     
  0.64300537109375000       0.99598026275634766     
 -0.55316543579101562       0.94932222366333008     
 -0.73763084411621094       0.64200496673583984     
  0.18008708953857422       0.72447443008422852     
  0.24194765090942383       0.41591596603393555     
  0.30035638809204102        9.3158721923828125E-002
 -0.27881669998168945       -6.6009998321533203E-002
  0.57240724563598633       0.45028018951416016     
 -0.14057779312133789      -0.68416929244995117     
 -0.82797384262084961       0.24428558349609375     
 -0.28800916671752930      -0.56998157501220703     
  0.32621479034423828       0.69516897201538086     
 -0.29123926162719727      -0.85638666152954102     
  0.71557903289794922       0.74098253250122070     
 -0.29920625686645508      -0.75254154205322266     
   3.9329051971435547E-002 -0.99451828002929688     
 -0.86259698867797852       0.34001922607421875     
  0.70934152603149414       -9.5706462860107422E-002
 -0.53732490539550781      -0.81462574005126953     
  0.58877277374267578      -0.49410104751586914     
 -0.35456418991088867       0.83972740173339844     
 -0.69436025619506836      -0.10955238342285156     
  0.75859260559082031      -0.32925891876220703     
  0.14934873580932617       0.10967445373535156     
 -0.69986677169799805      -0.65557050704956055     
 -0.16934585571289062      -0.19247245788574219     
 -0.87833261489868164      -0.13046646118164062     
 -0.74435949325561523      -0.44375610351562500     
 -0.20211267471313477      -0.90325689315795898     
  0.96584272384643555       0.92042779922485352     
 -0.36359310150146484      -0.90306949615478516     
  0.11725521087646484       0.71542835235595703     
  0.20907402038574219       -8.9048385620117188E-002
 -0.63032484054565430       0.13515043258666992     
 -0.52349328994750977      -0.34896564483642578     
  0.93622779846191406      -0.81521272659301758     
  0.72404098510742188       0.96390914916992188     
  0.42828559875488281       0.19824504852294922     
  -9.3222141265869141E-002 -0.77804136276245117     
 -0.53382587432861328       -3.9062500000000000E-003
  0.35320472717285156       0.31837129592895508     
  0.87356519699096680        1.7089366912841797E-002
 -0.77792263031005859      -0.54004240036010742     
 -0.48930120468139648       0.32024478912353516     
  0.35677909851074219       0.39283037185668945     
  0.30772447586059570       -6.7852497100830078E-002
 -0.39569091796875000      -0.37132120132446289     
 -0.79512834548950195       0.27802371978759766     
  0.75244760513305664       0.39157724380493164     
 -0.75355148315429688      -0.93724012374877930     
 -0.18766880035400391      -0.14723634719848633     
 -0.59364223480224609       0.65630865097045898     
  0.58526992797851562       0.63341331481933594     
 -0.21522045135498047       0.79005193710327148     
  0.41066884994506836       0.11404848098754883     
  0.81625652313232422       0.82511997222900391     
 -0.20310306549072266       0.45293569564819336     
  0.49636793136596680       0.46287775039672852     
 -0.41094541549682617      -0.75870180130004883     
  0.50491619110107422       0.12915897369384766     
  0.77851104736328125       0.43681478500366211     
 -0.45300531387329102       0.34509420394897461     
  -1.6570091247558594E-003  0.15510082244873047     
  0.77967262268066406       -3.9070606231689453E-002
 -0.65751171112060547      -0.79304981231689453     
 -0.78085327148437500       0.20604896545410156     
 -0.93448066711425781       0.18912553787231445     
  0.63934183120727539      -0.57985782623291016     
  0.32954883575439453       0.73167562484741211     
 -0.72657012939453125       0.53752756118774414     
  0.23144578933715820       -8.4300994873046875E-002
 -0.84554624557495117       0.91185903549194336     
 -0.38475322723388672      -0.54199123382568359     
  0.75400972366333008       0.64176797866821289     
  0.19552564620971680       0.20577478408813477     
  0.46031141281127930       0.46075105667114258     
 -0.15555477142333984      -0.40778493881225586     
  0.36617612838745117       0.32933807373046875     
 -0.81373262405395508      -0.39690160751342773     
 -0.71826934814453125        5.2483558654785156E-002
   9.5013141632080078E-002  0.89137363433837891     
 -0.67564344406127930       0.46758794784545898     
  0.75179338455200195      -0.60539484024047852     
 -0.86735153198242188       0.42364788055419922     
  0.25626325607299805      -0.98233413696289062     
  -8.7617397308349609E-002 -0.58073711395263672     
 -0.44796657562255859      -0.97376298904418945     
  -2.7779102325439453E-002 -0.88206624984741211     
 -0.88321876525878906      -0.25115013122558594     
  0.92145633697509766       0.91940975189208984     
  0.52063846588134766       0.37268018722534180     
 -0.36364459991455078       0.23052024841308594     
  0.35795688629150391       0.18384027481079102     
 -0.19513034820556641       0.44670104980468750     
 -0.28808784484863281       0.10795688629150391     
  0.43689060211181641       0.82172250747680664     
  0.69387578964233398       -2.9199123382568359E-002
 -0.74601221084594727      -0.22376680374145508     
 -0.84263849258422852      -0.21860122680664062     
  -2.3425102233886719E-002  0.30054378509521484     
 -0.75383186340332031       0.34989261627197266     
  0.65014266967773438       0.95105504989624023     
  0.38721609115600586       -5.3181648254394531E-002
  0.18036508560180664      -0.59948921203613281     
  0.38730478286743164      -0.56102180480957031     
  0.91197681427001953      -0.39997005462646484     
 -0.29584264755249023      -0.22507095336914062     
 -0.76747608184814453      -0.96753215789794922     
  0.69334602355957031      -0.93092727661132812     
  -8.9322090148925781E-002  0.77155780792236328     
 -0.41998815536499023      -0.73996829986572266     
 -0.63987302780151367      -0.34002780914306641     
 -0.84052753448486328      -0.74069881439208984     
 -0.91908645629882812       0.92111396789550781     
 -0.83320665359497070       0.30021953582763672     
 -0.20729303359985352        2.9887676239013672E-002
  0.32800531387329102       0.78723001480102539     
  0.97958421707153320      -0.12797021865844727     
 -0.79048061370849609       0.39260864257812500     
  0.57593965530395508      -0.17907047271728516     
  0.36336946487426758      -0.84452533721923828     
   6.5194129943847656E-002 -0.27911949157714844     
  0.84445524215698242       0.75955104827880859     
 -0.22437524795532227       0.92673158645629883     
 -0.41526174545288086       0.69940185546875000     
  0.84809350967407227       -8.6576938629150391E-002
  0.90152454376220703       -7.2173118591308594E-002
  0.99316501617431641       0.12550640106201172     
 -0.60675525665283203       0.26467037200927734     
  0.31894350051879883       0.48686695098876953     
  0.77609682083129883      -0.13735342025756836     
 -0.49269819259643555      -0.77070856094360352     
  0.70591354370117188       0.29385709762573242     
  0.85958385467529297      -0.97246551513671875     
 -0.22052478790283203      -0.35686445236206055     
  0.18564987182617188       0.22073888778686523     
  -3.8028717041015625E-002  0.85492897033691406     
  0.79245519638061523       0.80019712448120117     
  0.91424322128295898      -0.30870246887207031     
 -0.35636281967163086       0.61347579956054688     
  0.68790102005004883      -0.44682312011718750     
  0.24949073791503906      -0.80793762207031250     
  0.99999427795410156       0.90921401977539062     
 -0.83834266662597656       -2.1737575531005859E-002
  0.65846967697143555       0.90004587173461914     
 -0.92656183242797852      -0.71754837036132812     
  0.16928386688232422      -0.83830785751342773     
  0.56240701675415039       0.37590074539184570     
 -0.22991609573364258      -0.19801521301269531     
  -3.6482334136962891E-002  0.84503316879272461     
  0.47775697708129883      -0.33285570144653320     
 -0.29896020889282227      -0.62154912948608398     
 -0.36995553970336914       0.16269588470458984     
  0.43653631210327148       0.87094259262084961     
  -6.3339233398437500E-002 -0.53593015670776367     
  0.62617969512939453       0.20726680755615234     
 -0.45996284484863281      -0.59253978729248047     
 -0.81089591979980469      -0.72163391113281250     
 -0.49726057052612305       0.54527330398559570     
  0.41164064407348633       0.45013856887817383     
 -0.51702356338500977       0.39261245727539062     
  0.63836288452148438       0.96632766723632812     
 -0.92858076095581055      -0.65107297897338867     
 -0.58332014083862305       0.13935089111328125     
   7.2313785552978516E-002 -0.61546754837036133     
 -0.15624237060546875        3.7269592285156250E-002
  0.39730834960937500      -0.43561458587646484     
  0.62769412994384766      -0.33942365646362305     
 -0.68847417831420898       0.81656885147094727     
   8.0652236938476562E-002 -0.47376012802124023     
 -0.48352527618408203      -0.60164308547973633     
  0.18707561492919922       0.18602085113525391     
  0.45380020141601562      -0.97587156295776367     
  0.53442096710205078        1.3221740722656250E-002
  0.21788215637207031       -4.8499584197998047E-002
  0.87045383453369141      -0.27628421783447266     
  0.49841928482055664       0.93470001220703125     
 -0.48927259445190430       0.79770040512084961     
  0.95108270645141602       0.85111618041992188     
  0.71767282485961914       -6.9766998291015625E-002
 -0.57156944274902344      -0.36746454238891602     
   2.5788784027099609E-002 -0.56544160842895508     
  0.62725734710693359       0.31931686401367188     
  0.76164293289184570       0.93466520309448242     
  0.91850614547729492      -0.66672849655151367     
  0.29635238647460938       0.79563379287719727     
  0.22081756591796875      -0.71139669418334961     
 -0.43767881393432617       -6.0590267181396484E-002
 -0.33324098587036133      -0.77687740325927734     
 -0.97494602203369141        8.2442283630371094E-002
 -0.38609743118286133       0.86306142807006836     
 -0.52341794967651367       0.91964149475097656     
  0.42245912551879883       0.27388334274291992     
 -0.84147500991821289      -0.66350936889648438     
  0.39863395690917969      -0.15173435211181641     
 -0.19580602645874023      -0.90643358230590820     
 -0.42355108261108398      -0.61815738677978516     
  0.63061904907226562       0.81518411636352539     
  0.80524921417236328      -0.17263984680175781     
  0.44521570205688477       0.74821996688842773     
 -0.65950536727905273      -0.30326175689697266     
 -0.91757249832153320       0.36437416076660156     
   4.3762207031250000E-002 -0.48790550231933594     
 -0.22251462936401367       0.20462846755981445     
 -0.80185461044311523      -0.76497364044189453     
 -0.90727758407592773      -0.60867309570312500     
   3.4664154052734375E-002  0.60745763778686523     
 -0.45862436294555664       -9.1681003570556641E-002
 -0.88075733184814453      -0.88669109344482422     
 -0.61607980728149414      -0.45056343078613281     
 -0.61391067504882812        4.0230751037597656E-003
 -0.38283872604370117      -0.36482906341552734     
  0.32235002517700195      -0.25987672805786133     
  0.25761318206787109      -0.29520797729492188     
  0.44187879562377930       0.66087341308593750     
 -0.69364643096923828      -0.10934877395629883     
  0.17530393600463867       0.33368396759033203     
  0.23122739791870117       0.24586725234985352     
  0.29636669158935547      -0.95735025405883789     
 -0.18351268768310547      -0.29621744155883789     
 -0.52221488952636719      -0.86104297637939453     
  0.45659780502319336        4.5299530029296875E-002
 -0.64675235748291016        3.5603523254394531E-002
  0.39108419418334961       0.95563125610351562     
 -0.70388269424438477      -0.15210437774658203     
 -0.41258859634399414      -0.36999177932739258     
 -0.44397258758544922       0.15335083007812500     
 -0.63121271133422852      -0.78696537017822266     
 -0.52110528945922852      -0.21410751342773438     
 -0.50320339202880859       0.66264438629150391     
 -0.93273448944091797      -0.46541738510131836     
 -0.26867246627807617       0.42324209213256836     
 -0.56449604034423828       0.51992130279541016     
  0.31803655624389648      -0.75720977783203125     
 -0.42304372787475586       -9.4239711761474609E-002
  0.11874341964721680      -0.27146434783935547     
 -0.49386930465698242      -0.45689153671264648     
 -0.97409677505493164       0.35698843002319336     
  -8.8151931762695312E-002  0.43263435363769531     
 -0.71320199966430664      -0.78497314453125000     
  0.95823955535888672      -0.86242485046386719     
 -0.76891994476318359       0.76828145980834961     
  0.51031208038330078       0.82140779495239258     
 -0.59712553024291992       0.11220216751098633     
 -0.21287155151367188       0.27184677124023438     
  0.93204355239868164       0.86140012741088867     
 -0.44212770462036133      -0.83356523513793945     
  0.26959514617919922      -0.91302251815795898     
  0.83765983581542969       0.55155134201049805     
  -7.3092460632324219E-002 -0.45935964584350586     
 -0.45108366012573242       0.64420700073242188     
 -0.81150150299072266      -0.90441322326660156     
 -0.47188472747802734      -0.96096038818359375     
 -0.85390281677246094       0.45628309249877930     
  0.75107383728027344      -0.69891977310180664     
 -0.74064874649047852       -7.7156543731689453E-002
 -0.76978874206542969       0.16493368148803711     
   4.6811103820800781E-002  0.76103878021240234     
  0.78331613540649414      -0.80036115646362305     
  0.33801174163818359       0.96973848342895508     
  0.39500379562377930       0.82900714874267578     
 -0.87174987792968750       0.50401306152343750     
  0.95029163360595703      -0.44777870178222656     
  0.18347263336181641      -0.36866426467895508     
 -0.13903951644897461      -0.83349943161010742     
 -0.61990594863891602      -0.75318717956542969     
 -0.81196355819702148      -0.66392993927001953     
 -0.66424131393432617        9.7506999969482422E-002
  0.80360031127929688       0.11661291122436523     
  -8.5884571075439453E-002  0.53997755050659180     
 -0.59510564804077148        6.6905498504638672E-002
  0.48098754882812500       -3.7810325622558594E-002
  0.52939367294311523      -0.47908687591552734     
  -1.2243270874023438E-002  0.23388099670410156     
  0.84372806549072266       0.54369974136352539     
  -3.3300876617431641E-002  0.31474113464355469     
 -0.14287567138671875       0.69474887847900391     
  0.65043973922729492       -5.2152633666992188E-002
 -0.52271699905395508       0.69840574264526367     
  0.10899257659912109      -0.16016006469726562     
  0.19357109069824219      -0.64353179931640625     
  0.16364955902099609       0.46611452102661133     
  -8.2721710205078125E-003  0.97731447219848633     
 -0.26823091506958008      -0.15651464462280273     
 -0.53525495529174805       -2.9263019561767578E-002
  0.17731428146362305       0.12271833419799805     
  0.53318738937377930      -0.71724987030029297     
 -0.81227588653564453        8.5280895233154297E-002
 -0.68168449401855469       0.93079328536987305     
 -0.15640830993652344      -0.75063943862915039     
   6.4158439636230469E-003 -0.16348695755004883     
  0.27770042419433594      -0.68473434448242188     
 -0.32982826232910156       0.58338117599487305     
  0.89120960235595703       0.56055259704589844     
 -0.78691720962524414       0.28831338882446289     
 -0.31298208236694336      -0.28957128524780273     
 -0.82341194152832031       0.92049312591552734     
  0.73155069351196289      -0.82037448883056641     
  -3.0009746551513672E-002 -0.37161159515380859     
  0.32860517501831055       0.86989450454711914     
  0.32282209396362305      -0.32501840591430664     
 -0.57742452621459961      -0.77203655242919922     
  0.38193082809448242      -0.88226938247680664     
 -0.29507732391357422       0.63933563232421875     
 -0.68512296676635742      -0.85370159149169922     
 -0.15990829467773438       0.42915534973144531     
  0.81818437576293945      -0.76961040496826172     
 -0.83438920974731445       0.42401218414306641     
  0.37520027160644531       -4.2033195495605469E-003
 -0.64493370056152344       0.60380506515502930     
  0.15786266326904297      -0.79936075210571289     
 -0.85321664810180664       -7.2889328002929688E-003
 -0.49846506118774414       0.30384063720703125     
  0.65171241760253906      -0.66191816329956055     
 -0.85701847076416016        9.3286514282226562E-002
 -0.13274765014648438       0.91087675094604492     
 -0.89219379425048828       0.90295457839965820     
  -3.6406993865966797E-002  0.11431360244750977     
 -0.72376203536987305      -0.26170206069946289     
 -0.42056512832641602      -0.43098545074462891     
  0.43088340759277344      -0.14144611358642578     
  0.71631813049316406      -0.83795881271362305     
  0.43052482604980469      -0.16900300979614258     
 -0.42659807205200195       0.16709947586059570     
  0.44492244720458984      -0.18456840515136719     
  -3.3540725708007812E-002  0.28547573089599609     
  -5.4206848144531250E-003  0.89551258087158203     
  0.88572168350219727       0.32547616958618164     
  0.28146743774414062       0.62455081939697266     
  0.82907772064208984       0.31263017654418945     
  0.38056850433349609       0.21491003036499023     
  -6.0148239135742188E-003  0.91504478454589844     
 -0.83707904815673828      -0.78317832946777344     
 -0.87816619873046875       0.66378211975097656     
  0.19214153289794922      -0.67557287216186523     
 -0.34551191329956055       0.98351621627807617     
  -3.5862922668457031E-002 -0.74024486541748047     
  0.70627069473266602       0.29270648956298828     
 -0.47810697555541992       0.46215438842773438     
 -0.56360673904418945      -0.53152561187744141     
  0.65029668807983398      -0.45728969573974609     
  0.33653306961059570       0.11563110351562500     
 -0.58034944534301758        7.4576377868652344E-002
 -0.59189748764038086       -1.8630027770996094E-002
  0.88977956771850586       0.52904415130615234     
 -0.35150909423828125       0.18687725067138672     
  0.84763574600219727       0.22104120254516602     
 -0.95968532562255859       0.56874799728393555     
  0.95149993896484375      -0.13680124282836914     
  0.78818655014038086      -0.94771432876586914     
 -0.23397207260131836      -0.36450195312500000     
 -0.17746543884277344      -0.65927648544311523     
 -0.45647621154785156        9.9043846130371094E-003
  0.46991825103759766       -7.7995300292968750E-002
 -0.86644172668457031      -0.27908706665039062     
 -0.61378812789916992        6.8321704864501953E-002
  0.28723764419555664      -0.39383602142333984     
  0.79844617843627930      -0.50780248641967773     
 -0.62948274612426758       0.28685379028320312     
 -0.84267044067382812      -0.76052999496459961     
 -0.22602701187133789      -0.83438634872436523     
  0.47643327713012695      -0.58469486236572266     
 -0.95975542068481445      -0.60634994506835938     
 -0.92123842239379883       0.74649238586425781     
  0.30547857284545898       0.18265676498413086     
  -7.9962253570556641E-002   7.4552059173583984E-002
 -0.99924421310424805      -0.29742717742919922     
 -0.85602998733520508       0.70697784423828125     
  0.17931795120239258      -0.20085287094116211     
  0.26945114135742188       0.67025756835937500     
 -0.97901678085327148      -0.32709980010986328     
  0.43537092208862305      -0.72013425827026367     
  0.70385169982910156      -0.35692310333251953     
 -0.80515289306640625      -0.20016431808471680     
 -0.16060781478881836       0.66552734375000000     
 -0.47426652908325195      -0.99487400054931641     
 -0.84008026123046875       0.77587175369262695     
   7.7250957489013672E-002  0.36223506927490234     
   9.1894626617431641E-002  0.47930574417114258     
 -0.30139636993408203       0.43201398849487305     
  0.86392116546630859       -7.5861930847167969E-002
  0.99193191528320312      -0.59671545028686523     
 -0.99608469009399414       0.80646038055419922     
  0.18404388427734375      -0.76938772201538086     
  0.90425157546997070      -0.23766756057739258     
 -0.47359752655029297       0.24651622772216797     
 -0.80115652084350586       0.96919584274291992     
 -0.72306108474731445      -0.48184204101562500     
 -0.31874132156372070       0.91971635818481445     
 -0.32305240631103516       0.46594476699829102     
 -0.86438035964965820       0.36613655090332031     
 -0.34088087081909180       0.81624221801757812     
  0.58572721481323242       0.31903314590454102     
  -2.6593208312988281E-003 -0.69386720657348633     
  0.17861986160278320        6.5463066101074219E-002
  0.24057769775390625      -0.60904359817504883     
 -0.18930292129516602       0.39221000671386719     
 -0.12473154067993164      -0.36099386215209961     
  0.77708721160888672       0.50662612915039062     
  0.87060785293579102       0.31015872955322266     
  0.84356927871704102      -0.12963151931762695     
 -0.71097469329833984       0.64878559112548828     
  0.14506196975708008        6.1793804168701172E-002
  0.57157421112060547       0.44784116744995117     
  0.86729526519775391       0.63210010528564453     
 -0.29040288925170898      -0.79978895187377930     
  -5.0799846649169922E-002  0.21354293823242188     
 -0.97786426544189453      -0.95918369293212891     
  0.99968862533569336      -0.22929859161376953     
  0.18532276153564453       0.72550058364868164     
 -0.50674676895141602      -0.88841867446899414     
  0.35422611236572266      -0.51894855499267578     
   3.5318374633789062E-002 -0.40370988845825195     
  0.85587644577026367       0.71789598464965820     
 -0.32082653045654297      -0.12951993942260742     
 -0.83965873718261719      -0.13991832733154297     
  0.40002012252807617      -0.85706281661987305     
 -0.65089178085327148       0.46512889862060547     
 -0.57678937911987305       -9.8638057708740234E-002
  0.19741821289062500        1.0402202606201172E-002
  0.82993650436401367       0.74576997756958008     
  0.16025257110595703      -0.62926816940307617     
 -0.10952568054199219      -0.79427099227905273     
  0.68765306472778320      -0.60738372802734375     
 -0.29098844528198242      -0.64205884933471680     
  0.92066287994384766      -0.41633224487304688     
  0.70653200149536133       0.68392562866210938     
  0.74406433105468750      -0.50366830825805664     
  0.85241317749023438       0.51004123687744141     
  0.27056169509887695      -0.66402387619018555     
 -0.24812650680541992      -0.25698184967041016     
  0.90970516204833984      -0.57978582382202148     
 -0.45385789871215820        1.7766952514648438E-002
  0.60955429077148438       0.78323507308959961     
 -0.16703271865844727       0.68329524993896484     
  0.14595508575439453      -0.92563343048095703     
  0.88294124603271484      -0.40070343017578125     
 -0.61504888534545898       0.87797307968139648     
   9.6648216247558594E-002  0.37121200561523438     
  0.96455621719360352      -0.70359563827514648     
  0.67390108108520508       0.25986528396606445     
 -0.43774509429931641       0.82147550582885742     
  0.54602527618408203      -0.95231056213378906     
  0.52290964126586914       0.54471588134765625     
 -0.95419120788574219       0.91599225997924805     
 -0.91730499267578125       0.86243915557861328     
 -0.98018312454223633        7.0130348205566406E-002
  0.68510627746582031       0.58452081680297852     
   4.9221992492675781E-002 -0.71860742568969727     
  0.36917781829833984       0.77324628829956055     
  -4.7865867614746094E-002 -0.47654247283935547     
  0.75172710418701172       0.28362083435058594     
  0.81747007369995117      -0.77425909042358398     
 -0.96456384658813477       0.57724618911743164     
 -0.21995353698730469      -0.75218725204467773     
  -9.9849700927734375E-003  0.18424320220947266     
  0.57687044143676758      -0.53597402572631836     
 -0.11489915847778320       0.89410781860351562     
 -0.72792148590087891      -0.17353153228759766     
 -0.54060649871826172        3.3012866973876953E-002
  0.84803009033203125       0.84523296356201172     
 -0.16502809524536133       0.37982177734375000     
 -0.32874107360839844       0.85634136199951172     
  0.52973937988281250      -0.66681814193725586     
  0.78919696807861328        3.7620067596435547E-002
  0.28150129318237305      -0.80190134048461914     
  0.44434404373168945        9.3061923980712891E-002
   9.6836090087890625E-002 -0.47086381912231445     
  0.19899606704711914       0.53269958496093750     
 -0.91516828536987305       0.77462673187255859     
 -0.84398031234741211      -0.76997089385986328     
 -0.89844799041748047      -0.21114826202392578     
 -0.76296424865722656       0.86597919464111328     
  0.51310586929321289      -0.22878217697143555     
  0.86014890670776367       0.52525663375854492     
  -1.1572360992431641E-002 -0.49569320678710938     
  0.88784599304199219        3.2769203186035156E-002
  0.75837659835815430        3.7114143371582031E-002
 -0.21493005752563477      -0.32931423187255859     
 -0.78311634063720703       0.17144393920898438     
 -0.54037427902221680       -6.6888332366943359E-002
 -0.18908023834228516       0.13423156738281250     
   3.7913322448730469E-002 -0.78829288482666016     
 -0.83533620834350586       0.50585031509399414     
 -0.17363309860229492      -0.24749040603637695     
  0.43064546585083008      -0.13910865783691406     
   3.3612251281738281E-003  0.49709606170654297     
  0.69503879547119141      -0.47726964950561523     
  0.53478050231933594        5.9404850006103516E-002
  0.42073440551757812      -0.71289110183715820     
  0.44336986541748047      -0.27469348907470703     
 -0.77177476882934570       0.78251075744628906     
 -0.34090328216552734       0.44306516647338867     
  0.60091304779052734      -0.45393943786621094     
  0.64175033569335938      -0.10128164291381836     
 -0.23330259323120117       0.88407278060913086     
  0.61314773559570312      -0.82026672363281250     
 -0.21596717834472656       0.24615097045898438     
 -0.93618440628051758      -0.45062732696533203     
  0.30971288681030273      -0.65105581283569336     
 -0.29401063919067383       0.56522703170776367     
 -0.22134590148925781      -0.15469074249267578     
  0.11745595932006836        8.2551479339599609E-002
 -0.55140876770019531       0.47750902175903320     
 -0.50136756896972656      -0.48183202743530273     
 -0.15067768096923828      -0.43782091140747070     
 -0.45436334609985352      -0.48112249374389648     
 -0.22072410583496094       0.29570341110229492     
 -0.10479259490966797       0.75717210769653320     
 -0.20325422286987305       -8.5719108581542969E-002
 -0.67904758453369141      -0.74669361114501953     
  0.32846212387084961       0.46696424484252930     
  0.27572870254516602       0.17290830612182617     
   7.2570800781250000E-002 -0.29693937301635742     
 -0.65704727172851562      -0.99078559875488281     
 -0.12909746170043945       0.26385164260864258     
  0.55503654479980469       0.50344657897949219     
 -0.56862401962280273      -0.86106157302856445     
  0.14308929443359375       0.90458202362060547     
 -0.68474912643432617      -0.57138109207153320     
  0.80108785629272461      -0.11145496368408203     
  0.78288078308105469      -0.11493253707885742     
  0.33198642730712891      -0.29801702499389648     
 -0.77019309997558594      -0.62768173217773438     
  0.55895280838012695       0.32343101501464844     
  -8.7282180786132812E-002 -0.94445228576660156     
  0.59476900100708008       0.28870105743408203     
  0.20312738418579102       -3.1767845153808594E-002
   7.8162670135498047E-002 -0.31806945800781250     
  0.20914459228515625      -0.90518474578857422     
  0.56473636627197266      -0.47018241882324219     
 -0.35263776779174805      -0.78003120422363281     
   1.6507148742675781E-002 -0.56429624557495117     
 -0.12569713592529297      -0.58596515655517578     
 -0.31611728668212891      -0.97650146484375000     
  -5.6284904479980469E-002   2.6003837585449219E-002
 -0.94895458221435547       0.92378044128417969     
  -1.7350196838378906E-002  0.40110349655151367     
 -0.65259933471679688      -0.23108386993408203     
  0.17997789382934570       0.89336967468261719     
  0.87180662155151367       0.46110296249389648     
 -0.23640918731689453       0.67369031906127930     
  0.71619510650634766      -0.90668725967407227     
 -0.68993949890136719       0.18739223480224609     
 -0.49866914749145508       0.86876869201660156     
 -0.59888124465942383       0.60611724853515625     
 -0.98642110824584961      -0.77488613128662109     
  0.49078083038330078       0.55837392807006836     
  0.59492540359497070       0.91746902465820312     
  -9.5364093780517578E-002 -0.78251743316650391     
  0.23637390136718750       0.73823595046997070     
 -0.46559667587280273       0.72277688980102539     
 -0.28097343444824219      -0.31761169433593750     
  -9.4591617584228516E-002  0.19876813888549805     
  0.70405530929565430      -0.93805217742919922     
  0.16221952438354492       0.42878341674804688     
  0.56302165985107422       0.70551872253417969     
 -0.34331083297729492       -2.4726867675781250E-002
  0.42283678054809570       0.61779737472534180     
 -0.67808628082275391      -0.59023427963256836     
  -6.0131072998046875E-002 -0.61889839172363281     
  0.17936611175537109       0.61266708374023438     
 -0.90362262725830078       0.82107830047607422     
 -0.13240385055541992       0.69616031646728516     
  0.36695289611816406      -0.62045764923095703     
  -2.4288654327392578E-002 -0.21272230148315430     
  0.78260850906372070      -0.69321775436401367     
 -0.90639686584472656       0.18939447402954102     
 -0.84166574478149414       0.12824249267578125     
 -0.62378358840942383        6.9748878479003906E-002
  0.27291488647460938       0.88546848297119141     
   7.5115680694580078E-002  0.47640705108642578     
  0.97496223449707031       0.19813251495361328     
   1.5801906585693359E-002 -0.41226100921630859     
 -0.86935329437255859       0.78581905364990234     
 -0.73562955856323242       0.27560758590698242     
  0.14157390594482422      -0.56034183502197266     
  0.34168481826782227       0.70121192932128906     
 -0.72725582122802734      -0.98590898513793945     
 -0.16628694534301758      -0.78222656250000000     
 -0.87868833541870117      -0.10976552963256836     
 -0.82527399063110352      -0.37628078460693359     
 -0.15100145339965820       0.12396383285522461     
 -0.53875684738159180      -0.88409233093261719     
 -0.93409204483032227       0.71864986419677734     
  0.35291385650634766      -0.57076120376586914     
 -0.78268766403198242      -0.62768602371215820     
  0.48466491699218750      -0.23325395584106445     
 -0.29300022125244141      -0.45150470733642578     
 -0.43184852600097656       -7.1895599365234375E-002
 -0.34436941146850586       0.18433952331542969     
  0.19667816162109375      -0.42303800582885742     
   7.4248313903808594E-003  0.79461145401000977     
 -0.95832872390747070      -0.62865543365478516     
  0.18952226638793945      -0.69426631927490234     
 -0.53344678878784180       0.36452007293701172     
  0.49294614791870117       0.94751596450805664     
  0.90701341629028320       0.17691278457641602     
 -0.62257862091064453       0.32279586791992188     
 -0.76507949829101562      -0.68417644500732422     
 -0.94809293746948242      -0.59768676757812500     
  0.68150568008422852        6.7793846130371094E-002
 -0.58534526824951172       0.10957717895507812     
 -0.33200883865356445       -7.2061061859130859E-002
  0.87434244155883789      -0.92558431625366211     
 -0.28909158706665039      -0.75502014160156250     
  0.38319683074951172       0.39272928237915039     
  0.60822868347167969       0.50145196914672852     
  -9.1405391693115234E-002 -0.24746847152709961     
  0.79926729202270508      -0.70928716659545898     
 -0.98596334457397461       0.91830968856811523     
   3.1920909881591797E-002  0.50040674209594727     
  0.33620405197143555       0.58756923675537109     
 -0.71855068206787109      -0.67749214172363281     
 -0.60877990722656250       0.23643064498901367     
 -0.30397319793701172      -0.87108373641967773     
 -0.29789257049560547      -0.67782878875732422     
 -0.26309728622436523       0.13063097000122070     
 -0.48109912872314453       0.16810560226440430     
 -0.64390563964843750      -0.12117528915405273     
 -0.58697366714477539       0.73863506317138672     
  0.24457597732543945       0.59157514572143555     
  0.61016988754272461      -0.86750316619873047     
 -0.12057924270629883      -0.57405757904052734     
 -0.18289470672607422        9.2896461486816406E-002
 -0.68534421920776367      -0.57609510421752930     
 -0.42578029632568359       -8.5397720336914062E-002
  0.72513866424560547      -0.58860254287719727     
 -0.64050912857055664       0.96955871582031250     
 -0.61916589736938477      -0.31934022903442383     
  0.85051298141479492       0.57870531082153320     
  0.30414676666259766      -0.19920969009399414     
 -0.10957002639770508       0.46292829513549805     
  0.43618059158325195       0.89148712158203125     
 -0.77500963211059570       0.41943836212158203     
 -0.49571180343627930       0.57914257049560547     
 -0.34374618530273438       0.66204786300659180     
 -0.95868921279907227      -0.68584299087524414     
 -0.95546007156372070      -0.41095829010009766     
 -0.96844816207885742      -0.70780611038208008     
  -9.3475818634033203E-002  0.95497512817382812     
  0.27485179901123047      -0.55919885635375977     
 -0.45062065124511719       0.42393112182617188     
 -0.98857593536376953      -0.98993873596191406     
  0.10525274276733398       0.98371696472167969     
 -0.66432523727416992       0.68658494949340820     
 -0.56577062606811523      -0.89966201782226562     
 -0.61436748504638672       0.32795143127441406     
 -0.11929845809936523       0.95758342742919922     
  0.10756015777587891      -0.23526144027709961     
  -3.6500930786132812E-002  0.53338718414306641     
  0.64303302764892578      -0.53678512573242188     
  0.25278663635253906       0.58705711364746094     
  0.67524480819702148       0.84607839584350586     
   4.3510913848876953E-002 -0.71193790435791016     
  0.46554470062255859       0.41134405136108398     
 -0.53375577926635742      -0.83281517028808594     
  0.87859582901000977       0.56515264511108398     
  0.52740573883056641       0.10989189147949219     
  0.96096467971801758       0.93406009674072266     
  0.75374269485473633       0.15863561630249023     
  0.19357061386108398      -0.65730619430541992     
  0.65714263916015625       0.60074758529663086     
  0.76749563217163086      -0.69302320480346680     
  0.36360073089599609      -0.95503902435302734     
  0.66284322738647461       0.40906238555908203     
 -0.88218259811401367      -0.84093809127807617     
  0.36037254333496094       0.78374099731445312     
  0.34080982208251953       -7.1969032287597656E-003
 -0.95402479171752930      -0.29212284088134766     
  0.29478406906127930       0.43781518936157227     
  0.36407804489135742      -0.93880224227905273     
 -0.44227313995361328       0.71637392044067383     
  0.10194110870361328      -0.67034626007080078     
 -0.50343894958496094       0.70234489440917969     
  0.31570911407470703       0.12944555282592773     
 -0.40842866897583008      -0.45423316955566406     
 -0.29196166992187500      -0.99677562713623047     
 -0.80599308013916016      -0.32449150085449219     
  0.27775192260742188       0.18450880050659180     
 -0.95385026931762695       0.64409589767456055     
 -0.67323827743530273       0.88654327392578125     
  0.13407182693481445      -0.65434217453002930     
  0.47566127777099609       0.44503927230834961     
 -0.22223138809204102       0.96223163604736328     
  0.23033094406127930      -0.82324314117431641     
 -0.24398183822631836      -0.60165357589721680     
   1.0278224945068359E-002  0.74738645553588867     
 -0.67042827606201172       0.11764860153198242     
 -0.67747259140014648      -0.27479743957519531     
 -0.51999807357788086       0.39754629135131836     
 -0.43535375595092773      -0.98880338668823242     
 -0.81351137161254883      -0.68114471435546875     
   3.5586357116699219E-003 -0.18627643585205078     
 -0.74725294113159180       0.92374897003173828     
 -0.54691362380981445        2.8206348419189453E-002
   6.8879604339599609E-002 -0.33361005783081055     
 -0.98237419128417969      -0.76101398468017578     
 -0.35510492324829102      -0.24109888076782227     
 -0.14841365814208984      -0.38642072677612305     
 -0.56837606430053711      -0.69608688354492188     
  0.87088108062744141       0.90010547637939453     
   7.3256969451904297E-002 -0.76511287689208984     
  0.74919462203979492      -0.28395462036132812     
 -0.42301368713378906       0.41195440292358398     
 -0.28019475936889648       0.76956462860107422     
   7.9363346099853516E-002 -0.13751029968261719     
  0.86815643310546875      -0.89132404327392578     
 -0.47599458694458008       -3.4429073333740234E-002
 -0.64607858657836914      -0.63760519027709961     
 -0.22964763641357422       0.31423091888427734     
 -0.71395492553710938       0.55991268157958984     
  0.45941686630249023      -0.57872915267944336     
 -0.69383811950683594       0.66966199874877930     
 -0.99063348770141602       0.42970275878906250     
   1.7533779144287109E-002  0.69270706176757812     
  0.32947826385498047      -0.45142126083374023     
  0.96907186508178711      -0.80781793594360352     
 -0.99169683456420898       0.55795383453369141     
 -0.46782493591308594      -0.72868490219116211     
  0.99372720718383789      -0.42106914520263672     
 -0.90168428421020508      -0.60028219223022461     
 -0.93860721588134766       0.83633375167846680     
  0.26350736618041992       0.77230453491210938     
  0.12561893463134766      -0.71787691116333008     
  0.64676332473754883       0.15224456787109375     
  0.77890634536743164      -0.91668844223022461     
 -0.77565145492553711      -0.36866378784179688     
 -0.12902164459228516      -0.46513032913208008     
  0.55490636825561523       0.31898164749145508     
 -0.86989927291870117      -0.39617109298706055     
 -0.44713258743286133      -0.95565557479858398     
  0.30299997329711914       0.52351951599121094     
  0.79677438735961914      -0.60706615447998047     
 -0.95946264266967773       0.31920671463012695     
  0.91188049316406250       -2.1562576293945312E-002
 -0.39939498901367188      -0.62540864944458008     
  0.75978994369506836      -0.20805501937866211     
 -0.77422428131103516      -0.38722848892211914     
 -0.14319801330566406      -0.72654581069946289     
  0.95074415206909180      -0.83641576766967773     
  0.36549997329711914       0.96411943435668945     
  -4.3540477752685547E-002  0.22236680984497070     
 -0.68034458160400391      -0.54666948318481445     
  0.13340330123901367       0.11104583740234375     
  0.34846210479736328       0.60592412948608398     
 -0.23090505599975586      -0.81726312637329102     
  0.25962257385253906      -0.52301597595214844     
 -0.32548141479492188      -0.36489677429199219     
 -0.81737279891967773       0.41818714141845703     
  0.47696304321289062       0.32068061828613281     
 -0.31983661651611328       0.51040554046630859     
  0.38707304000854492      -0.46260786056518555     
  0.95690727233886719       0.74601984024047852     
  0.35769081115722656      -0.28273153305053711     
  0.13687372207641602       0.44448184967041016     
  0.41242218017578125      -0.41657209396362305     
  0.67757940292358398        8.2891941070556641E-002
 -0.83095884323120117        7.7618598937988281E-002
  0.54073095321655273        7.2593212127685547E-002
   7.8491687774658203E-002 -0.78935003280639648     
 -0.60347986221313477      -0.68226909637451172     
 -0.89176988601684570        2.7204513549804688E-002
 -0.76631355285644531       0.57184410095214844     
  0.98752641677856445      -0.63869237899780273     
 -0.50076055526733398      -0.28138065338134766     
  0.83627176284790039      -0.77477025985717773     
  0.44317817687988281       0.50115537643432617     
  0.92102146148681641      -0.38602113723754883     
  0.15074968338012695      -0.34805917739868164     
  0.17451333999633789      -0.95403528213500977     
 -0.46701097488403320       0.95137023925781250     
 -0.31871461868286133      -0.63177013397216797     
 -0.15548944473266602       0.69574880599975586     
 -0.54261970520019531       0.19097805023193359     
 -0.22783088684082031       0.84910821914672852     
  0.96492147445678711      -0.56254100799560547     
 -0.62217903137207031      -0.95681047439575195     
  0.89207029342651367      -0.97248220443725586     
 -0.50091218948364258      -0.82966232299804688     
 -0.13062334060668945       0.62111234664916992     
 -0.95707607269287109       0.42311954498291016     
 -0.62796497344970703      -0.20714950561523438     
  0.44120788574218750      -0.61639213562011719     
  0.29820919036865234        2.5300979614257812E-003
  0.52341079711914062       0.97274541854858398     
  0.93295335769653320       0.15293598175048828     
  0.40216064453125000      -0.88600540161132812     
  0.91255331039428711      -0.71173906326293945     
 -0.19405126571655273       0.58085298538208008     
  0.39623117446899414      -0.53540849685668945     
 -0.60573530197143555      -0.58869361877441406     
 -0.17176961898803711      -0.92484235763549805     
  0.17712545394897461       0.94774818420410156     
  0.80944442749023438       0.33806324005126953     
 -0.16319370269775391      -0.79652357101440430     
  0.83144235610961914        5.9065818786621094E-002
  0.72071123123168945      -0.99937343597412109     
 -0.46883773803710938       0.24772500991821289     
 -0.47845458984375000       0.61751604080200195     
  0.59466171264648438       0.48112297058105469     
  0.23557806015014648      -0.63698244094848633     
  0.24369335174560547      -0.23922204971313477     
 -0.60452985763549805      -0.32974576950073242     
  -3.0271530151367188E-002 -0.76807451248168945     
  0.97611570358276367      -0.41984844207763672     
 -0.38878583908081055      -0.32063436508178711     
 -0.90034437179565430       -8.5195064544677734E-002
  0.12723016738891602       0.36175203323364258     
  -2.9372215270996094E-002  0.34730529785156250     
 -0.83213186264038086       0.36311960220336914     
  0.95700311660766602       0.35566902160644531     
 -0.26542139053344727      -0.93611574172973633     
  0.70950651168823242       0.68220043182373047     
 -0.25172567367553711      -0.75035524368286133     
  0.78389787673950195       0.97468042373657227     
 -0.54305076599121094       0.94989585876464844     
  0.90597438812255859       0.71532821655273438     
  0.52446365356445312       0.66512966156005859     
  0.83528327941894531       0.61155414581298828     
  0.39418792724609375      -0.87590456008911133     
  0.67667675018310547       0.91221094131469727     
 -0.46872234344482422       0.18744373321533203     
  0.37310981750488281       0.86298990249633789     
  0.27795791625976562      -0.35568809509277344     
  -4.3845653533935547E-002 -0.91112136840820312     
  0.79058122634887695      -0.70081424713134766     
 -0.57842826843261719       0.35914802551269531     
  0.20104742050170898      -0.99283266067504883     
 -0.53372287750244141      -0.27437257766723633     
  0.62593126296997070        2.7312755584716797E-002
 -0.95108127593994141      -0.81664943695068359     
  0.57474565505981445      -0.24439430236816406     
  0.46675014495849609       0.67437791824340820     
  0.27046728134155273      -0.25006914138793945     
 -0.90704488754272461      -0.69794607162475586     
 -0.37412977218627930        8.4838867187500000E-003
  0.59119606018066406       0.23811244964599609     
  -4.0778160095214844E-002  0.64940643310546875     
  0.57883310317993164       0.45328330993652344     
  0.34049034118652344       0.62311553955078125     
  0.70645475387573242      -0.61489152908325195     
 -0.47802877426147461      -0.22930765151977539     
   2.8419971466064453E-002 -0.34407615661621094     
 -0.88224601745605469        9.3736648559570312E-002
 -0.56334972381591797      -0.21271610260009766     
  0.88485240936279297      -0.28355360031127930     
  0.32153224945068359       -5.2819252014160156E-003
 -0.77047634124755859       0.61105251312255859     
  -3.2917499542236328E-002  0.75840997695922852     
  0.60116100311279297      -0.28653860092163086     
  0.14625597000122070       0.13189172744750977     
  0.70624399185180664      -0.15181541442871094     
  0.43860197067260742      -0.40893554687500000     
 -0.97379970550537109      -0.64507627487182617     
  0.20643186569213867      -0.49740123748779297     
  0.17834424972534180      -0.56162738800048828     
  0.73254728317260742       -7.6420783996582031E-002
 -0.40299844741821289       0.81164169311523438     
 -0.73695421218872070        1.5096664428710938E-002
 -0.26309013366699219       0.24416017532348633     
 -0.39394426345825195       0.97890949249267578     
  0.53490781784057617       0.20037078857421875     
 -0.36501693725585938      -0.83216190338134766     
 -0.14384126663208008       0.46523857116699219     
 -0.73468160629272461       0.21363306045532227     
  0.53331375122070312      -0.59074687957763672     
 -0.67985916137695312      -0.39262580871582031     
 -0.85433959960937500      -0.88312959671020508     
 -0.75589132308959961      -0.25796794891357422     
  0.33863639831542969      -0.53705692291259766     
 -0.31554365158081055       0.66474008560180664     
  0.29262638092041016       0.17757320404052734     
  0.47936105728149414       0.62141084671020508     
   5.2614212036132812E-002  0.28746080398559570     
 -0.63880681991577148      -0.42310476303100586     
  0.88094425201416016        3.4613132476806641E-002
 -0.25477361679077148        2.3256301879882812E-002
  0.86997270584106445      -0.36579132080078125     
  0.14676284790039062       0.65036249160766602     
  0.64406824111938477       0.86023187637329102     
  -8.1007957458496094E-002  0.50081539154052734     
 -0.78870630264282227       0.22063922882080078     
  0.28794240951538086      -0.55180406570434570     
 -0.16354084014892578      -0.62842082977294922     
  0.13322973251342773      -0.80282115936279297     
  0.98840713500976562       0.16599607467651367     
  -9.6121788024902344E-002  0.48150682449340820     
  0.68912363052368164       0.10774278640747070     
  0.83632230758666992        7.3060512542724609E-002
  -6.8232059478759766E-002 -0.77429151535034180     
  0.48981285095214844       0.28880786895751953     
  -5.9556961059570312E-004  -4.7845840454101562E-003
 -0.41070842742919922      -0.77439117431640625     
  0.81440639495849609      -0.26857519149780273     
   5.6871414184570312E-002 -0.15582561492919922     
 -0.95875597000122070       0.19467353820800781     
 -0.12067604064941406      -0.19624471664428711     
 -0.28331851959228516       0.26655435562133789     
  -1.5488147735595703E-002 -0.30692815780639648     
 -0.53424882888793945       0.88291025161743164     
 -0.92245578765869141       0.28676700592041016     
 -0.30643653869628906      -0.27304649353027344     
  0.91056251525878906      -0.16855955123901367     
 -0.97997999191284180      -0.52131366729736328     
  0.28567409515380859      -0.67434597015380859     
  0.27197790145874023      -0.86583518981933594     
  -8.8074207305908203E-002 -0.26141071319580078     
  0.47135400772094727        5.2720069885253906E-002
   7.1153163909912109E-002 -0.12458658218383789     
   7.4666023254394531E-002  0.91521072387695312     
  -4.9842834472656250E-002  0.29546403884887695     
 -0.13235187530517578      -0.43013525009155273     
  0.71947002410888672       0.13529109954833984     
 -0.15816116333007812      -0.20940637588500977     
  0.51033353805541992      -0.82044219970703125     
  0.83513545989990234       0.12295675277709961     
  0.53446531295776367       0.76616525650024414     
  0.94232845306396484      -0.28287267684936523     
 -0.23495435714721680      -0.87144136428833008     
 -0.31410074234008789       0.90904760360717773     
  0.36967849731445312      -0.81227970123291016     
   1.5829563140869141E-002   5.1983356475830078E-002
 -0.31083583831787109      -0.21767902374267578     
 -0.52710437774658203       0.96259641647338867     
  0.36258888244628906        3.2202720642089844E-002
 -0.76103973388671875      -0.79458665847778320     
 -0.61405467987060547      -0.40967655181884766     
  0.57407140731811523       0.42017412185668945     
 -0.13023614883422852      -0.87249803543090820     
  -6.9205760955810547E-002  0.86288356781005859     
  0.49000835418701172      -0.42646503448486328     
  0.40908813476562500      -0.45105934143066406     
 -0.95034027099609375      -0.36484909057617188     
  -1.5091896057128906E-002  0.35684967041015625     
 -0.42145872116088867       0.54570388793945312     
 -0.35032939910888672        1.6595840454101562E-002
  0.93068122863769531       -4.0481567382812500E-002
 -0.36853027343750000       0.11478281021118164     
 -0.84434556961059570      -0.91043090820312500     
  0.39450407028198242       0.43153190612792969     
  0.76463079452514648      -0.84975337982177734     
  0.20094108581542969      -0.77603960037231445     
 -0.89260005950927734        7.5386524200439453E-002
 -0.97202730178833008      -0.85666275024414062     
   7.4150562286376953E-002  0.25572443008422852     
  -3.5533905029296875E-002  0.78672122955322266     
  0.42918157577514648      -0.73997020721435547     
 -0.67224264144897461      -0.38031959533691406     
  -2.4139881134033203E-002  0.28235578536987305     
 -0.44438028335571289      -0.69408082962036133     
  0.59026050567626953       0.51575040817260742     
  0.22277259826660156       0.14006996154785156     
  0.16341257095336914       0.48111534118652344     
  0.10691261291503906       0.88178062438964844     
   9.2196464538574219E-002 -0.44739103317260742     
  0.70208692550659180       -1.8768787384033203E-002
  0.55623817443847656       0.69598007202148438     
 -0.65679645538330078      -0.77105760574340820     
  0.83705997467041016       0.47420883178710938     
   2.9365539550781250E-002 -0.45069217681884766     
 -0.78205013275146484        9.0573787689208984E-002
  0.27475357055664062      -0.21087598800659180     
 -0.18543052673339844      -0.52326488494873047     
 -0.51241683959960938      -0.18772220611572266     
  0.95857000350952148       0.68791103363037109     
 -0.27417325973510742       -2.6903152465820312E-002
 -0.15452957153320312       0.82190465927124023     
 -0.24552869796752930      -0.59869241714477539     
 -0.21750402450561523       0.41412353515625000     
  0.17875862121582031       0.39872264862060547     
 -0.66171884536743164       0.49445199966430664     
  0.25722742080688477      -0.77683496475219727     
 -0.26042985916137695       0.95634889602661133     
 -0.64260244369506836      -0.21449470520019531     
  0.99428892135620117      -0.98248338699340820     
 -0.59225893020629883       -9.2925548553466797E-002
  0.20319223403930664      -0.94088172912597656     
  0.60430049896240234       0.48537015914916992     
 -0.38356733322143555      -0.61103057861328125     
  0.40988206863403320       0.89069318771362305     
 -0.11521244049072266      -0.37120723724365234     
 -0.87949943542480469       0.25627660751342773     
 -0.75525999069213867       0.34976768493652344     
  0.55208063125610352       0.82696104049682617     
  0.73486328125000000       0.85405302047729492     
   7.0428848266601562E-002 -0.30232334136962891     
  0.85476875305175781       0.10113906860351562     
 -0.15131425857543945       0.86725759506225586     
   1.2321472167968750E-003  0.71157026290893555     
 -0.63360071182250977      -0.92063379287719727     
  0.91206979751586914      -0.83995580673217773     
  0.86839246749877930      -0.92740869522094727     
 -0.95397996902465820       0.46036672592163086     
 -0.60996150970458984       0.37833356857299805     
  0.65696191787719727      -0.43445920944213867     
   4.5573711395263672E-002  -3.7866115570068359E-002
 -0.41326141357421875       0.32048225402832031     
  0.34911966323852539      -0.33990859985351562     
 -0.83894920349121094      -0.21445655822753906     
 -0.36914539337158203      -0.22494697570800781     
 -0.67777299880981445       0.67420434951782227     
 -0.64078521728515625       0.32349729537963867     
 -0.97479486465454102       0.62598133087158203     
  0.86889791488647461      -0.42964649200439453     
  0.93485689163208008       0.14073181152343750     
 -0.71782112121582031      -0.41402578353881836     
 -0.52395153045654297       -4.8798084259033203E-002
 -0.14895677566528320       0.48944139480590820     
   4.7450542449951172E-002 -0.49280834197998047     
 -0.62591791152954102       0.19938564300537109     
 -0.92534780502319336      -0.31958818435668945     
  0.68497514724731445       0.38019275665283203     
  -9.4959259033203125E-002   1.9975185394287109E-002
 -0.27507925033569336       0.74976015090942383     
 -0.77853202819824219      -0.78087806701660156     
 -0.21123743057250977      -0.26626873016357422     
  0.82455682754516602       0.33160781860351562     
 -0.66342258453369141      -0.13634777069091797     
  0.40682792663574219      -0.43554449081420898     
 -0.18823862075805664       0.27561998367309570     
  0.35193109512329102       0.91232824325561523     
 -0.49846506118774414       0.29945755004882812     
  0.99055147171020508       0.19910144805908203     
  0.29890775680541992      -0.25636672973632812     
 -0.74989223480224609       0.56589174270629883     
  0.94356489181518555       0.49696731567382812     
  0.53557157516479492      -0.64684963226318359     
  0.40306997299194336       0.39770412445068359     
  0.21905326843261719      -0.36950111389160156     
 -0.20122480392456055        1.4898777008056641E-002
  0.40533399581909180       0.44927692413330078     
  0.99887180328369141        3.8851261138916016E-002
  0.98068284988403320       0.34017944335937500     
 -0.59951448440551758       -3.8026809692382812E-002
  0.88634395599365234       0.78513669967651367     
 -0.20003986358642578       -6.4126968383789062E-002
  0.21898841857910156       0.54581117630004883     
 -0.54943513870239258      -0.34912586212158203     
  0.24895000457763672       0.10677480697631836     
  0.56940174102783203       -6.2688350677490234E-002
  0.40411329269409180       -6.5891265869140625E-002
  0.57326555252075195       0.87504529953002930     
  0.89367341995239258       -2.6041984558105469E-002
  0.31287384033203125       0.47402524948120117     
  0.95039367675781250      -0.73192596435546875     
  0.52814531326293945       0.54217338562011719     
  0.31588315963745117      -0.94436931610107422     
  -7.8954696655273438E-003 -0.69152832031250000     
 -0.51143693923950195       0.28008604049682617     
 -0.59373521804809570      -0.90702438354492188     
 -0.35098743438720703       0.95909452438354492     
 -0.49637269973754883      -0.53115558624267578     
  0.87528133392333984       0.85787057876586914     
  0.23133230209350586        9.4614028930664062E-003
 -0.97845268249511719      -0.85404682159423828     
   3.7214756011962891E-002 -0.52693891525268555     
 -0.25916767120361328       0.17277479171752930     
 -0.16810274124145508       0.69739055633544922     
 -0.94958114624023438       0.39374494552612305     
 -0.32363414764404297       0.68672418594360352     
 -0.22449636459350586       0.89273643493652344     
  0.22897768020629883       0.43221664428710938     
  0.26530790328979492      -0.96390819549560547     
 -0.40141010284423828      -0.49748086929321289     
  0.84189796447753906      -0.21740627288818359     
   5.6518554687500000E-002  -9.0248584747314453E-002
 -0.80199337005615234       0.90306568145751953     
 -0.16970825195312500      -0.28168487548828125     
 -0.27594375610351562       0.21586370468139648     
   2.4299144744873047E-002  0.40038251876831055     
 -0.76952505111694336       0.59763288497924805     
  0.41926002502441406       0.50342369079589844     
 -0.95496511459350586       -9.2435359954833984E-002
  0.44196414947509766        9.9469661712646484E-002
 -0.20665645599365234       0.72734498977661133     
  0.49065303802490234       0.41066169738769531     
  -4.8966407775878906E-003 -0.29504776000976562     
 -0.86456680297851562      -0.76780796051025391     
 -0.54353857040405273       0.75465440750122070     
 -0.52119970321655273       0.20308732986450195     
 -0.70547771453857422      -0.95771646499633789     
 -0.33541488647460938       0.68848800659179688     
 -0.57451581954956055       0.12005901336669922     
 -0.16483545303344727      -0.38519525527954102     
   2.6761531829833984E-002 -0.21736145019531250     
  0.80986928939819336      -0.52583742141723633     
  0.25511074066162109      -0.35253572463989258     
  0.93903064727783203       0.29167270660400391     
  0.14472389221191406       0.37578010559082031     
 -0.26226758956909180        6.9159984588623047E-002
  0.37344980239868164       0.57877540588378906     
 -0.51845407485961914       0.34563875198364258     
 -0.84489870071411133      -0.21122550964355469     
  -6.0623168945312500E-002 -0.88852167129516602     
  0.61705398559570312       0.82744407653808594     
  0.85558223724365234      -0.22159194946289062     
 -0.29120874404907227      -0.33893823623657227     
 -0.53202009201049805       0.34246492385864258     
 -0.18708372116088867      -0.31387281417846680     
  0.74489212036132812      -0.59267234802246094     
  0.95702362060546875       0.70118761062622070     
  0.86484956741333008      -0.47235107421875000     
 -0.80446910858154297      -0.70980215072631836     
  0.35843229293823242       0.17536163330078125     
 -0.69658184051513672       0.55240535736083984     
  0.27891921997070312      -0.20038700103759766     
   9.9968433380126953E-002  0.17342853546142578     
  0.81399917602539062       0.88939332962036133     
   3.9418697357177734E-002  0.51456212997436523     
  0.25371313095092773       0.15824508666992188     
 -0.37222099304199219        8.3011150360107422E-002
 -0.82701683044433594       0.32827281951904297     
 -0.71652078628540039      -0.56112766265869141     
 -0.87036895751953125      -0.28969097137451172     
 -0.82949829101562500       0.62848520278930664     
  0.95294475555419922       0.14321041107177734     
  0.94062757492065430      -0.86608791351318359     
 -0.33560132980346680      -0.44979190826416016     
  0.35089254379272461      -0.54687738418579102     
  0.63606500625610352       0.34580945968627930     
   2.0554065704345703E-002 -0.54392814636230469     
  0.20478153228759766      -0.23302078247070312     
 -0.37984704971313477       -8.3583831787109375E-002
 -0.79317235946655273      -0.84053421020507812     
 -0.85673236846923828       0.90166664123535156     
  0.31660699844360352      -0.78006267547607422     
 -0.50684261322021484      -0.49618959426879883     
  0.54640769958496094      -0.52028703689575195     
 -0.46128273010253906      -0.77729129791259766     
   7.0229053497314453E-002  0.34238672256469727     
  0.50038719177246094        9.8290443420410156E-003
 -0.80127191543579102      -0.97169685363769531     
  0.69470643997192383       -6.8114757537841797E-002
 -0.79955768585205078      -0.15855836868286133     
 -0.88750648498535156      -0.31660890579223633     
  0.75902462005615234       0.93326759338378906     
 -0.57091712951660156       0.60203695297241211     
  0.44195222854614258      -0.10101032257080078     
  0.32136249542236328      -0.85858821868896484     
 -0.29112625122070312      -0.95489168167114258     
 -0.86341381072998047       0.61006307601928711     
 -0.66315412521362305       0.37546014785766602     
  0.36323928833007812       0.96543741226196289     
  0.10901355743408203       0.19478130340576172     
 -0.30466079711914062      -0.43095970153808594     
  0.86443281173706055       0.52586555480957031     
  0.22874641418457031       0.54474925994873047     
 -0.39559173583984375      -0.70591688156127930     
 -0.34303855895996094       0.55695533752441406     
  0.74862003326416016        6.3095569610595703E-002
  0.44754409790039062      -0.12517738342285156     
  0.15089225769042969        5.2147388458251953E-002
  0.44645643234252930      -0.40261363983154297     
 -0.72725248336791992      -0.92672586441040039     
  0.52246713638305664      -0.89478015899658203     
 -0.56639051437377930       0.67608356475830078     
  0.94409322738647461      -0.62489318847656250     
 -0.57601261138916016       0.96338462829589844     
 -0.39107799530029297      -0.84138202667236328     
  0.89251327514648438       0.47859716415405273     
 -0.21278619766235352      -0.29387712478637695     
  0.81017446517944336       0.60395622253417969     
  0.69834899902343750      -0.84410285949707031     
 -0.83200025558471680       0.57743453979492188     
  0.94340229034423828      -0.23052215576171875     
 -0.38359642028808594       0.89836549758911133     
  0.83209466934204102      -0.98453378677368164     
  0.94261789321899414       0.58174800872802734     
 -0.55505371093750000      -0.78253555297851562     
  -6.8901538848876953E-002  -2.4728298187255859E-002
  0.39320611953735352       0.61573123931884766     
  0.60016393661499023       0.96036624908447266     
  0.88310813903808594       0.40162229537963867     
   6.8449497222900391E-002  0.43084859848022461     
 -0.71981477737426758        7.3774337768554688E-002
  -7.1269035339355469E-002  0.18577527999877930     
  0.33215236663818359       0.48953199386596680     
 -0.43003892898559570       0.34234571456909180     
 -0.18895959854125977       0.16144943237304688     
 -0.51805067062377930      -0.87531661987304688     
  0.55643510818481445        6.7534446716308594E-003
 -0.48935365676879883      -0.56281995773315430     
  0.68506765365600586       -6.6883087158203125E-002
 -0.10396051406860352       0.73921585083007812     
   1.3976097106933594E-003 -0.50945806503295898     
 -0.45886230468750000       -9.4039440155029297E-002
 -0.51638698577880859      -0.91482973098754883     
  0.45835542678833008      -0.41917228698730469     
  0.97195625305175781      -0.33044147491455078     
  0.27414321899414062      -0.47099542617797852     
  -1.6476631164550781E-002 -0.92129230499267578     
 -0.15856456756591797      -0.98741769790649414     
  0.47198772430419922       0.70148181915283203     
 -0.19431686401367188       0.12252998352050781     
 -0.63093566894531250      -0.12961816787719727     
 -0.48798608779907227       0.42344522476196289     
  0.85190200805664062       -7.8647613525390625E-002
  0.17570209503173828      -0.96702194213867188     
 -0.73749971389770508       0.84561300277709961     
  0.22279214859008789       0.47020196914672852     
  0.69039201736450195      -0.57518386840820312     
  0.88677740097045898        6.9389343261718750E-002
  0.22859430313110352       -1.1389732360839844E-002
  0.57357406616210938        6.2222003936767578E-002
 -0.22802543640136719      -0.41938734054565430     
 -0.63538980484008789      -0.99082803726196289     
 -0.84217357635498047      -0.40710163116455078     
 -0.15707921981811523       -2.7373313903808594E-002
  -5.7159423828125000E-002 -0.67044639587402344     
 -0.18598318099975586       0.18249893188476562     
 -0.73887729644775391      -0.31051588058471680     
 -0.84019613265991211       0.82405328750610352     
 -0.13173389434814453       -4.9067020416259766E-002
 -0.66450548171997070      -0.34203243255615234     
 -0.53287506103515625       -2.4823665618896484E-002
  0.79218101501464844       0.19348621368408203     
  -6.9386959075927734E-002 -0.17982101440429688     
 -0.24511480331420898       0.35879325866699219     
  0.24539947509765625       0.43344831466674805     
  0.97303581237792969      -0.18256235122680664     
 -0.32425689697265625       0.21737432479858398     
 -0.58677101135253906       0.14202594757080078     
 -0.96979665756225586       0.63319587707519531     
  0.12383842468261719      -0.64110755920410156     
  0.90910577774047852      -0.65816116333007812     
  0.28561210632324219       0.28653144836425781     
 -0.26322937011718750       -9.5673561096191406E-002
   1.6610145568847656E-002 -0.83305644989013672     
  0.82226705551147461      -0.15506410598754883     
 -0.15503501892089844       0.33301734924316406     
 -0.97051382064819336       0.57737827301025391     
  -3.9482116699218750E-004 -0.63546991348266602     
 -0.34061050415039062      -0.63834333419799805     
 -0.63459968566894531       0.28926849365234375     
 -0.26174068450927734       0.92781162261962891     
 -0.26722621917724609       0.73175716400146484     
  0.64856958389282227       0.51613092422485352     
  0.62018775939941406      -0.50422143936157227     
 -0.44532918930053711      -0.64534807205200195     
 -0.36341667175292969        6.1950683593750000E-002
 -0.79170656204223633      -0.20825815200805664     
 -0.18844699859619141       0.77884531021118164     
   5.7415485382080078E-002  0.98800325393676758     
 -0.62550783157348633      -0.90561437606811523     
 -0.66014480590820312       0.94684410095214844     
 -0.38340091705322266       0.18528413772583008     
   7.2358608245849609E-002  0.13868141174316406     
  0.82502317428588867       0.16611671447753906     
  -7.5979709625244141E-002 -0.98461771011352539     
 -0.46511125564575195       0.87979459762573242     
  0.71564292907714844      -0.18176460266113281     
 -0.91189479827880859      -0.21357345581054688     
  0.47808742523193359      -0.78089189529418945     
 -0.44435405731201172      -0.25082635879516602     
  0.36442995071411133       0.97877836227416992     
  0.33164405822753906       -5.4671764373779297E-002
 -0.86411046981811523       0.89999914169311523     
  0.28901720046997070      -0.48697853088378906     
 -0.64094877243041992      -0.42373037338256836     
  0.36773538589477539       0.53457355499267578     
  0.58228969573974609       0.54914236068725586     
 -0.55664634704589844       0.44545888900756836     
  0.83153438568115234      -0.39699506759643555     
 -0.29367065429687500       0.28495693206787109     
 -0.72271251678466797      -0.62828159332275391     
  0.47606897354125977      -0.70286512374877930     
  0.95281696319580078        2.8800964355468750E-004
  0.84193181991577148       0.35185241699218750     
 -0.41092300415039062      -0.38153314590454102     
 -0.42599773406982422       0.26084613800048828     
   4.5668601989746094E-002 -0.44447994232177734     
 -0.37189769744873047      -0.48076152801513672     
 -0.15322160720825195       0.80749082565307617     
 -0.50028610229492188      -0.30695247650146484     
 -0.94370889663696289      -0.91108989715576172     
 -0.68170261383056641       0.62916469573974609     
  0.37723684310913086       0.22024297714233398     
 -0.36966848373413086       0.98718309402465820     
 -0.40934085845947266       0.21575641632080078     
  0.22398376464843750       0.49990034103393555     
 -0.17300033569335938       0.39048624038696289     
  0.90610361099243164       0.88387441635131836     
 -0.72212219238281250      -0.70098590850830078     
  0.53113698959350586       0.82323074340820312     
   4.3454170227050781E-002  0.34044551849365234     
 -0.12984371185302734      -0.28106737136840820     
  0.10827064514160156      -0.28992128372192383     
 -0.69968461990356445       0.40302133560180664     
 -0.41251277923583984       0.90107345581054688     
  0.34512376785278320       0.50251770019531250     
 -0.18058729171752930       0.87452840805053711     
  0.20242786407470703       0.20792245864868164     
  0.55773353576660156      -0.16667652130126953     
  0.67110919952392578      -0.66001653671264648     
 -0.89451789855957031      -0.15682649612426758     
  0.22283077239990234      -0.88285446166992188     
 -0.13296413421630859      -0.72804069519042969     
 -0.17601776123046875      -0.32523202896118164     
 -0.16714525222778320       0.79067564010620117     
  0.88879966735839844        6.1721324920654297E-002
 -0.64386129379272461       0.62934255599975586     
 -0.63924169540405273       0.26661252975463867     
  0.95762681961059570       0.83857440948486328     
  -7.9697608947753906E-002  0.52301359176635742     
  0.29030942916870117      -0.76592350006103516     
 -0.87294578552246094       0.40811920166015625     
 -0.73292827606201172      -0.32326412200927734     
  0.90133094787597656       0.67155647277832031     
  0.85487890243530273       -4.7266960144042969E-002
 -0.41524410247802734       0.99680376052856445     
 -0.71595716476440430       0.91566610336303711     
 -0.39346218109130859      -0.91715145111083984     
 -0.55775451660156250      -0.17907714843750000     
  0.25248575210571289      -0.47190761566162109     
  0.64898920059204102      -0.43418836593627930     
  0.59823513031005859       0.54579877853393555     
 -0.75249814987182617       0.77142333984375000     
 -0.68673944473266602       -2.9548168182373047E-002
 -0.60934019088745117       0.82226324081420898     
 -0.21549892425537109       0.11016511917114258     
 -0.45128059387207031      -0.66683244705200195     
  0.54877090454101562      -0.80323171615600586     
   8.6003780364990234E-002 -0.53395414352416992     
 -0.16518926620483398      -0.33314180374145508     
  0.88622617721557617       0.80503416061401367     
  0.21340894699096680       0.76693630218505859     
  -9.8988533020019531E-002  0.30367660522460938     
  -9.9412918090820312E-002 -0.82520627975463867     
  0.76012325286865234      -0.60108757019042969     
 -0.47204303741455078       0.37769842147827148     
  -1.5685558319091797E-002  0.37768125534057617     
 -0.30898666381835938       0.86753273010253906     
  0.62595891952514648       0.49518871307373047     
  0.64096975326538086       0.78072166442871094     
 -0.40306758880615234      -0.35340738296508789     
  0.28482723236083984      -0.90437555313110352     
  0.16097116470336914      -0.55233526229858398     
  0.90366029739379883      -0.17674970626831055     
 -0.62457466125488281       0.77880525588989258     
 -0.61889219284057617       0.28157854080200195     
  0.49618005752563477      -0.69811439514160156     
  0.79180145263671875      -0.19228315353393555     
  0.30313348770141602       0.76964044570922852     
 -0.64725494384765625      -0.41322803497314453     
  0.87649869918823242      -0.68025922775268555     
  0.88460159301757812      -0.49897670745849609     
 -0.29884195327758789      -0.63271188735961914     
   1.2767314910888672E-002  0.58717203140258789     
  0.60806083679199219      -0.31868600845336914     
 -0.15490961074829102       0.44194221496582031     
 -0.27196979522705078      -0.99008178710937500     
 -0.30124664306640625       0.95539188385009766     
 -0.72242593765258789       0.19212007522583008     
  0.96746683120727539       0.21597099304199219     
 -0.17522907257080078       0.93162012100219727     
 -0.25394344329833984       -2.2217750549316406E-002
  0.58776092529296875       0.50215673446655273     
 -0.24691581726074219        9.3409538269042969E-002
  -6.1280250549316406E-002   6.9566726684570312E-002
 -0.78672599792480469      -0.49742794036865234     
 -0.26954317092895508      -0.20616722106933594     
  0.95116853713989258       0.29382944107055664     
  0.39353895187377930       0.21532630920410156     
  0.99374914169311523       -5.4920196533203125E-002
  0.96219635009765625      -0.36088848114013672     
  0.54916477203369141      -0.18123149871826172     
   5.0080776214599609E-002 -0.29237031936645508     
  0.13253307342529297      -0.51482629776000977     
 -0.68079328536987305       -8.6562156677246094E-002
 -0.84554290771484375       0.96606445312500000     
  0.64596748352050781       0.78046989440917969     
 -0.63517665863037109       0.58765411376953125     
  0.70685005187988281        3.6786556243896484E-002
  0.27734041213989258      -0.73234224319458008     
 -0.47255754470825195      -0.27239608764648438     
 -0.15603065490722656      -0.40467500686645508     
  0.63270521163940430      -0.12161731719970703     
  -1.4730453491210938E-002  0.43311786651611328     
 -0.58734893798828125       0.42817115783691406     
  0.27369356155395508       -2.4553298950195312E-002
 -0.66040086746215820       0.64683341979980469     
 -0.66418933868408203       0.97553157806396484     
 -0.23502349853515625       -3.3500671386718750E-002
  0.95511531829833984       0.63080835342407227     
  -1.9097328186035156E-003  -9.1691017150878906E-002
  0.95584344863891602       0.86736774444580078     
 -0.14399671554565430      -0.14801740646362305     
  0.27170658111572266       0.57413053512573242     
 -0.58033609390258789       0.29761219024658203     
  -2.8010845184326172E-002 -0.77815818786621094     
 -0.49876070022583008      -0.67022418975830078     
 -0.45261716842651367       0.86434984207153320     
 -0.86566257476806641       0.81001472473144531     
  -8.1537246704101562E-002 -0.38904762268066406     
 -0.72072887420654297       0.71363258361816406     
   2.4192333221435547E-002  0.60196113586425781     
 -0.83786249160766602        5.0645828247070312E-002
 -0.79455471038818359       -8.0061435699462891E-002
  0.41360855102539062      -0.47479534149169922     
  0.11867523193359375       0.57837247848510742     
  0.71278524398803711      -0.21504163742065430     
 -0.19748449325561523       0.88377857208251953     
 -0.33017492294311523       0.75583553314208984     
 -0.67199325561523438      -0.18477487564086914     
  0.49025201797485352      -0.32773256301879883     
 -0.19895887374877930       0.10101699829101562     
 -0.20705080032348633        9.9521636962890625E-002
  0.66246175765991211       -1.2817382812500000E-003
  0.46168279647827148      -0.49218797683715820     
 -0.20318222045898438      -0.87740612030029297     
 -0.55993604660034180      -0.84099960327148438     
 -0.67767000198364258       0.40074872970581055     
 -0.61549425125122070      -0.60879421234130859     
  -3.7918090820312500E-003  0.27515745162963867     
  0.57915687561035156      -0.10504198074340820     
  0.56458616256713867      -0.99636220932006836     
  0.14318084716796875       0.44528102874755859     
 -0.15577507019042969      -0.10765361785888672     
  0.66605854034423828       0.44690227508544922     
 -0.91169834136962891      -0.91178464889526367     
 -0.35985088348388672       -7.5640678405761719E-003
  0.87330198287963867      -0.40870714187622070     
  0.86595821380615234       0.16146707534790039     
 -0.22160339355468750      -0.48697757720947266     
 -0.62517070770263672       0.75645065307617188     
 -0.33193492889404297      -0.82676029205322266     
  0.64104032516479492       -2.9137611389160156E-002
  0.28529977798461914      -0.96327209472656250     
  0.29308843612670898       -5.6117057800292969E-002
  0.84651756286621094      -0.57163667678833008     
  0.50342512130737305      -0.93090677261352539     
  0.25472545623779297      -0.82727527618408203     
  -1.0024547576904297E-002 -0.48016881942749023     
 -0.19211626052856445      -0.89419651031494141     
 -0.75919866561889648       0.15225505828857422     
  0.95091438293457031        2.0819664001464844E-002
  -8.1880092620849609E-002 -0.15606451034545898     
 -0.97067785263061523      -0.18013334274291992     
  0.50148153305053711       0.40772914886474609     
  0.70650815963745117       0.28429555892944336     
  0.16152620315551758       0.77736997604370117     
 -0.74062299728393555       0.34936475753784180     
 -0.22341060638427734      -0.85621738433837891     
 -0.43829917907714844      -0.49005651473999023     
 -0.37894725799560547      -0.96286630630493164     
 -0.89264822006225586      -0.73473644256591797     
 -0.71155357360839844       0.92522621154785156     
  0.28169488906860352       0.45344543457031250     
 -0.93882894515991211      -0.89559221267700195     
 -0.21539068222045898       -6.9530963897705078E-002
 -0.60328722000122070       0.55263566970825195     
  0.14835453033447266      -0.60255098342895508     
  0.92731475830078125      -0.61484718322753906     
  0.26384830474853516       0.50070571899414062     
 -0.63187885284423828        1.9229412078857422E-002
 -0.81027746200561523      -0.32707309722900391     
  0.88991069793701172       0.73152542114257812     
  0.74975442886352539      -0.87456130981445312     
 -0.74953842163085938       0.51145887374877930     
   9.6612453460693359E-002 -0.22944593429565430     
 -0.29760837554931641        9.9136829376220703E-002
  0.19357633590698242      -0.56007146835327148     
  0.88262271881103516       0.24127054214477539     
 -0.96326494216918945       0.40713453292846680     
  0.71253204345703125      -0.47272729873657227     
  0.87808561325073242       -1.2391567230224609E-002
 -0.25764369964599609      -0.21112728118896484     
 -0.41062116622924805       0.69720125198364258     
 -0.13528919219970703       0.20015668869018555     
   4.1177272796630859E-002   6.7824840545654297E-002
  -6.2950611114501953E-002  -6.1397552490234375E-003
  0.81203699111938477       -9.3055248260498047E-002
   2.1904945373535156E-002  0.16218471527099609     
 -0.15504837036132812       0.10710144042968750     
   5.9693813323974609E-002 -0.72585248947143555     
  0.60489702224731445       0.50545501708984375     
 -0.81648302078247070      -0.62823534011840820     
 -0.74351644515991211      -0.28078269958496094     
  0.89312505722045898       0.75684261322021484     
  0.25977754592895508        8.6076259613037109E-002
  0.69002723693847656      -0.70742607116699219     
  0.29440689086914062        9.7657680511474609E-002
 -0.66117238998413086      -0.32152271270751953     
  0.16855525970458984       0.91181182861328125     
  0.82717847824096680       0.39196920394897461     
 -0.16830348968505859      -0.67461585998535156     
 -0.26867818832397461       0.32946681976318359     
 -0.65027332305908203       0.85695075988769531     
  0.77215576171875000      -0.37424850463867188     
   7.9855918884277344E-003  0.21716880798339844     
  -3.8293838500976562E-002  0.39900112152099609     
   1.5851497650146484E-002  0.42121601104736328     
 -0.62106704711914062      -0.26978826522827148     
 -0.33118057250976562      -0.14467668533325195     
  0.41908121109008789      -0.49689340591430664     
  0.71857261657714844      -0.94875192642211914     
  0.32739019393920898       0.45133543014526367     
 -0.40032720565795898      -0.29672718048095703     
  0.91279458999633789      -0.65947961807250977     
  0.12651538848876953       0.34852552413940430     
 -0.32496261596679688       0.35710668563842773     
 -0.10783004760742188      -0.29775619506835938     
 -0.38731670379638672       0.37520742416381836     
  0.11785650253295898       0.81841039657592773     
 -0.97558975219726562      -0.73467969894409180     
  0.23847389221191406        3.4253597259521484E-002
 -0.29945421218872070      -0.92434072494506836     
  0.61058616638183594       0.12211751937866211     
  0.43648242950439453       -3.9279937744140625E-002
 -0.17117547988891602      -0.94611215591430664     
  0.69853687286376953       0.31202125549316406     
  0.14874887466430664        2.4505138397216797E-002
 -0.13519716262817383      -0.25222539901733398     
  0.84955549240112305       0.48665714263916016     
 -0.75126361846923828      -0.48154497146606445     
  0.67737817764282227       0.69753313064575195     
 -0.55352258682250977       0.95066070556640625     
 -0.24303340911865234      -0.65808725357055664     
 -0.46922826766967773      -0.31445074081420898     
 -0.96767902374267578       0.22301530838012695     
  0.21854782104492188      -0.86442995071411133     
 -0.47338247299194336      -0.13633966445922852     
  0.54454088211059570       0.10337591171264648     
 -0.55698919296264648       0.68334150314331055     
  0.92424058914184570      -0.28182935714721680     
 -0.70139837265014648      -0.39698410034179688     
 -0.10989141464233398      -0.94470167160034180     
  0.40146303176879883      -0.60588359832763672     
  0.91633796691894531       0.89674854278564453     
 -0.34550476074218750      -0.89843082427978516     
   8.0133438110351562E-002  0.81043481826782227     
  0.98486042022705078       0.55371570587158203     
  0.30225992202758789        8.3145618438720703E-002
 -0.56821727752685547       -2.4539947509765625E-002
 -0.44206094741821289       0.28804731369018555     
 -0.78691053390502930       0.39691209793090820     
  0.90536594390869141       0.48987913131713867     
 -0.59418153762817383      -0.40132045745849609     
 -0.99077939987182617       -2.9279708862304688E-002
 -0.10319852828979492      -0.45468425750732422     
  0.12722921371459961       0.34472179412841797     
 -0.25559902191162109       0.15012454986572266     
 -0.85481882095336914      -0.93838882446289062     
  0.50181388854980469       -1.3415813446044922E-002
  0.52495431900024414       0.91490554809570312     
  0.81776523590087891       0.18167972564697266     
 -0.50175142288208008      -0.93094825744628906     
 -0.44501447677612305       0.64216232299804688     
  0.82932853698730469       0.52883625030517578     
  0.15472126007080078       0.40287208557128906     
 -0.92424535751342773       0.21564912796020508     
  0.41786146163940430       0.99837923049926758     
 -0.23562431335449219      -0.13505840301513672     
   7.9657077789306641E-002  0.79660844802856445     
  0.60361576080322266       0.97284317016601562     
  0.58237648010253906        4.8627853393554688E-003
 -0.26497650146484375       0.54659795761108398     
  0.67337226867675781      -0.62530183792114258     
  0.55290508270263672       0.67766237258911133     
 -0.52764558792114258      -0.13820314407348633     
 -0.77590036392211914      -0.54944753646850586     
 -0.56314563751220703      -0.78340435028076172     
 -0.67636585235595703       0.32289409637451172     
  0.88443756103515625       0.74620389938354492     
 -0.54796600341796875       0.33871793746948242     
  0.83553171157836914       0.78174114227294922     
  0.72614669799804688       0.35276317596435547     
  0.89567089080810547      -0.45854091644287109     
 -0.69379758834838867      -0.65334177017211914     
 -0.70888328552246094      -0.19871664047241211     
  0.17124509811401367       0.12427759170532227     
  0.73701429367065430      -0.99802923202514648     
  0.12481021881103516      -0.31012010574340820     
 -0.18681192398071289       0.25466060638427734     
   8.7191581726074219E-002 -0.56431579589843750     
 -0.44956779479980469       0.11728572845458984     
 -0.77556037902832031      -0.83626079559326172     
  0.96989679336547852      -0.94304466247558594     
  0.25073719024658203       0.14406681060791016     
 -0.66121625900268555       0.93968343734741211     
 -0.73556995391845703      -0.71939277648925781     
 -0.82797479629516602       0.23029184341430664     
  0.52242517471313477       0.40770244598388672     
  0.25977897644042969       0.10734844207763672     
  0.20973539352416992      -0.97216033935546875     
  0.90546512603759766       0.15900897979736328     
  0.46989583969116211      -0.45425605773925781     
 -0.67714452743530273      -0.76055717468261719     
 -0.67753028869628906       0.75061607360839844     
 -0.39460420608520508      -0.11080551147460938     
 -0.30168199539184570      -0.36180925369262695     
 -0.92514801025390625      -0.95902347564697266     
 -0.30417394638061523      -0.25050973892211914     
 -0.31481266021728516       0.94404745101928711     
  0.60993814468383789      -0.76248359680175781     
  0.94224405288696289       0.30282449722290039     
 -0.42864942550659180      -0.30921554565429688     
 -0.97944068908691406       0.54157495498657227     
  0.25511693954467773      -0.24487590789794922     
  0.37284421920776367       0.39848470687866211     
 -0.66406154632568359      -0.87810230255126953     
 -0.25970077514648438      -0.78509950637817383     
  0.83649539947509766       0.98013401031494141     
 -0.88297748565673828      -0.19978332519531250     
  0.24671506881713867       0.54807567596435547     
 -0.48667049407958984       0.52972984313964844     
 -0.82708644866943359      -0.84162855148315430     
  0.75183200836181641        4.4099807739257812E-002
 -0.80938911437988281       0.59812641143798828     
  0.71341133117675781       0.30516433715820312     
  0.89733743667602539      -0.44212675094604492     
 -0.82284355163574219       0.47636461257934570     
  0.26626920700073242      -0.81165933609008789     
  0.44266653060913086       -9.9007129669189453E-002
  -8.2354545593261719E-003 -0.40642118453979492     
 -0.71971702575683594      -0.28223419189453125     
  0.49343299865722656      -0.87145471572875977     
 -0.53843593597412109       0.50988864898681641     
 -0.30127716064453125       0.44033861160278320     
  0.77573633193969727      -0.19413328170776367     
 -0.79771518707275391       0.80407667160034180     
  0.12071895599365234       0.92542743682861328     
 -0.34096050262451172      -0.51868581771850586     
  0.44827890396118164       0.23043727874755859     
  0.96163845062255859       0.26398181915283203     
  0.74812602996826172      -0.24063539505004883     
 -0.35644912719726562      -0.83839416503906250     
 -0.88717746734619141      -0.79014348983764648     
   6.3517570495605469E-002 -0.45814990997314453     
 -0.11866140365600586      -0.33754014968872070     
  0.96803092956542969      -0.29798460006713867     
 -0.22065639495849609      -0.57034921646118164     
  0.14225625991821289       0.90109443664550781     
  0.69706010818481445      -0.50622510910034180     
 -0.12045860290527344      -0.54633951187133789     
 -0.32044029235839844       0.36461353302001953     
   6.0035705566406250E-002 -0.97808837890625000     
 -0.72811269760131836       0.61012792587280273     
  0.42690277099609375       0.95859289169311523     
 -0.92748546600341797      -0.24418830871582031     
  -7.0159912109375000E-002  0.83025312423706055     
   6.9485664367675781E-002 -0.15319442749023438     
 -0.73216247558593750       0.55241250991821289     
  0.39809942245483398       0.85705089569091797     
  0.45781469345092773       0.49763727188110352     
 -0.20650959014892578      -0.80011701583862305     
  0.43483448028564453       0.26647090911865234     
  0.57938098907470703      -0.33833551406860352     
 -0.40258502960205078      -0.24447488784790039     
 -0.88672637939453125       0.79237174987792969     
 -0.60274219512939453      -0.28658342361450195     
 -0.60754823684692383       0.93828868865966797     
 -0.17596864700317383       0.50207805633544922     
  0.42936372756958008       0.31807422637939453     
 -0.12305498123168945      -0.17914628982543945     
 -0.90619277954101562      -0.37836694717407227     
  0.79224872589111328      -0.66891956329345703     
 -0.52572917938232422        7.6181411743164062E-002
  0.38616085052490234       0.20782041549682617     
  0.83896923065185547       0.55659389495849609     
  0.67509174346923828       0.26721143722534180     
 -0.97306060791015625      -0.22165441513061523     
  0.66057443618774414       0.27894449234008789     
  0.22475719451904297      -0.50430393218994141     
  0.16574048995971680      -0.39353418350219727     
 -0.12873601913452148       0.34033823013305664     
   7.2204589843750000E-002 -0.45713710784912109     
  0.89760303497314453        1.5272140502929688E-002
  0.68286466598510742       0.90914630889892578     
   2.7804374694824219E-002 -0.69033288955688477     
 -0.41818904876708984      -0.49646663665771484     
 -0.11284875869750977      -0.64862680435180664     
  0.53346538543701172       -4.3028831481933594E-002
  0.81631469726562500      -0.19209146499633789     
 -0.47689485549926758       0.83566522598266602     
 -0.97196578979492188       0.17594861984252930     
 -0.83008146286010742       0.82193470001220703     
  0.26287221908569336        9.6025466918945312E-002
  -9.5774173736572266E-002  0.32669353485107422     
  0.73850059509277344       -1.2533187866210938E-002
 -0.64344978332519531      -0.45354032516479492     
 -0.64824962615966797       0.87368535995483398     
   3.4523487091064453E-002  0.24387836456298828     
  0.86628103256225586      -0.41019487380981445     
 -0.13789844512939453       0.34207582473754883     
 -0.72826910018920898       -1.8749237060546875E-002
  0.88386535644531250      -0.86913251876831055     
  0.49320125579833984      -0.75923490524291992     
 -0.46084737777709961       0.54366683959960938     
 -0.58891057968139648       0.18408536911010742     
  -7.5908660888671875E-002  0.20458364486694336     
  0.43872165679931641      -0.40270805358886719     
 -0.31411123275756836       0.73442602157592773     
 -0.50145053863525391       0.12177133560180664     
  0.61408615112304688       0.94938230514526367     
  0.27179861068725586       0.12284421920776367     
  0.64333295822143555       0.50118923187255859     
 -0.50530576705932617      -0.66615009307861328     
   2.0866394042968750E-002  0.70661067962646484     
   1.3015270233154297E-002  0.75432252883911133     
  -9.6642494201660156E-002 -0.26488351821899414     
  0.10783338546752930       0.35750246047973633     
  0.54679059982299805       -8.4178447723388672E-002
 -0.78274965286254883       0.32667970657348633     
  0.51001787185668945      -0.12672042846679688     
  0.21477413177490234      -0.28549146652221680     
 -0.25497865676879883       0.57919979095458984     
  0.61399793624877930      -0.53266620635986328     
 -0.51299095153808594       0.16540145874023438     
  -9.7548961639404297E-002  0.50050973892211914     
   6.9416046142578125E-002  0.68305587768554688     
  0.12489175796508789      -0.93657684326171875     
  0.95808267593383789       0.49991655349731445     
  0.10264444351196289      -0.84861516952514648     
 -0.67444896697998047       0.54152059555053711     
 -0.66002035140991211      -0.95844364166259766     
 -0.55747985839843750       0.43855905532836914     
  0.86286783218383789       0.22424030303955078     
  0.81332540512084961      -0.43644285202026367     
  0.70776081085205078      -0.66018819808959961     
  0.21910142898559570       0.44383096694946289     
 -0.53120565414428711        3.1191825866699219E-002
  0.24434375762939453       0.68612289428710938     
 -0.32456684112548828      -0.99054241180419922     
  -4.0210723876953125E-002  0.18126678466796875     
  0.55561733245849609       0.26487016677856445     
 -0.32543802261352539       0.36583566665649414     
  0.60283041000366211      -0.22409009933471680     
 -0.27751970291137695      -0.26789665222167969     
 -0.53852748870849609       0.97213220596313477     
  0.62795734405517578        8.4212303161621094E-002
 -0.63678455352783203      -0.43200922012329102     
 -0.77448177337646484      -0.71029567718505859     
   6.5689563751220703E-002   5.0422668457031250E-002
 -0.53992652893066406      -0.54087972640991211     
 -0.55817031860351562       0.83537149429321289     
   9.5073699951171875E-002  -9.1917991638183594E-002
 -0.86466121673583984      -0.35621643066406250     
 -0.92686891555786133       0.12088298797607422     
 -0.31737422943115234      -0.10434865951538086     
  0.21390199661254883      -0.94484472274780273     
  -2.8915405273437500E-003 -0.59285497665405273     
 -0.10590410232543945        7.2420120239257812E-002
 -0.83404493331909180       0.21201896667480469     
 -0.59050273895263672      -0.57696342468261719     
  0.97743034362792969      -0.32023239135742188     
 -0.13796997070312500      -0.85935020446777344     
  0.90587282180786133      -0.99175930023193359     
 -0.49788618087768555        3.2252311706542969E-002
   6.8508148193359375E-002 -0.57827043533325195     
 -0.98353385925292969      -0.24759340286254883     
  0.70463371276855469       0.78016996383666992     
  0.31681489944458008       0.71430158615112305     
 -0.72596549987792969       0.70169591903686523     
 -0.59079027175903320       0.59247589111328125     
 -0.25001621246337891       -1.4776229858398438E-002
 -0.33779525756835938       0.67744302749633789     
 -0.20727586746215820       0.31839895248413086     
 -0.66297292709350586      -0.57817268371582031     
  0.65804719924926758      -0.19653034210205078     
  0.92096376419067383       0.64534091949462891     
  0.24486207962036133      -0.59636592864990234     
  0.88228559494018555       0.57605934143066406     
 -0.16966581344604492       0.42739963531494141     
 -0.68926239013671875      -0.43073463439941406     
  0.64355182647705078       0.17762660980224609     
 -0.62932538986206055       0.93395090103149414     
  0.92033767700195312       0.11638545989990234     
   9.0793132781982422E-002  -3.7210464477539062E-002
  0.60410642623901367      -0.77824163436889648     
   9.5701694488525391E-002  0.45840311050415039     
  0.38756942749023438      -0.11284208297729492     
 -0.53382968902587891       -7.0258140563964844E-002
 -0.82416296005249023       0.29645013809204102     
  0.43774700164794922      -0.78354978561401367     
  0.88609600067138672       0.61570119857788086     
   9.5629215240478516E-002 -0.75468397140502930     
   3.0407428741455078E-002 -0.93778228759765625     
  0.69572210311889648      -0.99205684661865234     
  0.50195598602294922       0.38093662261962891     
  0.40663242340087891       0.27354574203491211     
 -0.51277494430541992      -0.20630979537963867     
  0.55795860290527344      -0.38333129882812500     
 -0.64672422409057617       0.50878572463989258     
 -0.83424472808837891       0.85341119766235352     
 -0.71690654754638672       0.95506954193115234     
 -0.14018297195434570       -5.2495002746582031E-002
 -0.28319072723388672       0.41404771804809570     
  0.90127611160278320      -0.25136041641235352     
 -0.60725021362304688       -4.9281597137451172E-002
 -0.27340078353881836       0.95309925079345703     
  0.74095439910888672      -0.77365636825561523     
 -0.83633422851562500      -0.26651334762573242     
  0.71718454360961914      -0.27806329727172852     
  0.59622573852539062       0.77061700820922852     
 -0.23257255554199219      -0.84403944015502930     
  0.23263645172119141       -7.4169158935546875E-002
 -0.55340862274169922       0.86422348022460938     
 -0.99075698852539062       0.35440015792846680     
  0.40532732009887695       0.34063100814819336     
  0.99129676818847656       0.72576856613159180     
  -4.4870376586914062E-004  0.46538972854614258     
 -0.19093942642211914       0.88861083984375000     
  0.88634443283081055       0.79243087768554688     
  0.39317893981933594       0.16003322601318359     
 -0.31908845901489258      -0.91512346267700195     
 -0.47947311401367188      -0.50354337692260742     
  0.95086622238159180      -0.78897476196289062     
 -0.29681921005249023      -0.63875198364257812     
  0.50017213821411133       0.39381170272827148     
  0.79447221755981445       0.70128917694091797     
  0.57425355911254883      -0.51481628417968750     
 -0.51241683959960938      -0.18258810043334961     
 -0.75264120101928711       0.36500263214111328     
  0.60031318664550781      -0.53159523010253906     
 -0.51730346679687500      -0.31682729721069336     
 -0.91027450561523438      -0.98024988174438477     
  0.94103574752807617       -8.5134506225585938E-003
  0.91589879989624023      -0.48800992965698242     
   1.7585754394531250E-002 -0.43471527099609375     
 -0.25944566726684570      -0.50283908843994141     
  0.78958034515380859       0.47701549530029297     
 -0.79409456253051758      -0.34369516372680664     
 -0.48281192779541016      -0.61380577087402344     
 -0.22591829299926758       0.99255466461181641     
 -0.13152933120727539      -0.61191320419311523     
 -0.42486000061035156      -0.61905193328857422     
 -0.40253734588623047       0.55943393707275391     
  0.41179609298706055      -0.94014310836791992     
 -0.97849130630493164       0.49850893020629883     
  0.44215297698974609      -0.73282289505004883     
 -0.54998111724853516       0.47029256820678711     
  0.21424865722656250       0.88446998596191406     
 -0.71214866638183594       0.91927576065063477     
  0.27185630798339844      -0.90613842010498047     
  0.53670787811279297       0.45351409912109375     
  0.21656227111816406      -0.23500442504882812     
  0.28711414337158203      -0.46785545349121094     
  0.75843715667724609      -0.94060516357421875     
 -0.74904298782348633       0.83787059783935547     
   9.7115516662597656E-002  0.22799444198608398     
  -9.1455936431884766E-002  0.90088176727294922     
 -0.87976264953613281      -0.16923761367797852     
 -0.37601900100708008       0.25306892395019531     
 -0.66881704330444336      -0.80064058303833008     
 -0.36455583572387695       0.91127920150756836     
 -0.13010120391845703      -0.60656070709228516     
 -0.45955562591552734       0.24939775466918945     
 -0.37189626693725586      -0.45928573608398438     
  0.78646898269653320       0.18849468231201172     
   3.5675525665283203E-002 -0.39365291595458984     
 -0.11970138549804688       0.17933702468872070     
  0.12308073043823242       0.61850261688232422     
 -0.82545709609985352       0.54994392395019531     
  0.90885639190673828      -0.84390735626220703     
  0.45653057098388672       0.91448307037353516     
 -0.27868556976318359       0.13381004333496094     
  0.95082283020019531       0.48303174972534180     
  0.32120323181152344       0.46538829803466797     
 -0.21779918670654297      -0.54907798767089844     
 -0.35112142562866211       0.70517826080322266     
  -6.3980102539062500E-002  0.69210577011108398     
  0.22378873825073242      -0.77883195877075195     
  0.17526197433471680      -0.36956214904785156     
  0.77173614501953125       0.57403612136840820     
 -0.16988706588745117       0.70976495742797852     
 -0.98015975952148438       0.46274805068969727     
 -0.59021377563476562       0.28111410140991211     
  0.69174003601074219        8.2624435424804688E-002
  0.67571878433227539       0.81346321105957031     
 -0.12047958374023438      -0.89304733276367188     
  0.55554485321044922      -0.95115995407104492     
 -0.14080858230590820      -0.56670570373535156     
 -0.62006711959838867       0.53362989425659180     
  0.71994543075561523       0.12781429290771484     
  0.17722415924072266       0.61377859115600586     
 -0.21544218063354492      -0.93457937240600586     
  0.52498912811279297      -0.50362682342529297     
 -0.45072698593139648       0.63469791412353516     
 -0.63154983520507812      -0.45627737045288086     
 -0.65330743789672852      -0.13103103637695312     
 -0.23766708374023438      -0.46539592742919922     
   9.8117828369140625E-002 -0.92677879333496094     
 -0.36546611785888672      -0.38299608230590820     
  0.98738479614257812       0.98401641845703125     
  0.36993980407714844      -0.42041873931884766     
   2.4099349975585938E-002 -0.95420312881469727     
  0.71449422836303711       0.51080179214477539     
 -0.95218610763549805       0.61352062225341797     
 -0.55516386032104492      -0.63810491561889648     
 -0.62616825103759766       -1.7781257629394531E-003
  0.11612796783447266      -0.23412132263183594     
 -0.87124109268188477      -0.94178104400634766     
 -0.51034355163574219       0.65816974639892578     
 -0.13963508605957031      -0.84370756149291992     
 -0.18630123138427734       0.83793401718139648     
 -0.84209823608398438       0.85979938507080078     
  0.65391397476196289       0.33976268768310547     
  0.39159584045410156      -0.44112300872802734     
   5.1262855529785156E-002 -0.42320680618286133     
 -0.83396959304809570      -0.52552509307861328     
 -0.49297285079956055       0.60634899139404297     
  0.91291093826293945      -0.70269966125488281     
 -0.26954174041748047      -0.18639802932739258     
 -0.78437852859497070       0.95287322998046875     
  0.94377231597900391       -1.4631748199462891E-002
   8.4653854370117188E-002  0.77978038787841797     
 -0.22552871704101562      -0.45816755294799805     
 -0.41657972335815430       0.54501628875732422     
   9.5836162567138672E-002  0.72609376907348633     
 -0.53831577301025391       0.52926397323608398     
 -0.65810489654541016      -0.76321792602539062     
  0.60007572174072266      -0.52600193023681641     
 -0.51054048538208008      -0.64995861053466797     
  0.15269470214843750       0.34265375137329102     
  0.98943614959716797      -0.54564809799194336     
 -0.70056724548339844      -0.42902803421020508     
 -0.67325878143310547       0.54197931289672852     
 -0.94858932495117188      -0.93425703048706055     
  -5.5046558380126953E-002  0.83464479446411133     
 -0.11936855316162109      -0.22404193878173828     
  0.53230619430541992       0.47319364547729492     
  0.96658134460449219      -0.66411733627319336     
  0.18508148193359375       0.66705846786499023     
 -0.74216604232788086       0.41570425033569336     
  0.74181604385375977      -0.29758119583129883     
  0.55965566635131836       0.14010620117187500     
  0.76829719543457031       0.77368497848510742     
 -0.66894578933715820      -0.96682310104370117     
  0.60644149780273438       0.47020196914672852     
  0.68638515472412109        7.7468395233154297E-002
   1.6852378845214844E-002 -0.75947809219360352     
 -0.54823112487792969      -0.11849355697631836     
  0.48673057556152344       0.48348712921142578     
  -2.7785301208496094E-002 -0.98215007781982422     
 -0.98845338821411133      -0.93201065063476562     
 -0.29643058776855469      -0.10802268981933594     
  0.47056341171264648       0.76612758636474609     
  0.31435632705688477      -0.61191749572753906     
 -0.49479627609252930       -4.0726661682128906E-002
 -0.49169635772705078        6.1855316162109375E-002
 -0.39623737335205078       0.44056797027587891     
  0.63081789016723633       0.16339874267578125     
  0.24947023391723633       0.85145902633666992     
  0.47545433044433594       0.96559190750122070     
  0.70791578292846680       -5.1909923553466797E-002
 -0.44531965255737305      -0.48165178298950195     
  0.88096046447753906       0.30286979675292969     
  0.33445262908935547      -0.84872007369995117     
 -0.43810558319091797       0.76403808593750000     
 -0.80816650390625000      -0.84837245941162109     
 -0.58889627456665039       0.42383813858032227     
 -0.54730701446533203      -0.58197641372680664     
  0.72686290740966797       0.38884258270263672     
 -0.71839761734008789      -0.10080099105834961     
 -0.15971422195434570      -0.31213235855102539     
  -3.7398338317871094E-003 -0.84797573089599609     
   7.2940349578857422E-002  -8.4743022918701172E-002
 -0.27463293075561523       0.24491739273071289     
  0.33041715621948242      -0.67591810226440430     
 -0.15289735794067383       0.26165628433227539     
 -0.34188032150268555        1.9664287567138672E-002
  0.49862813949584961       0.44559383392333984     
 -0.90058708190917969      -0.16597366333007812     
  0.48296308517456055      -0.83171510696411133     
 -0.62925863265991211        5.0977706909179688E-002
  0.78268814086914062       0.64160108566284180     
 -0.61047792434692383      -0.30048370361328125     
 -0.22706556320190430      -0.28834772109985352     
 -0.25871896743774414      -0.28277730941772461     
 -0.63416433334350586      -0.39533042907714844     
 -0.31270980834960938       0.28973102569580078     
 -0.48511600494384766       0.66177320480346680     
  0.42754077911376953      -0.31655788421630859     
 -0.38257884979248047       -2.1290779113769531E-003
  0.22082138061523438      -0.65149354934692383     
  0.35255193710327148      -0.65745401382446289     
  0.17486858367919922      -0.97644233703613281     
  0.93866586685180664       0.16193485260009766     
 -0.35555458068847656       0.19775152206420898     
 -0.38399219512939453       0.24454259872436523     
   3.5370826721191406E-002  0.48264217376708984     
 -0.22654104232788086       0.53184509277343750     
  0.72391414642333984       0.82565116882324219     
  0.72611141204833984      -0.24304246902465820     
 -0.81306505203247070       0.81949090957641602     
 -0.81104087829589844       0.84240865707397461     
  0.36617994308471680       0.38874006271362305     
 -0.44192028045654297       0.64749383926391602     
  0.43623208999633789      -0.24418449401855469     
  -4.7626495361328125E-003  -3.9988994598388672E-002
  -9.2442035675048828E-002  0.32730817794799805     
 -0.92912626266479492       0.17537307739257812     
 -0.49708795547485352      -0.54937505722045898     
  0.65858221054077148       0.79147577285766602     
  0.33685016632080078      -0.55691194534301758     
  -1.8733501434326172E-002 -0.84897375106811523     
 -0.69519662857055664      -0.16352033615112305     
 -0.27833175659179688        8.1569194793701172E-002
  0.93445110321044922      -0.67389154434204102     
  -8.9939594268798828E-002  0.38620090484619141     
  0.88127946853637695      -0.33436107635498047     
  0.39456844329833984      -0.48105669021606445     
  0.88799095153808594       0.46492338180541992     
  -3.2429218292236328E-002  0.96946096420288086     
 -0.26533317565917969       0.54845285415649414     
 -0.15053606033325195       -5.5442810058593750E-002
  0.17449855804443359       0.80137491226196289     
  0.71403408050537109       0.77384090423583984     
  -5.2637577056884766E-002 -0.67347383499145508     
  0.93201971054077148       0.45740318298339844     
 -0.42275142669677734       0.81970262527465820     
  0.74978494644165039      -0.35781764984130859     
  0.16446161270141602       0.10846233367919922     
  0.93022298812866211       0.26017141342163086     
  0.70162820816040039       0.26696681976318359     
  0.91537237167358398       0.66442012786865234     
  0.91577005386352539      -0.65056133270263672     
   2.2117137908935547E-002 -0.27492332458496094     
 -0.62929821014404297      -0.61481189727783203     
  0.86305046081542969      -0.70315837860107422     
   2.2799015045166016E-002 -0.80937051773071289     
  0.91495323181152344      -0.37384939193725586     
  0.71981716156005859       -2.8021812438964844E-002
 -0.95882177352905273      -0.91706228256225586     
  0.93651819229125977        6.7737102508544922E-002
  0.46544170379638672       0.68048000335693359     
  0.83209371566772461      -0.99466133117675781     
  0.73271989822387695       0.82846117019653320     
  -4.8324584960937500E-002 -0.18334054946899414     
  0.59791135787963867      -0.90046167373657227     
  -5.7737827301025391E-002 -0.39381790161132812     
 -0.89244318008422852       0.70867824554443359     
  0.75832271575927734      -0.86753559112548828     
 -0.66786193847656250      -0.74850702285766602     
 -0.15186500549316406      -0.39352846145629883     
  -3.2721996307373047E-002   4.5923233032226562E-002
 -0.16170310974121094       0.26268100738525391     
  0.88607120513916016       0.20657014846801758     
 -0.17378377914428711      -0.77850723266601562     
 -0.36388874053955078       0.12211465835571289     
  0.38529777526855469      -0.29641437530517578     
  0.17001724243164062      -0.51797485351562500     
  0.40080404281616211       0.31894302368164062     
  0.47695875167846680       0.24925708770751953     
 -0.73369121551513672       0.85623502731323242     
  0.74596881866455078      -0.49641609191894531     
  0.73537302017211914      -0.58314800262451172     
 -0.96171522140502930       0.45826911926269531     
  0.12950563430786133       0.60452270507812500     
  0.21861076354980469       0.19367933273315430     
 -0.82750129699707031       0.19201040267944336     
 -0.87492322921752930      -0.83166027069091797     
  0.28708362579345703      -0.97863578796386719     
   7.6231956481933594E-002 -0.76635313034057617     
  -9.1252803802490234E-002  0.31688833236694336     
  -5.5220603942871094E-002  -9.1837882995605469E-002
  0.48166227340698242      -0.69974899291992188     
 -0.67692327499389648       0.95117664337158203     
  0.43387460708618164       0.13072013854980469     
 -0.98303842544555664        7.9209804534912109E-002
 -0.71797370910644531      -0.98212337493896484     
 -0.54452610015869141       0.15440845489501953     
 -0.85134506225585938      -0.55523967742919922     
   9.3803882598876953E-002  0.56909465789794922     
  0.77907705307006836       -4.7447204589843750E-002
  0.55593538284301758      -0.39028310775756836     
  0.51314306259155273       0.39731168746948242     
 -0.37987518310546875      -0.56017875671386719     
 -0.91831874847412109      -0.18223476409912109     
 -0.81516599655151367      -0.49202251434326172     
  0.57799625396728516       0.39098834991455078     
 -0.65264081954956055      -0.93011951446533203     
 -0.51218318939208984      -0.26279783248901367     
 -0.84067630767822266       0.75699186325073242     
  0.76698637008666992       0.74265909194946289     
 -0.12258625030517578      -0.30306386947631836     
  0.40998077392578125       0.54883480072021484     
  0.26981019973754883       0.70598459243774414     
 -0.51064920425415039      -0.48020172119140625     
 -0.74828958511352539      -0.49557304382324219     
  0.90418481826782227       0.63927984237670898     
  0.37995481491088867       -9.4797611236572266E-002
  0.73951339721679688      -0.99830389022827148     
 -0.49046230316162109       0.80390930175781250     
 -0.69015312194824219       0.60266447067260742     
  0.98515176773071289      -0.54816675186157227     
  0.96389341354370117       0.16283082962036133     
  0.69954681396484375      -0.71454000473022461     
  0.72678422927856445      -0.93298435211181641     
 -0.66158819198608398       0.69391202926635742     
  0.58490467071533203       0.49807214736938477     
 -0.89655542373657227      -0.40138673782348633     
 -0.10455036163330078       0.82808923721313477     
 -0.29660034179687500      -0.95495796203613281     
   2.1673202514648438E-002  0.26291561126708984     
  0.82506752014160156       0.91226673126220703     
  0.47366619110107422       0.91558980941772461     
  0.32116603851318359      -0.15732479095458984     
 -0.15345048904418945       0.95785617828369141     
  0.69248199462890625       0.54716634750366211     
  0.22940063476562500      -0.45982789993286133     
 -0.32627344131469727       0.32334136962890625     
  0.40030336380004883       -9.5860004425048828E-002
  0.88867616653442383       -1.4692783355712891E-002
 -0.93443346023559570       0.98131084442138672     
  0.89425754547119141      -0.20914554595947266     
  0.89590215682983398      -0.56855344772338867     
  0.32226991653442383       0.39358091354370117     
  0.91808748245239258       0.29789781570434570     
  0.76938104629516602       0.99214220046997070     
  0.94042778015136719      -0.22965812683105469     
  0.14303731918334961        2.8467178344726562E-002
  0.44909524917602539       -5.3568840026855469E-002
 -0.32927989959716797      -0.20707988739013672     
 -0.38427352905273438      -0.47744989395141602     
 -0.49987840652465820       0.54512786865234375     
  -3.1735897064208984E-002  0.61575603485107422     
 -0.98740196228027344       0.73872613906860352     
 -0.22762298583984375       0.34627437591552734     
 -0.16367340087890625      -0.85795021057128906     
  0.43737030029296875       0.88662385940551758     
 -0.50927400588989258       0.63200569152832031     
  0.12463188171386719       0.69350719451904297     
 -0.21822929382324219       0.22342634201049805     
 -0.86771583557128906       0.30223751068115234     
 -0.28780889511108398       0.80370044708251953     
 -0.20560169219970703       0.45898628234863281     
  0.18652820587158203       0.98557567596435547     
  0.57619285583496094        7.5515747070312500E-002
 -0.80116462707519531       0.83193683624267578     
  0.36721038818359375      -0.28798294067382812     
 -0.12475490570068359      -0.75209331512451172     
 -0.42926216125488281      -0.60253429412841797     
 -0.79378461837768555       0.86577081680297852     
 -0.98488998413085938       0.95680713653564453     
 -0.93860626220703125       0.84879302978515625     
 -0.32833385467529297      -0.30402278900146484     
  0.29662895202636719      -0.55243492126464844     
 -0.77021217346191406      -0.95272636413574219     
 -0.46846437454223633       0.52319002151489258     
 -0.74456119537353516       0.16664361953735352     
  0.78184270858764648       0.43170022964477539     
 -0.40629339218139648      -0.57009506225585938     
  0.41280841827392578        7.3647975921630859E-002
 -0.19162034988403320      -0.55793952941894531     
  0.71584224700927734      -0.83880901336669922     
  0.13893270492553711      -0.95625066757202148     
  0.29543733596801758      -0.58310365676879883     
 -0.21750545501708984       0.38654327392578125     
  0.63959312438964844      -0.35443258285522461     
 -0.94478368759155273      -0.97729253768920898     
  0.64505481719970703      -0.56206226348876953     
 -0.57969236373901367      -0.88418531417846680     
 -0.50036764144897461       0.32418441772460938     
  0.57099390029907227       0.69563722610473633     
 -0.42437648773193359      -0.49172735214233398     
 -0.46028900146484375       -7.1311473846435547E-002
 -0.52410745620727539      -0.67138338088989258     
   6.4387798309326172E-002  0.16839504241943359     
  0.22284364700317383      -0.66299629211425781     
 -0.97341966629028320      -0.26332950592041016     
  0.22348833084106445       0.17200136184692383     
  0.83431673049926758       0.36803436279296875     
 -0.44357395172119141       0.85635423660278320     
  0.74897146224975586       -3.0296802520751953E-002
  0.80548238754272461      -0.25488471984863281     
  0.15735578536987305       0.68282604217529297     
  0.25813341140747070       0.45151090621948242     
  0.54775667190551758       0.14653730392456055     
  0.85919094085693359       0.42411375045776367     
   8.6107254028320312E-002 -0.79141330718994141     
  0.72334051132202148      -0.80815505981445312     
 -0.66190099716186523      -0.56955623626708984     
 -0.52375507354736328      -0.74926376342773438     
 -0.86977767944335938      -0.35156345367431641     
 -0.72613143920898438       -8.7653160095214844E-002
  0.81536436080932617      -0.16677570343017578     
 -0.99163389205932617      -0.38925886154174805     
 -0.26763963699340820      -0.21195411682128906     
 -0.30782651901245117       0.36217308044433594     
 -0.94985771179199219      -0.25259828567504883     
  0.58537673950195312       0.43025398254394531     
 -0.71751642227172852       0.70476436614990234     
  0.97715663909912109      -0.92144870758056641     
 -0.78207302093505859      -0.29553270339965820     
  0.98951339721679688       0.75615882873535156     
  0.76896142959594727       -6.2155723571777344E-002
 -0.64491510391235352       0.91318178176879883     
 -0.15337228775024414       0.27902555465698242     
 -0.41350173950195312       0.28160619735717773     
  0.95817041397094727       -2.2480487823486328E-002
  0.17397022247314453       -7.4995517730712891E-002
 -0.44684219360351562       -6.9590568542480469E-002
  0.39644002914428711       0.97100830078125000     
 -0.25666475296020508       0.24138784408569336     
 -0.98776435852050781       0.64946651458740234     
 -0.41446113586425781       0.15897226333618164     
 -0.14691591262817383       0.78958463668823242     
  0.55620288848876953       0.10524606704711914     
  0.87095451354980469       0.13922309875488281     
  -7.4897289276123047E-002 -0.79687118530273438     
  0.98998165130615234       0.62167596817016602     
  0.50912094116210938       0.79786109924316406     
 -0.34503173828125000      -0.94768476486206055     
  0.26680612564086914       0.21241044998168945     
  -1.5319347381591797E-002  0.52806472778320312     
 -0.81202316284179688       0.33240079879760742     
  0.66673135757446289      -0.24022197723388672     
  0.59338235855102539       0.98055267333984375     
  0.15014219284057617      -0.55569505691528320     
  0.43587398529052734      -0.26277208328247070     
 -0.40537357330322266       0.88876819610595703     
 -0.46499300003051758       0.86299657821655273     
  0.39115858078002930       0.20687961578369141     
 -0.96846532821655273      -0.99561309814453125     
  0.73590278625488281       0.32485675811767578     
 -0.12509918212890625      -0.54158735275268555     
 -0.45573854446411133       0.40521430969238281     
  0.44032621383666992       0.56403303146362305     
 -0.29130268096923828        7.8319549560546875E-002
  0.31800794601440430       0.76694679260253906     
   7.9437255859375000E-002 -0.89782905578613281     
  0.19072246551513672      -0.51949882507324219     
  0.78760194778442383      -0.76955747604370117     
   5.1117420196533203E-002 -0.86448621749877930     
  0.58377456665039062      -0.49367713928222656     
  0.77137613296508789       0.52198314666748047     
  0.97391939163208008       0.67016458511352539     
 -0.54067468643188477       0.88572931289672852     
  0.46059036254882812      -0.85015821456909180     
 -0.60516691207885742       0.96495532989501953     
   6.2170028686523438E-003  0.49196100234985352     
  0.39316415786743164       -8.5542678833007812E-002
  0.28819513320922852      -0.29892349243164062     
  -3.3125877380371094E-003  0.32608127593994141     
  0.44951772689819336      -0.95494222640991211     
  0.28609466552734375       0.39862585067749023     
 -0.29351711273193359       0.86562395095825195     
  0.54754972457885742       0.67065906524658203     
 -0.22943067550659180       -3.4000873565673828E-002
  0.55491685867309570       0.49203824996948242     
 -0.30632781982421875      -0.45128679275512695     
 -0.77541542053222656      -0.40650177001953125     
  -7.1472167968750000E-002  0.77407312393188477     
 -0.14660596847534180       -4.9405097961425781E-003
  0.96985244750976562       0.31714439392089844     
  0.24669981002807617       0.28417062759399414     
   5.9113025665283203E-002 -0.48173475265502930     
 -0.50953531265258789       0.24712562561035156     
 -0.55193090438842773      -0.30035877227783203     
 -0.12764215469360352       0.72332143783569336     
  0.86895990371704102       0.61511135101318359     
  0.17727136611938477      -0.59359788894653320     
 -0.59441041946411133      -0.24996900558471680     
  0.77574968338012695        3.1109333038330078E-002
  0.85982751846313477      -0.87475061416625977     
   7.1515560150146484E-002  -3.3480167388916016E-002
 -0.69557809829711914      -0.57463121414184570     
  0.17483043670654297       0.38099718093872070     
 -0.57681608200073242      -0.54622793197631836     
 -0.44868564605712891       0.94202566146850586     
  0.62889194488525391      -0.21253776550292969     
 -0.11561346054077148       0.88913011550903320     
 -0.38268327713012695       0.24427890777587891     
 -0.39906549453735352       0.90880489349365234     
  0.28669261932373047       0.44979715347290039     
 -0.25833845138549805       0.11275959014892578     
 -0.84752511978149414      -0.34934949874877930     
  0.48479509353637695       -4.4734954833984375E-002
  0.14484930038452148       0.48716211318969727     
 -0.26085805892944336      -0.23822879791259766     
   8.8739871978759766E-002 -0.54145002365112305     
 -0.14708471298217773       -5.1887989044189453E-002
  -7.9311370849609375E-002 -0.98545169830322266     
 -0.48054218292236328      -0.46506071090698242     
 -0.27292251586914062       0.99658775329589844     
 -0.34958362579345703       0.55138731002807617     
 -0.83245086669921875       0.99959945678710938     
  0.26925945281982422      -0.55010557174682617     
  0.37806940078735352       0.21734476089477539     
  0.91368722915649414       0.34808397293090820     
  0.25369834899902344       -8.7424755096435547E-002
  0.65660905838012695      -0.36805248260498047     
  0.14534187316894531       0.76469039916992188     
  0.15462017059326172       0.70836925506591797     
 -0.43383169174194336       0.59612989425659180     
 -0.83950185775756836       0.49827289581298828     
  0.47302532196044922       0.14099597930908203     
 -0.27792167663574219       0.97318792343139648     
  0.37532997131347656       0.17104196548461914     
  0.70482730865478516        3.5845279693603516E-002
  0.45822906494140625      -0.53892898559570312     
  0.22511291503906250      -0.52074718475341797     
 -0.19678783416748047       0.58828592300415039     
 -0.67417526245117188      -0.86150503158569336     
  0.69060134887695312       0.93965387344360352     
  0.77050781250000000       -6.9202423095703125E-002
  0.92014122009277344       0.82046651840209961     
 -0.41792774200439453      -0.10654687881469727     
 -0.72595024108886719       0.95506668090820312     
 -0.18643712997436523       0.55917692184448242     
   8.9354991912841797E-002 -0.20823192596435547     
  0.24690294265747070      -0.30015134811401367     
 -0.64093208312988281      -0.13975858688354492     
 -0.91515970230102539       0.91808414459228516     
  0.24367666244506836      -0.52441501617431641     
  0.15847015380859375      -0.58768653869628906     
  0.75892114639282227      -0.80620574951171875     
  0.10336589813232422      -0.72566318511962891     
 -0.21906852722167969       0.11833667755126953     
  0.89052724838256836      -0.90089893341064453     
  0.59463214874267578       -1.5460491180419922E-002
  0.16292047500610352       0.20532464981079102     
  0.89282274246215820      -0.32043600082397461     
  0.43509769439697266       0.68935537338256836     
   3.4432411193847656E-003 -0.12502479553222656     
  0.71186828613281250       0.37333488464355469     
  0.64240646362304688       0.92815446853637695     
 -0.50075721740722656      -0.22593879699707031     
  0.64996290206909180       -6.6667556762695312E-002
 -0.47928714752197266       0.62426519393920898     
   2.7897357940673828E-002  0.87804031372070312     
 -0.77159595489501953      -0.21232032775878906     
 -0.46101188659667969      -0.22531843185424805     
 -0.92143106460571289      -0.49011802673339844     
  0.59011650085449219        9.0452671051025391E-002
  0.24068021774291992      -0.88201427459716797     
  -8.6688995361328125E-003  0.30744791030883789     
 -0.71742057800292969       0.31975126266479492     
   6.2815666198730469E-002 -0.25200319290161133     
  0.58994960784912109      -0.71055793762207031     
 -0.34446954727172852       0.50680398941040039     
 -0.13898324966430664       0.10978174209594727     
 -0.89645195007324219      -0.66612434387207031     
  0.45383691787719727      -0.35987329483032227     
 -0.38934993743896484       0.19692087173461914     
 -0.34753417968750000       0.99522256851196289     
  0.71009159088134766       0.51136875152587891     
  0.58255434036254883       0.99621105194091797     
 -0.68081903457641602      -0.52078485488891602     
 -0.82510471343994141       0.47157812118530273     
 -0.18065166473388672      -0.21139621734619141     
 -0.92875242233276367       0.45825719833374023     
  -6.5371036529541016E-002 -0.68640184402465820     
 -0.35391187667846680      -0.19460535049438477     
 -0.73171281814575195       0.10827112197875977     
 -0.28586721420288086      -0.56311035156250000     
 -0.19342136383056641      -0.83174467086791992     
  0.87450218200683594      -0.23401737213134766     
  0.87162876129150391      -0.52866411209106445     
  0.75006675720214844       0.37334775924682617     
  0.86199855804443359      -0.38458585739135742     
  0.27337265014648438       0.57946252822875977     
 -0.96688938140869141      -0.50981760025024414     
 -0.50144529342651367       0.21049118041992188     
 -0.27354764938354492       0.49131488800048828     
 -0.47030591964721680      -0.42775249481201172     
  0.76466941833496094      -0.20104122161865234     
 -0.89487504959106445      -0.16209363937377930     
 -0.30046510696411133        8.6161136627197266E-002
  0.11700916290283203       0.57748603820800781     
 -0.18719768524169922      -0.22378873825073242     
  0.78922510147094727       0.50692033767700195     
 -0.18657016754150391       0.31563854217529297     
  0.94085454940795898       0.94768619537353516     
 -0.23451471328735352       0.51250314712524414     
 -0.35712146759033203      -0.13762092590332031     
 -0.99035596847534180      -0.90679883956909180     
 -0.56064558029174805      -0.76395654678344727     
  0.18358755111694336      -0.43766450881958008     
  0.17942905426025391      -0.33235406875610352     
  0.12714385986328125       0.90729951858520508     
  0.98807954788208008       0.65422868728637695     
 -0.37264871597290039       0.89971923828125000     
 -0.41818428039550781      -0.41580820083618164     
 -0.48440456390380859       0.61982393264770508     
 -0.61827516555786133       0.65611982345581055     
 -0.59031105041503906       0.64972305297851562     
  -9.7122669219970703E-002 -0.33557653427124023     
  -2.6980400085449219E-002  0.54835891723632812     
  0.27504873275756836       0.75079202651977539     
  0.56304311752319336      -0.92836380004882812     
  0.99441814422607422      -0.80775451660156250     
   7.6007843017578125E-002 -0.53083658218383789     
  0.23265027999877930       0.15691232681274414     
 -0.76867580413818359       0.86696672439575195     
 -0.88696146011352539       0.83985185623168945     
 -0.60573720932006836      -0.62003040313720703     
 -0.84907293319702148      -0.36855268478393555     
 -0.25800275802612305      -0.25227022171020508     
   9.6862316131591797E-002  -2.8579711914062500E-002
 -0.33752012252807617      -0.69933271408081055     
  0.32108736038208008       0.51674747467041016     
  0.97755765914916992      -0.18461942672729492     
 -0.89556837081909180       0.18733835220336914     
  0.60197114944458008      -0.66461801528930664     
 -0.22887611389160156      -0.71514272689819336     
  0.59925889968872070      -0.25082397460937500     
  0.40575313568115234      -0.50170040130615234     
  -7.2254657745361328E-002 -0.38197517395019531     
  0.14690303802490234      -0.99549722671508789     
  0.68459081649780273       -8.1273078918457031E-002
   4.4074058532714844E-002  0.75476026535034180     
 -0.74129533767700195      -0.94698190689086914     
   7.9317092895507812E-002 -0.91011381149291992     
 -0.27921342849731445      -0.73752021789550781     
  0.50028228759765625       0.24942779541015625     
  0.14096546173095703      -0.78802871704101562     
 -0.39676761627197266      -0.46836042404174805     
  0.27274322509765625        1.8272399902343750E-003
  0.71399879455566406       0.18423366546630859     
  0.41655492782592773      -0.95602655410766602     
   6.5680980682373047E-002  -9.5194816589355469E-002
   6.7987442016601562E-002  0.66649580001831055     
 -0.20252466201782227       0.16815233230590820     
  0.14045286178588867       0.59595251083374023     
  0.17841672897338867       0.65485668182373047     
  0.17710924148559570       0.68122911453247070     
 -0.57839298248291016       0.95442152023315430     
  0.96521377563476562       0.34797334671020508     
  0.39531135559082031        1.7051696777343750E-003
  0.66164302825927734       0.24082183837890625     
 -0.50071620941162109       0.46797847747802734     
 -0.68358898162841797       0.92361927032470703     
 -0.72399044036865234      -0.10139703750610352     
 -0.17480564117431641        4.1892528533935547E-002
   8.9660167694091797E-002  0.92420673370361328     
 -0.85008621215820312       0.60288000106811523     
  0.61178159713745117       0.22132968902587891     
 -0.10827589035034180       0.21286201477050781     
 -0.42137765884399414       -9.3024253845214844E-002
  0.54331350326538086      -0.52729368209838867     
 -0.21727323532104492       0.29619073867797852     
   7.8584671020507812E-002  0.77305936813354492     
  0.81131839752197266      -0.16937780380249023     
 -0.73133373260498047       0.48187828063964844     
  0.93189001083374023       0.27675724029541016     
 -0.53358602523803711        1.9990444183349609E-002
  -1.9172668457031250E-002 -0.22764301300048828     
   4.2934417724609375E-003  0.16113567352294922     
  0.21189117431640625      -0.73879432678222656     
 -0.91058206558227539      -0.14987993240356445     
  0.97045564651489258       0.45196390151977539     
  0.15775775909423828      -0.55901050567626953     
  0.71664857864379883       0.71449041366577148     
  0.44047403335571289      -0.95075035095214844     
  0.74409532546997070        1.4750480651855469E-002
  -8.4500312805175781E-002 -0.19341659545898438     
 -0.74469947814941406      -0.16221809387207031     
 -0.39162397384643555       -2.1604061126708984E-002
  0.90855073928833008        1.4136791229248047E-002
 -0.39643049240112305      -0.80462026596069336     
  0.75004005432128906       -7.2238445281982422E-002
 -0.11043167114257812       -1.7999649047851562E-002
 -0.51323843002319336        9.5677375793457031E-003
  0.81079578399658203      -0.94799709320068359     
 -0.98523569107055664      -0.85107898712158203     
  -7.8885078430175781E-002  0.18403482437133789     
 -0.92203330993652344      -0.60876846313476562     
  0.43612861633300781        1.4229297637939453E-002
 -0.84568262100219727       0.61887359619140625     
 -0.58899879455566406       0.69950103759765625     
  0.52105808258056641      -0.56898355484008789     
 -0.90480279922485352       0.98002719879150391     
 -0.68216609954833984       0.84117603302001953     
 -0.34959363937377930       0.38654804229736328     
  0.71865510940551758       0.44030332565307617     
  0.18018102645874023       0.30633974075317383     
  0.65968704223632812      -0.63636207580566406     
  0.66502094268798828      -0.99281549453735352     
 -0.24807596206665039       0.59181928634643555     
  0.70898056030273438      -0.16017246246337891     
  -1.2450218200683594E-002  0.75573301315307617     
 -0.39085149765014648       0.96004199981689453     
 -0.57302951812744141      -0.90430641174316406     
 -0.67070817947387695      -0.59132146835327148     
 -0.33384227752685547      -0.88505601882934570     
  0.86862611770629883      -0.99385976791381836     
  0.20141601562500000      -0.79348707199096680     
 -0.13635683059692383       0.25739145278930664     
  -1.8071174621582031E-002  0.28373908996582031     
  0.81000137329101562      -0.30569982528686523     
  0.10562419891357422      -0.76836729049682617     
   5.6553840637207031E-002  0.50497817993164062     
 -0.82705402374267578      -0.28976011276245117     
   7.4253082275390625E-003  0.79778909683227539     
  0.44601297378540039       0.14710521697998047     
  0.40147590637207031      -0.39076805114746094     
  0.36398267745971680      -0.53536558151245117     
  0.11202096939086914       0.74185705184936523     
  0.39232921600341797      -0.12124395370483398     
  0.26046848297119141      -0.30527353286743164     
 -0.72880268096923828      -0.97875261306762695     
  0.11018514633178711      -0.11103677749633789     
 -0.19303083419799805      -0.26545190811157227     
  0.55260324478149414      -0.39111709594726562     
  0.49771213531494141      -0.94754409790039062     
  0.63155889511108398       0.61817359924316406     
 -0.35600757598876953       0.58272552490234375     
 -0.12570428848266602      -0.71153163909912109     
 -0.70839023590087891        9.1709136962890625E-002
 -0.63900136947631836       0.30844688415527344     
   6.9859981536865234E-002  0.13995790481567383     
  0.27713251113891602      -0.23043203353881836     
 -0.86542177200317383       0.86158514022827148     
  0.66370439529418945       0.88535690307617188     
  0.19686555862426758       0.72263050079345703     
 -0.74631118774414062       0.75297212600708008     
 -0.79350471496582031      -0.42738819122314453     
  0.89320135116577148        4.2418003082275391E-002
  0.91993379592895508      -0.67248916625976562     
 -0.52200269699096680       0.70452594757080078     
  0.96827125549316406      -0.25959348678588867     
 -0.98505020141601562       0.26469278335571289     
  0.69302845001220703      -0.26993560791015625     
 -0.80071306228637695       0.42165231704711914     
  0.71571588516235352      -0.95952033996582031     
 -0.65552043914794922       0.66959381103515625     
 -0.13081026077270508      -0.52142524719238281     
  0.41177511215209961       0.70688772201538086     
  0.66726350784301758       0.69847774505615234     
 -0.67879676818847656      -0.53523015975952148     
  0.39071559906005859       0.75810146331787109     
 -0.58448171615600586       0.61656665802001953     
  0.63824415206909180       0.97558116912841797     
  0.59347629547119141       0.55675220489501953     
 -0.66547679901123047      -0.66622638702392578     
  0.73784255981445312       0.92777395248413086     
 -0.90108394622802734      -0.51370429992675781     
  0.17352533340454102       0.44194650650024414     
 -0.19837045669555664       -8.7223052978515625E-003
 -0.58879661560058594       0.10123252868652344     
 -0.57932519912719727      -0.71569156646728516     
 -0.62496232986450195       0.25976800918579102     
  -7.1828365325927734E-002  0.78361368179321289     
  0.19959354400634766       0.56934499740600586     
  0.98587560653686523      -0.38171577453613281     
  0.50630044937133789      -0.60597229003906250     
 -0.57247209548950195       0.46330976486206055     
  0.85405397415161133        8.6973667144775391E-002
 -0.23143911361694336       0.20441961288452148     
 -0.31248188018798828       0.11862564086914062     
 -0.25302267074584961      -0.54644918441772461     
 -0.16841840744018555      -0.60099840164184570     
 -0.97985172271728516      -0.36453866958618164     
 -0.79374504089355469      -0.47086620330810547     
  0.15803289413452148        6.3916206359863281E-002
  0.24657535552978516       0.19983625411987305     
  0.65229940414428711      -0.80235242843627930     
  0.87003087997436523       0.61092376708984375     
 -0.20035219192504883       0.68336153030395508     
 -0.73676776885986328      -0.85407352447509766     
 -0.41247272491455078      -0.42516994476318359     
  0.17022943496704102      -0.94650506973266602     
   9.1969966888427734E-002 -0.25953722000122070     
  -3.9139747619628906E-002  0.18484306335449219     
  0.66347932815551758      -0.89769077301025391     
  0.51313495635986328       0.26683044433593750     
  0.62212085723876953       -1.2110233306884766E-002
  0.46668148040771484      -0.47761678695678711     
  0.69727945327758789      -0.81986427307128906     
  0.54543685913085938      -0.83868980407714844     
  0.14739799499511719      -0.67675542831420898     
 -0.22193861007690430      -0.11704826354980469     
  0.77309703826904297      -0.55538749694824219     
 -0.39463710784912109      -0.65987205505371094     
 -0.46674680709838867      -0.60879325866699219     
   1.6196727752685547E-002  0.22266864776611328     
  0.39514970779418945      -0.71260499954223633     
 -0.74788951873779297       0.22539949417114258     
  0.29513072967529297       0.26576805114746094     
  0.76724529266357422      -0.90199756622314453     
  0.13036441802978516      -0.96368360519409180     
 -0.62620449066162109      -0.61461448669433594     
  0.18116521835327148       0.84672975540161133     
  0.98882913589477539      -0.74753952026367188     
  0.10952997207641602       0.87654161453247070     
   3.7575244903564453E-002 -0.46947002410888672     
 -0.37882518768310547      -0.90874195098876953     
  0.77830362319946289       0.94933748245239258     
 -0.48062849044799805        7.9892158508300781E-002
  0.74765729904174805      -0.12249374389648438     
 -0.74751043319702148       0.59767627716064453     
 -0.84853649139404297       0.65273094177246094     
  0.45655822753906250      -0.62069320678710938     
   1.3627529144287109E-002 -0.95489406585693359     
 -0.90054178237915039       0.59479618072509766     
  0.74519777297973633       0.53923416137695312     
  0.91546487808227539       0.22305727005004883     
  0.92935419082641602      -0.33943557739257812     
 -0.88681030273437500      -0.61405801773071289     
 -0.46942281723022461       0.41459655761718750     
  0.12914466857910156       0.53465700149536133     
  -1.7588138580322266E-002  0.39636564254760742     
 -0.27571630477905273        3.6759853363037109E-002
 -0.17522716522216797       0.96352052688598633     
 -0.10591888427734375      -0.17492485046386719     
   4.5698642730712891E-002   6.1416625976562500E-002
  0.23072767257690430      -0.15273475646972656     
  0.99130582809448242       0.88171720504760742     
 -0.97848176956176758       0.65703964233398438     
  0.87158966064453125       0.80858373641967773     
 -0.13290882110595703       0.20345354080200195     
 -0.54847288131713867      -0.17978429794311523     
  0.37155628204345703       0.74727249145507812     
 -0.58884334564208984      -0.68805694580078125     
 -0.16525936126708984       0.48756504058837891     
  0.50923299789428711       0.68387508392333984     
 -0.10576963424682617       0.33406829833984375     
  0.69289731979370117      -0.47318363189697266     
 -0.79267978668212891      -0.56623077392578125     
 -0.63482284545898438       0.53887224197387695     
  0.83018112182617188       0.85741567611694336     
  0.58955621719360352       0.67158937454223633     
 -0.59351873397827148       0.73604106903076172     
  0.64786434173583984       0.65810155868530273     
  0.71893596649169922      -0.84088134765625000     
 -0.68891143798828125      -0.53190660476684570     
  0.25292873382568359       0.97622871398925781     
 -0.52109289169311523       -6.0043334960937500E-003
 -0.91341686248779297       0.20816135406494141     
  0.57427310943603516      -0.18457460403442383     
 -0.14390802383422852      -0.66041278839111328     
  0.44832563400268555      -0.98864746093750000     
 -0.19786024093627930       0.56303071975708008     
  0.85828924179077148      -0.72568655014038086     
 -0.60883760452270508      -0.72658824920654297     
  0.23427152633666992      -0.59476900100708008     
 -0.27932548522949219      -0.62085771560668945     
 -0.75305652618408203      -0.61530494689941406     
  0.57321929931640625       0.10396051406860352     
 -0.73536539077758789       0.71519374847412109     
  0.26727628707885742       0.11472654342651367     
  0.21551990509033203       0.24430656433105469     
   6.0780525207519531E-002 -0.45691490173339844     
  0.63300371170043945       0.89694833755493164     
 -0.98653697967529297      -0.72128868103027344     
 -0.69405460357666016      -0.97404527664184570     
 -0.77558374404907227       0.77105903625488281     
 -0.80708551406860352      -0.68448066711425781     
  -6.0981750488281250E-002 -0.91930294036865234     
 -0.71943140029907227       0.52310943603515625     
  -9.3873977661132812E-002  0.26274108886718750     
 -0.10933589935302734       0.39705610275268555     
 -0.67462682723999023      -0.44757318496704102     
 -0.36129474639892578      -0.27672815322875977     
 -0.96776485443115234       0.77864313125610352     
  0.65667009353637695       0.66214799880981445     
  0.72747087478637695       0.60446166992187500     
 -0.81121444702148438       -7.4635505676269531E-002
 -0.39821672439575195      -0.82694864273071289     
 -0.51909112930297852      -0.35723400115966797     
  -3.1696319580078125E-002 -0.71354007720947266     
 -0.46203374862670898       0.60362768173217773     
 -0.82861709594726562      -0.56701374053955078     
  0.20067644119262695       0.77157020568847656     
 -0.21412372589111328      -0.76998901367187500     
  0.80252218246459961       -6.9575309753417969E-003
 -0.93111467361450195       0.76173830032348633     
  0.54249858856201172      -0.22137355804443359     
 -0.62054729461669922       0.46215438842773438     
 -0.56864690780639648       0.75813865661621094     
   4.0469169616699219E-002  0.17202520370483398     
 -0.76556777954101562      -0.89408445358276367     
 -0.87708187103271484       0.88569879531860352     
  -5.8783054351806641E-002   3.9144992828369141E-002
  -8.5558414459228516E-002   2.4900436401367188E-002
  0.50680780410766602       -7.7561855316162109E-002
  0.41834306716918945      -0.90588331222534180     
  0.82011127471923828      -0.38888406753540039     
   3.1820774078369141E-002  0.81679773330688477     
  -7.2781085968017578E-002  0.77065849304199219     
  0.46506977081298828       0.43439579010009766     
  0.89105701446533203       -1.4090538024902344E-003
  0.31813430786132812       0.88609266281127930     
  0.56633234024047852       0.35526180267333984     
  0.88694381713867188       0.86537551879882812     
  0.36648416519165039      -0.49882507324218750     
  0.25050401687622070       0.22332191467285156     
 -0.62079143524169922       0.36384487152099609     
 -0.85755920410156250      -0.99125003814697266     
   6.4287185668945312E-002  0.47708559036254883     
  0.38067483901977539        4.4560432434082031E-003
  0.89847087860107422       0.60559654235839844     
  0.26748609542846680      -0.35774087905883789     
 -0.54645729064941406      -0.30245256423950195     
  0.68284177780151367       0.52340030670166016     
  0.79330205917358398      -0.96545314788818359     
 -0.36589097976684570       0.47193574905395508     
 -0.17322492599487305       0.61632919311523438     
  0.64930057525634766       0.79572010040283203     
 -0.32714033126831055      -0.24248695373535156     
  0.52895879745483398       0.21568584442138672     
 -0.96214962005615234      -0.84111976623535156     
 -0.69321060180664062      -0.78890752792358398     
  0.83467006683349609       0.30543088912963867     
 -0.61597681045532227      -0.72201585769653320     
 -0.91494607925415039       0.50669336318969727     
   2.5982856750488281E-003 -0.32723951339721680     
   8.6160659790039062E-002  0.10814952850341797     
 -0.32328987121582031       0.46757793426513672     
  0.58426189422607422      -0.30328798294067383     
  0.64512157440185547       0.55892419815063477     
 -0.15922117233276367       -2.2676944732666016E-002
  0.87532806396484375      -0.35886669158935547     
  0.53316974639892578       0.99010658264160156     
  0.72674989700317383       0.49107313156127930     
 -0.52741765975952148      -0.30174827575683594     
  0.52169656753540039       0.15707111358642578     
 -0.10307741165161133      -0.41469383239746094     
  0.24093532562255859      -0.59441614151000977     
 -0.34681224822998047      -0.87284088134765625     
  0.17085266113281250      -0.47690486907958984     
  0.66345357894897461       0.67054414749145508     
 -0.16356134414672852      -0.96758460998535156     
 -0.18835735321044922       0.28493595123291016     
  0.92629051208496094       0.16499567031860352     
 -0.91142082214355469      -0.24398136138916016     
 -0.59224653244018555       0.11869955062866211     
  0.98498392105102539       0.62703037261962891     
  0.50386810302734375       0.51146936416625977     
  0.27283096313476562      -0.52460813522338867     
  0.91182613372802734      -0.93449306488037109     
  -1.9306182861328125E-002 -0.47503232955932617     
  0.13920116424560547      -0.44076442718505859     
   7.4608802795410156E-002  -4.7620773315429688E-002
 -0.35469150543212891       0.70630645751953125     
  0.89381837844848633       0.41324949264526367     
 -0.51546907424926758       0.51842594146728516     
 -0.81108903884887695        2.9561996459960938E-002
  0.85150337219238281      -0.78002309799194336     
  0.15537786483764648      -0.55778360366821289     
 -0.66485977172851562      -0.29802465438842773     
 -0.89425659179687500       0.23530054092407227     
  0.70338535308837891      -0.19846010208129883     
  0.48647069931030273       0.11452627182006836     
  0.84351301193237305       0.92520952224731445     
  -3.4976005554199219E-003 -0.78355455398559570     
  0.80323028564453125      -0.10639953613281250     
 -0.25352191925048828      -0.94228076934814453     
 -0.90910243988037109       0.72235298156738281     
  0.58732557296752930      -0.81167936325073242     
  0.11161136627197266      -0.14744567871093750     
 -0.11336421966552734       0.69299840927124023     
 -0.77385950088500977      -0.25581598281860352     
  0.50616693496704102      -0.84897851943969727     
 -0.77640295028686523      -0.99960994720458984     
 -0.43915510177612305      -0.87220001220703125     
  0.94159603118896484      -0.59440898895263672     
 -0.22487783432006836       0.48589849472045898     
  0.50177240371704102      -0.70784950256347656     
 -0.82298755645751953        5.4666996002197266E-002
  0.79155969619750977      -0.25529575347900391     
 -0.75035429000854492       0.80025482177734375     
 -0.11134243011474609       0.67207241058349609     
 -0.47132825851440430       0.38950061798095703     
  0.34002780914306641       0.84771156311035156     
 -0.50761222839355469       0.56477165222167969     
  0.11970663070678711       -8.6470127105712891E-002
  0.70431327819824219      -0.60574960708618164     
 -0.83207798004150391      -0.73390531539916992     
 -0.73915195465087891      -0.92467737197875977     
  0.95219945907592773      -0.38333177566528320     
 -0.65541172027587891       0.50184106826782227     
  0.44384765625000000      -0.24823522567749023     
  -8.8540077209472656E-002  -8.9627265930175781E-002
 -0.35970687866210938       0.40766906738281250     
 -0.30220127105712891       0.90493297576904297     
 -0.78603029251098633      -0.80353307723999023     
 -0.97878456115722656      -0.42432451248168945     
  0.38418388366699219       0.98588466644287109     
 -0.23486185073852539       0.68135690689086914     
 -0.42770671844482422      -0.46139669418334961     
 -0.69224739074707031      -0.59577369689941406     
  0.83215236663818359       -1.3892173767089844E-002
  0.52217912673950195       0.26501750946044922     
  0.15160799026489258        7.5782775878906250E-002
 -0.31269502639770508       0.54266357421875000     
  0.55312156677246094       0.31457614898681641     
 -0.91749572753906250      -0.34497928619384766     
  -5.9595108032226562E-002  0.38577795028686523     
 -0.22925901412963867       0.84975051879882812     
 -0.24243736267089844      -0.63731384277343750     
  0.67318105697631836       0.16161346435546875     
  0.24013376235961914       -6.4943790435791016E-002
  0.49529361724853516       0.40354633331298828     
  0.40598964691162109      -0.52845621109008789     
  0.24280309677124023       0.79436492919921875     
  0.89397716522216797      -0.92101097106933594     
  0.57055044174194336      -0.75278139114379883     
   1.0345458984375000E-002 -0.12170314788818359     
  0.53995847702026367      -0.91329431533813477     
  0.26659059524536133       0.59100818634033203     
 -0.91757345199584961       0.34458923339843750     
 -0.48376655578613281      -0.65815973281860352     
  0.30995225906372070      -0.63094758987426758     
 -0.33067750930786133       0.30623674392700195     
  0.92271804809570312       0.13001298904418945     
 -0.86897659301757812      -0.88579463958740234     
  0.45678710937500000      -0.77207612991333008     
 -0.27905273437500000       -3.7704467773437500E-002
  0.30183124542236328       0.88379383087158203     
  -7.4925422668457031E-002  0.72925758361816406     
  0.63998508453369141       0.23062753677368164     
  0.16093301773071289       0.80717039108276367     
  0.11415433883666992       0.59489250183105469     
  0.36592912673950195       0.17362976074218750     
  0.19921684265136719       0.24427700042724609     
 -0.43451881408691406      -0.95737552642822266     
 -0.60541677474975586       0.76469945907592773     
  0.30607604980468750       0.22764539718627930     
   4.0363311767578125E-002  0.39348316192626953     
 -0.72792339324951172      -0.20355367660522461     
  0.88043832778930664      -0.46900320053100586     
 -0.53387594223022461      -0.84988975524902344     
  -9.2466831207275391E-002  -8.3325862884521484E-002
 -0.45379495620727539      -0.92467164993286133     
 -0.95220947265625000       0.21921253204345703     
  0.30799388885498047       0.45455217361450195     
 -0.33711481094360352       0.11926651000976562     
  0.51440238952636719      -0.43597555160522461     
  0.56659364700317383       0.74670028686523438     
 -0.20782709121704102      -0.94349861145019531     
  0.62470722198486328      -0.53977537155151367     
   1.6260147094726562E-003 -0.66616296768188477     
 -0.19723892211914062      -0.98846912384033203     
  0.80389642715454102      -0.90755367279052734     
  0.74598550796508789      -0.21948814392089844     
 -0.93153142929077148      -0.24442720413208008     
  -8.5447311401367188E-002 -0.10580253601074219     
 -0.21864557266235352      -0.76877689361572266     
 -0.83224773406982422       0.41770362854003906     
  0.34592866897583008        2.9520511627197266E-002
  0.15398597717285156        4.6146392822265625E-002
 -0.41335725784301758       0.70785903930664062     
  0.98787307739257812      -0.81654691696166992     
  0.30136823654174805      -0.90372562408447266     
 -0.90948820114135742       0.23188209533691406     
 -0.75268363952636719      -0.35021829605102539     
 -0.11199378967285156      -0.27956914901733398     
 -0.71825933456420898       0.21641445159912109     
 -0.71447610855102539      -0.19954729080200195     
  0.21002006530761719      -0.18985748291015625     
 -0.92909002304077148       0.79113626480102539     
  0.63300800323486328       0.96616458892822266     
  0.33366155624389648      -0.14781904220581055     
 -0.39228820800781250       0.81940221786499023     
 -0.30053949356079102       0.83364486694335938     
 -0.92752981185913086      -0.98706722259521484     
  0.36298990249633789       0.77307033538818359     
  0.99896335601806641      -0.41936922073364258     
 -0.33812856674194336      -0.92255878448486328     
  0.55917406082153320        4.2208671569824219E-002
 -0.59186792373657227       0.48044204711914062     
  0.79145383834838867       -3.0770301818847656E-002
  0.85010337829589844      -0.31192779541015625     
 -0.56297016143798828       0.16212797164916992     
  0.88557958602905273       -5.8044433593750000E-002
  0.44808816909790039      -0.97632360458374023     
  0.93140029907226562        5.0476551055908203E-002
  0.36037206649780273       0.77704191207885742     
 -0.25553703308105469      -0.80535268783569336     
  0.44146203994750977      -0.34087800979614258     
  0.86572027206420898       0.16762351989746094     
 -0.74411964416503906      -0.41652536392211914     
 -0.53939247131347656       0.43859577178955078     
 -0.51847314834594727        2.3317813873291016E-002
  -9.7165584564208984E-002  0.93918514251708984     
  0.89234352111816406      -0.37442731857299805     
 -0.99807596206665039      -0.65803003311157227     
  0.49108314514160156      -0.36476993560791016     
 -0.68343496322631836      -0.48849773406982422     
 -0.17588710784912109      -0.13434934616088867     
  -4.8837661743164062E-003  -7.7850341796875000E-002
 -0.42787027359008789       0.79109382629394531     
  -8.5077285766601562E-002  0.11102676391601562     
   3.4139633178710938E-002 -0.21472358703613281     
 -0.85185527801513672       0.87613821029663086     
 -0.73816680908203125      -0.36185741424560547     
  0.26864194869995117      -0.92965555191040039     
 -0.71962404251098633      -0.71789932250976562     
  0.26652669906616211      -0.47965478897094727     
  0.44993305206298828        2.5302410125732422E-002
 -0.73911380767822266      -0.28177261352539062     
  0.25534391403198242      -0.42853498458862305     
 -0.38167476654052734      -0.80067443847656250     
 -0.93483209609985352       0.27880811691284180     
  -6.7508220672607422E-002 -0.60707330703735352     
  0.92292308807373047      -0.43067359924316406     
 -0.32490158081054688      -0.61574506759643555     
 -0.82543849945068359       0.85593891143798828     
 -0.22670269012451172      -0.18701982498168945     
  0.75938844680786133      -0.95206880569458008     
  0.58758115768432617      -0.51578521728515625     
 -0.79647684097290039      -0.38609266281127930     
  0.94404888153076172       0.62961387634277344     
  -7.6484203338623047E-002  0.53402423858642578     
 -0.65074396133422852       0.94818544387817383     
  0.15417909622192383      -0.70927572250366211     
 -0.79252672195434570        6.2813758850097656E-003
 -0.42693567276000977       0.49706697463989258     
  0.21124410629272461       0.38281869888305664     
   3.6183834075927734E-002  0.14284992218017578     
  0.88118648529052734       0.10604667663574219     
  0.33337402343750000      -0.97603178024291992     
 -0.15839815139770508      -0.19354486465454102     
 -0.90532541275024414       0.20060968399047852     
 -0.35292243957519531       0.43647623062133789     
 -0.14268159866333008       -4.8432826995849609E-002
  -3.6287307739257812E-003 -0.98700618743896484     
 -0.60871934890747070      -0.74002122879028320     
  0.47103595733642578       0.70416355133056641     
  0.88366079330444336      -0.31298542022705078     
 -0.34279060363769531       0.71962881088256836     
  0.80430221557617188       -8.9346408843994141E-002
  0.36241102218627930      -0.95247697830200195     
 -0.27500200271606445        4.8530578613281250E-002
 -0.34566497802734375       0.41112947463989258     
 -0.13914537429809570      -0.60875463485717773     
  0.66360950469970703      -0.70842075347900391     
 -0.42138767242431641      -0.25639200210571289     
  0.82352352142333984       0.96721124649047852     
  -8.0126762390136719E-002 -0.68712329864501953     
 -0.47547101974487305       0.76374053955078125     
  0.18921852111816406       0.19744682312011719     
  0.48915672302246094      -0.74048709869384766     
  0.63453912734985352       0.70612287521362305     
 -0.19182157516479492        6.1820507049560547E-002
 -0.98100805282592773       0.20011377334594727     
 -0.68764591217041016       0.74284172058105469     
  0.94702529907226562       0.65897512435913086     
 -0.60417985916137695      -0.44832324981689453     
 -0.96093511581420898      -0.43570899963378906     
 -0.95354557037353516      -0.23413991928100586     
  0.81222963333129883      -0.85608482360839844     
 -0.21199464797973633      -0.98776578903198242     
  0.62221479415893555      -0.42903947830200195     
 -0.85875940322875977       0.83332490921020508     
 -0.30593585968017578       0.14031600952148438     
  0.29589223861694336      -0.93598937988281250     
  0.82913780212402344      -0.67556095123291016     
 -0.15110492706298828       0.38217401504516602     
 -0.79965925216674805       0.12903213500976562     
  0.64444780349731445      -0.76110506057739258     
  0.11015987396240234      -0.53827857971191406     
 -0.84088563919067383      -0.75999069213867188     
  0.84190177917480469      -0.15460729598999023     
 -0.48426961898803711       0.88685703277587891     
 -0.59333467483520508      -0.17262125015258789     
  0.75880289077758789      -0.79568433761596680     
  0.93454408645629883       0.89022397994995117     
   9.6321105957031250E-005 -0.37894773483276367     
 -0.97255563735961914       0.26356983184814453     
 -0.17412519454956055      -0.52041673660278320     
 -0.64061355590820312      -0.78977775573730469     
  0.21221065521240234       0.62665128707885742     
  0.13545751571655273       0.63480377197265625     
 -0.84510278701782227       0.35924386978149414     
 -0.18246316909790039      -0.65191841125488281     
 -0.78805541992187500      -0.84152460098266602     
  0.50221490859985352       0.73349380493164062     
 -0.16786956787109375       0.61743116378784180     
 -0.82840728759765625       0.96510457992553711     
  0.51984310150146484      -0.99046993255615234     
 -0.82308530807495117       0.41192770004272461     
 -0.72709608078002930      -0.30121374130249023     
 -0.49574470520019531        2.2656440734863281E-002
  0.79336547851562500       0.10121822357177734     
 -0.81766939163208008      -0.56749153137207031     
  0.17055559158325195       0.52865076065063477     
 -0.96527671813964844       0.60055303573608398     
 -0.49714899063110352       0.42325735092163086     
 -0.30686759948730469       0.48083114624023438     
 -0.66596746444702148      -0.91216707229614258     
 -0.79112291336059570      -0.39574384689331055     
  0.73342037200927734       0.59728574752807617     
  0.58521795272827148      -0.23614311218261719     
 -0.85271024703979492       0.50512456893920898     
 -0.37088871002197266       0.47736835479736328     
 -0.86309957504272461      -0.11400890350341797     
 -0.14633512496948242       0.54646873474121094     
  0.50747156143188477      -0.91894388198852539     
 -0.68638038635253906        5.5532455444335938E-003
 -0.66399621963500977       0.22073554992675781     
  -9.1169834136962891E-002 -0.28665256500244141     
  0.23231744766235352       0.56580114364624023     
 -0.57529878616333008       0.95842266082763672     
  0.21069288253784180      -0.87795209884643555     
  0.26530504226684570       0.98841333389282227     
  0.27038431167602539       0.35489606857299805     
  0.74529409408569336       0.16458320617675781     
  0.15715551376342773      -0.68605041503906250     
 -0.44584846496582031       0.62936162948608398     
 -0.31883049011230469      -0.57634115219116211     
 -0.56048250198364258       -2.5024890899658203E-002
 -0.58899831771850586       0.71210145950317383     
  0.29689741134643555       -4.4414997100830078E-002
 -0.47809076309204102       0.73527908325195312     
 -0.15787601470947266       0.58300828933715820     
  0.62260055541992188        5.3761482238769531E-002
 -0.42578220367431641      -0.12135219573974609     
  0.44053983688354492       0.16054725646972656     
  0.32078504562377930      -0.56312990188598633     
 -0.51766824722290039      -0.44230747222900391     
  0.14600372314453125      -0.10898303985595703     
  0.32498311996459961       -7.7533721923828125E-003
 -0.30838298797607422      -0.99187183380126953     
 -0.38809537887573242      -0.71126461029052734     
 -0.21769762039184570      -0.84083223342895508     
  0.13882112503051758      -0.83235692977905273     
  0.58301448822021484       0.73148107528686523     
   7.4701309204101562E-003 -0.44454002380371094     
  0.61928319931030273       0.29834699630737305     
  0.32074737548828125       0.80548572540283203     
 -0.19718885421752930      -0.14607000350952148     
 -0.99473905563354492      -0.57309389114379883     
   1.1585235595703125E-002  0.71487808227539062     
  0.95944833755493164      -0.55011653900146484     
  0.19721794128417969       0.64213609695434570     
  0.38590192794799805      -0.13916444778442383     
 -0.93162393569946289       0.20369768142700195     
 -0.45038223266601562       0.42607021331787109     
  0.96399593353271484      -0.11874914169311523     
  0.18861389160156250        3.4843444824218750E-002
 -0.38104963302612305      -0.29620027542114258     
 -0.23096418380737305       0.18620491027832031     
 -0.44694185256958008       0.25130891799926758     
 -0.24677944183349609       0.38276338577270508     
 -0.89056825637817383       0.22720479965209961     
  0.63256406784057617      -0.49067497253417969     
 -0.76627683639526367      -0.80912160873413086     
 -0.89958238601684570       0.71987199783325195     
  0.89007377624511719      -0.52397060394287109     
 -0.36792612075805664       0.26619386672973633     
  -7.3176383972167969E-002  0.12967157363891602     
 -0.60968112945556641      -0.90569972991943359     
  -9.1885566711425781E-002 -0.31304311752319336     
  0.69016742706298828      -0.35255002975463867     
  0.69948101043701172       0.18305301666259766     
  0.57702207565307617        1.2542247772216797E-002
  0.79812955856323242       0.16638469696044922     
  0.43183708190917969      -0.11247873306274414     
 -0.42284393310546875      -0.73451995849609375     
  0.92351341247558594      -0.50754165649414062     
 -0.24793672561645508       0.92831897735595703     
  0.26332855224609375      -0.23607349395751953     
  0.31523466110229492       0.15232467651367188     
  0.12255287170410156      -0.24614429473876953     
 -0.94272613525390625      -0.39671516418457031     
  0.41583156585693359       0.88589668273925781     
 -0.73129224777221680      -0.82869672775268555     
   9.5647335052490234E-002 -0.45041036605834961     
  -4.3465137481689453E-002 -0.51406621932983398     
   9.5551013946533203E-002  -6.7400932312011719E-002
 -0.80279779434204102      -0.61847400665283203     
 -0.69090509414672852       -4.0788173675537109E-002
  0.47763347625732422      -0.41254091262817383     
  0.42767190933227539      -0.11260509490966797     
 -0.55221128463745117       0.99023294448852539     
  0.84987163543701172      -0.20083475112915039     
  0.57317686080932617      -0.61126041412353516     
  0.55232715606689453       0.96721982955932617     
   6.6320419311523438E-002  0.64796876907348633     
  0.41131782531738281      -0.97499084472656250     
 -0.67023515701293945      -0.63825893402099609     
  0.78801536560058594       0.17609500885009766     
 -0.37111473083496094       0.67959165573120117     
 -0.10094738006591797      -0.61902570724487305     
   4.2548179626464844E-002 -0.88655424118041992     
 -0.31353092193603516       0.49285936355590820     
 -0.50569963455200195       0.70743513107299805     
 -0.13052320480346680       0.30362558364868164     
 -0.96338129043579102       0.45528507232666016     
  -2.2604465484619141E-002   9.3549251556396484E-002
  0.28708457946777344      -0.96479845046997070     
  0.63504123687744141      -0.85614347457885742     
  0.80218029022216797       0.24936389923095703     
 -0.93537950515747070      -0.91695642471313477     
  0.71448183059692383       0.29629659652709961     
 -0.13988351821899414       0.98285007476806641     
  0.76202011108398438      -0.72254800796508789     
  0.14045333862304688       0.59938049316406250     
 -0.20803213119506836      -0.39001226425170898     
 -0.93413305282592773        3.3278942108154297E-002
 -0.67426919937133789      -0.44003677368164062     
  0.30795955657958984      -0.12020063400268555     
 -0.20920038223266602       -2.4384975433349609E-002
  0.16601419448852539       0.20364379882812500     
  0.64186811447143555      -0.11582565307617188     
 -0.67490434646606445       0.88704967498779297     
  0.64781522750854492      -0.16534185409545898     
 -0.89790582656860352       0.90074920654296875     
  0.89610815048217773       0.89597654342651367     
  0.68109846115112305      -0.77602195739746094     
 -0.59341335296630859       0.50195169448852539     
  0.30822992324829102       0.42058038711547852     
  0.70010232925415039       0.62749958038330078     
  0.38605499267578125       0.42711782455444336     
  0.57218408584594727       0.70005607604980469     
 -0.15482425689697266      -0.13124799728393555     
  0.11911106109619141       -9.5003128051757812E-002
 -0.71299552917480469       0.68491029739379883     
 -0.71108484268188477       0.80201292037963867     
 -0.56373071670532227      -0.61487388610839844     
 -0.18275594711303711       0.42836332321166992     
 -0.49398422241210938      -0.39189863204956055     
 -0.63991308212280273       0.98591852188110352     
  0.33593082427978516       -4.6782493591308594E-003
 -0.62034845352172852      -0.18997526168823242     
 -0.91208839416503906       0.53560352325439453     
 -0.10989809036254883       0.94763851165771484     
  0.96764945983886719      -0.71269559860229492     
 -0.27487659454345703       0.15063047409057617     
 -0.34807205200195312       -4.4171333312988281E-002
 -0.38291168212890625       0.40907621383666992     
 -0.65061616897583008      -0.90086221694946289     
 -0.78935432434082031      -0.67615556716918945     
 -0.14216995239257812       0.55720806121826172     
 -0.99792051315307617       -4.2880058288574219E-002
 -0.68316030502319336       0.13122034072875977     
 -0.57645320892333984      -0.44718551635742188     
  0.16038751602172852      -0.36401987075805664     
  -7.5201034545898438E-002   9.8974227905273438E-002
 -0.53546285629272461       0.47627878189086914     
  0.81798362731933594      -0.14243078231811523     
  0.16658353805541992      -0.22321987152099609     
  0.34894704818725586       0.75823020935058594     
 -0.42003679275512695       0.44418001174926758     
 -0.66506004333496094       0.33876562118530273     
 -0.36487960815429688      -0.52859544754028320     
 -0.10050582885742188       0.80214118957519531     
 -0.40675163269042969      -0.27431058883666992     
 -0.33353757858276367       0.23932170867919922     
  0.28771543502807617      -0.36431026458740234     
 -0.95550584793090820       0.81734609603881836     
 -0.85743474960327148      -0.90378522872924805     
   8.6215972900390625E-002 -0.96016788482666016     
  0.46116161346435547       0.74755334854125977     
  0.13056659698486328       0.43972253799438477     
  0.42249870300292969       0.93821668624877930     
  0.61213397979736328       0.13865947723388672     
  0.45643234252929688      -0.73755407333374023     
  -6.4233779907226562E-002  0.42876911163330078     
  0.32907581329345703       0.77795553207397461     
 -0.89760208129882812        5.5298805236816406E-003
  0.94457578659057617      -0.51020050048828125     
 -0.93575382232666016       0.78564929962158203     
  0.41170549392700195      -0.45894384384155273     
  0.53526592254638672       0.21847295761108398     
 -0.11974859237670898      -0.60844945907592773     
 -0.20759820938110352       0.89798116683959961     
  0.36956405639648438      -0.73463964462280273     
  0.91507911682128906      -0.26088619232177734     
 -0.70813989639282227       0.29686450958251953     
 -0.59620523452758789      -0.41830587387084961     
 -0.46235656738281250      -0.82677698135375977     
  0.36170148849487305      -0.87587213516235352     
 -0.77986001968383789       0.89621925354003906     
  0.76485109329223633       0.85260486602783203     
 -0.26992416381835938      -0.61111116409301758     
 -0.94389200210571289        1.0251522064208984E-002
  0.29857540130615234       0.16357278823852539     
 -0.82515811920166016      -0.42793750762939453     
 -0.34479427337646484      -0.95349740982055664     
  0.57698488235473633      -0.61140727996826172     
   7.9507350921630859E-002  0.28767824172973633     
 -0.99128055572509766      -0.44771385192871094     
 -0.72501468658447266       0.68049669265747070     
 -0.88717412948608398      -0.73420047760009766     
  0.29562711715698242       0.60869312286376953     
  0.31248140335083008      -0.11732721328735352     
   8.8294982910156250E-002  -2.3067951202392578E-002
  0.30433940887451172      -0.95964050292968750     
 -0.67292356491088867       0.17394447326660156     
 -0.51471233367919922      -0.76593112945556641     
 -0.99901247024536133      -0.40257215499877930     
  -2.3458480834960938E-002 -0.25958919525146484     
 -0.91332960128784180      -0.32301664352416992     
 -0.93979930877685547       0.79987335205078125     
 -0.52174949645996094       0.96363592147827148     
 -0.16742134094238281       0.15674495697021484     
  0.41674232482910156       0.19529247283935547     
  0.28222799301147461      -0.58979129791259766     
 -0.62179327011108398      -0.47429132461547852     
  0.58968687057495117       0.87104940414428711     
 -0.26584100723266602        1.0948181152343750E-002
   1.1738777160644531E-002 -0.69963407516479492     
 -0.74301195144653320       0.20170259475708008     
   2.0199298858642578E-002 -0.50438117980957031     
  0.86686086654663086      -0.66793012619018555     
  0.10078191757202148      -0.15285587310791016     
  0.95594882965087891       0.63838148117065430     
 -0.72099351882934570       0.26913118362426758     
 -0.70724105834960938      -0.59324979782104492     
 -0.74397993087768555       -7.0273876190185547E-002
  0.91103982925415039      -0.15307426452636719     
 -0.71272420883178711      -0.75211286544799805     
 -0.76061487197875977       0.35059118270874023     
  0.38808441162109375       0.53648567199707031     
  0.71581220626831055       0.66277647018432617     
 -0.71356773376464844      -0.92558956146240234     
 -0.37956428527832031       0.66814899444580078     
 -0.41432762145996094       0.39720439910888672     
 -0.18103599548339844      -0.66674184799194336     
   7.2831153869628906E-002   7.6404571533203125E-002
  0.13281583786010742       0.24083566665649414     
 -0.26997900009155273       0.46504831314086914     
   7.2519779205322266E-002  0.84680891036987305     
  0.31970310211181641      -0.74666547775268555     
  0.79456949234008789       0.33147525787353516     
 -0.89370298385620117      -0.45983505249023438     
 -0.44183778762817383        3.6361694335937500E-002
 -0.86788415908813477      -0.52370786666870117     
   4.7648429870605469E-002  0.83396196365356445     
  0.40476369857788086       0.86490154266357422     
  0.40352916717529297       0.11555290222167969     
  0.10422611236572266      -0.27070379257202148     
  0.28796911239624023       -9.8203182220458984E-002
 -0.49641561508178711       0.74484300613403320     
  0.57757568359375000      -0.67927503585815430     
 -0.57507133483886719       0.77786302566528320     
 -0.45486164093017578      -0.85740375518798828     
 -0.38001346588134766      -0.87884998321533203     
 -0.82958555221557617      -0.83740949630737305     
 -0.33785009384155273      -0.24484729766845703     
  0.85361814498901367       0.76481008529663086     
  0.17088079452514648       -4.9829483032226562E-004
 -0.36830663681030273      -0.12228345870971680     
  0.78726911544799805      -0.36030864715576172     
  0.29523277282714844       -1.5185832977294922E-002
  0.77933549880981445       0.29581212997436523     
 -0.28545904159545898       0.29447937011718750     
 -0.67884588241577148       0.64124774932861328     
 -0.54150438308715820       0.94367885589599609     
  0.41403675079345703       0.71677732467651367     
  0.87682199478149414       0.75288438796997070     
 -0.26749181747436523       0.27174425125122070     
 -0.79075956344604492      -0.28882837295532227     
 -0.33049154281616211      -0.56980562210083008     
 -0.71684217453002930        3.9209842681884766E-002
 -0.99961853027343750      -0.58084344863891602     
 -0.23231649398803711      -0.53715705871582031     
   3.6029815673828125E-003  0.55705642700195312     
  0.44878911972045898       0.80604028701782227     
 -0.87468385696411133      -0.80511856079101562     
  0.37447881698608398      -0.13005113601684570     
  0.23070430755615234      -0.54698038101196289     
  0.90676593780517578        1.9216537475585938E-002
  0.97977256774902344      -0.95977783203125000     
 -0.97846269607543945       0.98308610916137695     
  0.73584365844726562      -0.67369365692138672     
 -0.76841306686401367      -0.71343564987182617     
 -0.70877027511596680      -0.30107259750366211     
 -0.12433910369873047       0.23553943634033203     
  0.71720123291015625        8.4915161132812500E-003
  0.72080087661743164       0.50388383865356445     
  0.78335762023925781      -0.10440874099731445     
 -0.79571533203125000       0.41740894317626953     
 -0.60066509246826172       0.62282705307006836     
 -0.14506483078002930      -0.10053491592407227     
  0.31637430191040039      -0.69418621063232422     
  0.81455135345458984       0.17007446289062500     
  0.44243001937866211       -7.1061611175537109E-002
 -0.32954931259155273      -0.73075246810913086     
  0.24802875518798828       0.62389993667602539     
 -0.11073064804077148       0.95083475112915039     
  0.68272972106933594       0.63940525054931641     
  0.49078941345214844       0.69896697998046875     
 -0.46024847030639648       0.61147689819335938     
 -0.90439414978027344      -0.15186452865600586     
 -0.38080310821533203      -0.15227842330932617     
  0.66017723083496094      -0.39658832550048828     
  0.54220914840698242       0.91370820999145508     
  0.70111608505249023      -0.33975410461425781     
 -0.24255132675170898      -0.55324029922485352     
 -0.30350732803344727       0.95631885528564453     
  0.85323858261108398       0.38426876068115234     
  0.41064357757568359      -0.30668163299560547     
 -0.39215850830078125       0.99420928955078125     
 -0.31689500808715820       -4.8213005065917969E-002
 -0.31157064437866211      -0.56160068511962891     
 -0.82039499282836914      -0.37488651275634766     
 -0.71578407287597656      -0.17552280426025391     
  -6.8187713623046875E-003 -0.59826183319091797     
 -0.98052310943603516       0.35451745986938477     
  0.37534952163696289       0.50651121139526367     
  0.94057846069335938       0.30237579345703125     
   3.7483692169189453E-002  -4.0645599365234375E-003
 -0.30832433700561523       -3.1805038452148438E-004
  0.66043567657470703       -5.0574302673339844E-002
   2.1162033081054688E-003 -0.42845535278320312     
  0.95397377014160156      -0.56174993515014648     
  0.66945362091064453      -0.48967790603637695     
  -1.0771274566650391E-002  0.96766567230224609     
 -0.44287395477294922       0.62190723419189453     
  0.39971876144409180        7.3875904083251953E-002
 -0.36089420318603516       0.45399618148803711     
  0.31926488876342773      -0.11063718795776367     
  0.52202510833740234      -0.31707382202148438     
  0.94146776199340820      -0.74332618713378906     
  0.91848087310791016       0.91016244888305664     
 -0.89955043792724609      -0.73929452896118164     
  0.67738580703735352       0.82621431350708008     
  0.19079017639160156       0.61336803436279297     
  0.88243579864501953      -0.89916992187500000     
 -0.34228658676147461      -0.80687093734741211     
  0.92599582672119141      -0.78548002243041992     
  0.43914270401000977       0.67672777175903320     
 -0.22939300537109375       0.59588098526000977     
  0.97918224334716797      -0.88042068481445312     
  0.77358961105346680      -0.27848529815673828     
 -0.50218152999877930      -0.16169977188110352     
  0.31867122650146484       -9.2592239379882812E-002
 -0.19295501708984375      -0.99073982238769531     
  0.63830947875976562        7.0129871368408203E-002
  0.67929887771606445       0.98348236083984375     
 -0.60992670059204102       0.96299457550048828     
 -0.94411230087280273       0.30553007125854492     
 -0.95497083663940430      -0.19416236877441406     
  0.71379423141479492       0.74149179458618164     
  0.25892877578735352      -0.18120670318603516     
  0.45914936065673828       0.92474031448364258     
  0.11151361465454102       0.21026897430419922     
  -2.8281211853027344E-003  0.47218894958496094     
   8.2457542419433594E-002 -0.13291454315185547     
  0.11050796508789062      -0.69124507904052734     
  0.25140953063964844      -0.55741071701049805     
 -0.39643907546997070      -0.94814014434814453     
  0.61008119583129883      -0.36263704299926758     
 -0.83655071258544922        9.6400737762451172E-002
  0.21320295333862305      -0.69460439682006836     
 -0.21038198471069336       0.11451244354248047     
  0.61643838882446289       0.48782396316528320     
  0.86368417739868164       -5.8482170104980469E-002
 -0.90539598464965820      -0.98823165893554688     
  0.79398298263549805       0.47682380676269531     
  -1.5021324157714844E-002 -0.45733022689819336     
 -0.34195041656494141       0.84170150756835938     
  0.48305892944335938       0.77733945846557617     
  0.75075674057006836       -2.8410911560058594E-002
  0.49791049957275391       0.38900947570800781     
   8.4475994110107422E-002 -0.20965766906738281     
  0.28553438186645508       0.97691392898559570     
  0.99252939224243164      -0.55665779113769531     
  0.25543451309204102      -0.90596151351928711     
 -0.49421787261962891      -0.31887340545654297     
  0.69643259048461914       0.94824314117431641     
 -0.87156343460083008      -0.35925626754760742     
  -1.9598484039306641E-002  0.60930347442626953     
  0.56984663009643555      -0.58758211135864258     
  0.51324892044067383       0.17823314666748047     
 -0.43003225326538086       0.45330810546875000     
  0.75380086898803711      -0.86629247665405273     
  0.22351980209350586       0.69857549667358398     
  0.95977878570556641      -0.99467754364013672     
  0.45460224151611328       0.50162172317504883     
  0.76094627380371094      -0.77442884445190430     
  0.18136262893676758       0.16589260101318359     
  0.16478061676025391      -0.53039646148681641     
 -0.36952114105224609      -0.53807210922241211     
  0.62849712371826172      -0.84773349761962891     
  0.14759874343872070       0.69697332382202148     
   3.5471916198730469E-002  0.18040084838867188     
   2.7656555175781250E-003  0.48317813873291016     
  0.77973175048828125       0.95692873001098633     
 -0.89551687240600586      -0.94853639602661133     
  -4.7764301300048828E-002 -0.76978349685668945     
  0.24948978424072266      -0.81892585754394531     
  0.32094001770019531        3.9341449737548828E-002
 -0.78312778472900391       -2.6938915252685547E-002
 -0.76022815704345703       0.84940481185913086     
  -5.2624225616455078E-002 -0.44970226287841797     
 -0.13954162597656250       0.72477531433105469     
 -0.69817972183227539      -0.29944515228271484     
 -0.76915931701660156       0.74184942245483398     
  0.26444625854492188       0.55129814147949219     
 -0.33049631118774414      -0.64842939376831055     
 -0.14546155929565430      -0.77185726165771484     
 -0.59884357452392578      -0.76051044464111328     
  0.10369777679443359       0.85262823104858398     
  0.12865734100341797       0.34536314010620117     
  0.52395677566528320       0.14416980743408203     
 -0.93155765533447266      -0.68298578262329102     
 -0.93694353103637695       0.79436302185058594     
  0.86256217956542969      -0.91369247436523438     
 -0.42921257019042969       0.22558927536010742     
 -0.51734542846679688       0.97612285614013672     
 -0.29713106155395508       0.12373208999633789     
 -0.42918252944946289       0.73372411727905273     
 -0.29491281509399414      -0.59272813796997070     
   2.1334171295166016E-002  0.56938838958740234     
 -0.28505086898803711      -0.84752368927001953     
 -0.32430505752563477      -0.59428262710571289     
 -0.10770368576049805      -0.17472839355468750     
 -0.65767812728881836       0.40853834152221680     
  0.30454301834106445       0.45583391189575195     
 -0.79295158386230469       0.87018203735351562     
 -0.84524011611938477        5.3079128265380859E-002
  0.10365581512451172       0.15021181106567383     
  0.61217117309570312       0.76769638061523438     
  0.67461633682250977       0.28461217880249023     
 -0.51853036880493164      -0.93729114532470703     
  0.95471763610839844       -5.8060646057128906E-002
  0.17515134811401367      -0.22514724731445312     
  -4.8605918884277344E-002 -0.91422414779663086     
  0.63573455810546875       0.79437780380249023     
 -0.88948297500610352       0.46651124954223633     
  0.65860509872436523      -0.82093095779418945     
  0.61427021026611328        4.1064262390136719E-002
  0.17040014266967773       -8.4308147430419922E-002
 -0.96045255661010742      -0.32594680786132812     
 -0.18209362030029297      -0.44322824478149414     
  0.66542959213256836      -0.11700582504272461     
 -0.51352930068969727      -0.88599824905395508     
 -0.96951913833618164      -0.70034742355346680     
 -0.73305654525756836      -0.47895956039428711     
  0.13296461105346680       0.74161100387573242     
  0.26254177093505859       0.54485988616943359     
 -0.53352642059326172      -0.97228622436523438     
  0.78642892837524414      -0.48635721206665039     
 -0.20472049713134766      -0.72937488555908203     
 -0.60327720642089844       0.72598934173583984     
 -0.28963804244995117        5.5335521697998047E-002
   2.7737140655517578E-002  0.17946147918701172     
  0.20982551574707031       0.53895521163940430     
  0.22160005569458008       0.43461847305297852     
  0.63736772537231445       0.24394369125366211     
  -3.7447929382324219E-002  0.61394166946411133     
  0.52200269699096680      -0.69934511184692383     
  0.10974407196044922       0.47031641006469727     
  0.61143732070922852       0.42721796035766602     
  0.25795269012451172      -0.58652925491333008     
  0.20915508270263672      -0.72743225097656250     
   5.0980567932128906E-002  0.83789539337158203     
  0.50915861129760742      -0.57053518295288086     
 -0.98245334625244141       -8.6972713470458984E-002
  0.24975252151489258      -0.40599584579467773     
  0.42893552780151367      -0.87731742858886719     
  0.92835760116577148       0.91094493865966797     
  0.25281953811645508      -0.85556459426879883     
  0.53344106674194336      -0.45408535003662109     
  0.18860578536987305       -9.4823837280273438E-002
  0.30087661743164062       0.83482170104980469     
  0.85365009307861328      -0.70138454437255859     
 -0.16274118423461914       0.81610727310180664     
  0.32259130477905273      -0.20008850097656250     
 -0.88246774673461914       0.36478471755981445     
  0.94211149215698242        7.5470924377441406E-002
  0.44299602508544922      -0.56149101257324219     
 -0.97238588333129883      -0.88312339782714844     
 -0.65347528457641602      -0.95447206497192383     
  0.18988227844238281      -0.64143085479736328     
 -0.52347469329833984       -3.5347461700439453E-002
  -8.1525802612304688E-002 -0.19874191284179688     
 -0.24787235260009766        1.2647151947021484E-002
  0.56080007553100586      -0.62989425659179688     
 -0.62628746032714844       -1.2466430664062500E-002
  0.47990036010742188      -0.30865716934204102     
  0.40606641769409180       0.76172113418579102     
  0.24717855453491211       0.33172845840454102     
 -0.63177537918090820      -0.24192380905151367     
  -7.5831413269042969E-003  0.55220174789428711     
  0.85892105102539062      -0.10920095443725586     
  0.66385412216186523      -0.59581995010375977     
   5.5525779724121094E-002 -0.77168512344360352     
  0.29484701156616211      -0.50487375259399414     
  0.59310483932495117       0.31780529022216797     
 -0.64405107498168945      -0.56092071533203125     
  0.61217737197875977       0.86912584304809570     
 -0.59564924240112305       0.92958784103393555     
 -0.41282081604003906      -0.27389430999755859     
  0.66577243804931641      -0.35983467102050781     
  0.26188230514526367      -0.54372787475585938     
 -0.42867422103881836      -0.72730016708374023     
  0.27191638946533203       0.10526323318481445     
 -0.83493041992187500      -0.67069864273071289     
 -0.42688941955566406      -0.72491359710693359     
  0.38276338577270508      -0.89210176467895508     
  0.44579839706420898       0.53392076492309570     
 -0.38610076904296875       0.81134462356567383     
  0.27487802505493164      -0.12032747268676758     
 -0.33761262893676758      -0.25202178955078125     
  0.27622175216674805       0.46566629409790039     
  0.46058511734008789      -0.94238424301147461     
 -0.64646244049072266       0.91183853149414062     
 -0.72693777084350586       0.36283540725708008     
  0.17811250686645508      -0.45930004119873047     
  0.54637145996093750       0.87223005294799805     
 -0.42439842224121094      -0.86240005493164062     
 -0.35301113128662109       0.94941902160644531     
  0.88834428787231445       0.40671825408935547     
 -0.28059530258178711        4.1282176971435547E-002
 -0.16787672042846680       0.50063037872314453     
  0.10164260864257812       0.31127643585205078     
 -0.37472534179687500       -8.7208747863769531E-003
 -0.56998205184936523       0.31807518005371094     
 -0.10413074493408203      -0.12077426910400391     
  0.14747619628906250       0.63765192031860352     
 -0.97657108306884766       0.77439308166503906     
 -0.77184724807739258      -0.42893314361572266     
  0.92487001419067383       0.29524278640747070     
  0.14699220657348633       0.50538158416748047     
  -5.0701618194580078E-002 -0.13742542266845703     
  0.29717302322387695       0.59341335296630859     
 -0.50021505355834961       0.89315891265869141     
 -0.67619943618774414      -0.87977361679077148     
 -0.35317325592041016       0.22288417816162109     
   1.6786575317382812E-002  0.13578271865844727     
  0.10374546051025391      -0.34335327148437500     
 -0.73129129409790039      -0.80867719650268555     
  0.56930923461914062       0.38800382614135742     
 -0.81642770767211914       0.30452728271484375     
  0.19314956665039062       0.27272748947143555     
 -0.26685190200805664      -0.97826814651489258     
  0.25352239608764648       0.95752620697021484     
 -0.85528707504272461      -0.80318546295166016     
  0.86313056945800781       0.64225721359252930     
  0.42088317871093750      -0.20964241027832031     
  0.54183197021484375       0.57639980316162109     
 -0.44437932968139648      -0.68213748931884766     
 -0.68307447433471680      -0.43052768707275391     
  0.12287378311157227      -0.85712575912475586     
  0.29513120651245117       0.27119970321655273     
   5.4470539093017578E-002 -0.51190376281738281     
  0.43355560302734375       0.77677917480468750     
 -0.66852903366088867        3.4349441528320312E-002
 -0.68672132492065430       0.27843523025512695     
 -0.33430147171020508      -0.59709739685058594     
  0.58449220657348633      -0.43350839614868164     
   3.0620098114013672E-002  0.63290452957153320     
 -0.76689100265502930       0.86893081665039062     
  0.12084484100341797      -0.96020078659057617     
  -9.2115879058837891E-002 -0.18484163284301758     
 -0.63208055496215820       0.62729644775390625     
  0.97541713714599609      -0.16250181198120117     
  0.84003543853759766       0.47636556625366211     
  0.27631807327270508        8.2860469818115234E-002
  0.63990020751953125       0.80776214599609375     
   6.4897537231445312E-002  0.73717403411865234     
 -0.31442975997924805      -0.61993789672851562     
  0.71001768112182617      -0.72577667236328125     
 -0.12176847457885742      -0.55948972702026367     
  0.65822744369506836       0.83092880249023438     
 -0.57952404022216797       -5.9085369110107422E-002
  0.95809412002563477       0.68854761123657227     
  0.42641448974609375       0.75086021423339844     
 -0.28896903991699219      -0.70252323150634766     
  0.69428873062133789       0.91089630126953125     
 -0.56007385253906250       0.84053230285644531     
  0.83104562759399414      -0.60868787765502930     
 -0.21327495574951172      -0.50967073440551758     
  -3.5231113433837891E-002 -0.12786054611206055     
 -0.94683885574340820       0.48628568649291992     
 -0.98952150344848633      -0.88479375839233398     
 -0.72404766082763672       0.93307971954345703     
  0.27134656906127930       0.52450370788574219     
 -0.65981483459472656       0.49566173553466797     
  0.59301471710205078       0.80266714096069336     
  0.42939138412475586       0.78233432769775391     
  0.69853782653808594       0.32856655120849609     
  0.21963310241699219      -0.62584352493286133     
 -0.54881811141967773        1.7714500427246094E-002
 -0.27072429656982422       -6.1024188995361328E-002
  0.36874818801879883      -0.44894313812255859     
  0.61816024780273438      -0.57907485961914062     
 -0.50731182098388672      -0.38859748840332031     
  0.84240818023681641       0.35980939865112305     
 -0.68301963806152344       0.49534749984741211     
 -0.69371318817138672       0.76370096206665039     
 -0.47696208953857422      -0.29908037185668945     
 -0.63586854934692383       0.96028327941894531     
 -0.51270914077758789       0.90018224716186523     
 -0.62955379486083984      -0.90287923812866211     
 -0.69107294082641602      -0.85918903350830078     
 -0.38448143005371094        2.1251201629638672E-002
 -0.82323551177978516      -0.11907339096069336     
  0.74144506454467773      -0.52877950668334961     
  0.80349206924438477       0.29468107223510742     
  0.70626211166381836       0.15460252761840820     
  0.40608358383178711      -0.94936084747314453     
   9.6165657043457031E-002  0.25780296325683594     
  0.89649486541748047      -0.60658740997314453     
 -0.91026067733764648      -0.74874591827392578     
 -0.17119121551513672       0.79691696166992188     
 -0.21319913864135742       0.76687240600585938     
  0.83031702041625977      -0.85496807098388672     
  0.55887889862060547      -0.91515445709228516     
 -0.99455785751342773       0.46846771240234375     
 -0.45780897140502930      -0.38875722885131836     
  0.16021776199340820       0.78135919570922852     
  0.30580043792724609      -0.40866422653198242     
 -0.41918134689331055       0.82303571701049805     
  0.76852560043334961       0.61607265472412109     
  0.33429431915283203       0.48852968215942383     
  0.72330999374389648       0.67647838592529297     
 -0.42525053024291992       0.81997728347778320     
 -0.63494253158569336       0.52815294265747070     
  0.66780233383178711      -0.23954153060913086     
   3.2262802124023438E-002  0.24402236938476562     
 -0.71183347702026367       0.22142171859741211     
 -0.55973482131958008       0.54269981384277344     
 -0.84111785888671875      -0.66062164306640625     
  0.93444204330444336      -0.82476806640625000     
  0.12458038330078125      -0.17320060729980469     
 -0.97596406936645508       0.97883605957031250     
 -0.70062541961669922       0.59283208847045898     
 -0.26602125167846680       0.98881149291992188     
  0.95792293548583984      -0.18358898162841797     
  0.42584609985351562      -0.80148983001708984     
 -0.63168287277221680      -0.68884325027465820     
  0.61417150497436523       0.38354873657226562     
  0.30840015411376953      -0.71307420730590820     
 -0.63729238510131836      -0.96808910369873047     
 -0.67232942581176758       0.16568183898925781     
  0.62250328063964844       0.41438770294189453     
  0.61681079864501953       0.74301862716674805     
  -8.5293769836425781E-002  0.47286081314086914     
 -0.62205696105957031      -0.90479898452758789     
 -0.95218086242675781       0.69815492630004883     
 -0.10552310943603516       0.47784948348999023     
 -0.78364133834838867      -0.65687274932861328     
  -5.9231281280517578E-002  0.50635862350463867     
  0.37180709838867188       0.96955156326293945     
 -0.74136686325073242      -0.15036439895629883     
  0.82901239395141602      -0.78445434570312500     
 -0.32349824905395508       0.97205543518066406     
 -0.66420745849609375       0.66923904418945312     
  -9.7899913787841797E-002  0.59660959243774414     
 -0.77644729614257812       0.25220489501953125     
  0.81137418746948242       0.77020883560180664     
  0.90628433227539062       -7.6770782470703125E-002
 -0.28517198562622070      -0.88532209396362305     
  0.39256906509399414       -8.5654735565185547E-002
  0.40554666519165039        2.3063182830810547E-002
 -0.37477731704711914      -0.88045310974121094     
  0.22502374649047852       -2.5132179260253906E-002
 -0.39042472839355469       0.13325357437133789     
 -0.40253353118896484       0.62011957168579102     
  0.35580539703369141        2.3525238037109375E-002
 -0.60536861419677734      -0.42433214187622070     
  0.25168371200561523        5.1131248474121094E-002
 -0.63296651840209961      -0.26537656784057617     
 -0.17703580856323242       0.55957841873168945     
  0.84240007400512695       0.22456932067871094     
  0.34400129318237305      -0.36462020874023438     
 -0.16799306869506836       0.54583835601806641     
  -9.1701984405517578E-002  0.76995182037353516     
  0.58182382583618164       0.71839046478271484     
  -5.9509277343750000E-003  -1.5716552734375000E-002
 -0.14446306228637695        1.5939712524414062E-002
  -9.7142696380615234E-002 -0.67624235153198242     
  0.39617776870727539       0.55989456176757812     
  0.15210676193237305       0.45848178863525391     
 -0.29241943359375000      -0.68641853332519531     
 -0.62897777557373047       0.77829217910766602     
  0.76363325119018555       0.39073419570922852     
 -0.92319297790527344      -0.10267305374145508     
  0.37649679183959961      -0.21108341217041016     
  0.32302284240722656      -0.95053815841674805     
  0.30761337280273438        6.3523292541503906E-002
 -0.35798788070678711      -0.69804859161376953     
 -0.10062646865844727       0.77241945266723633     
   5.7119846343994141E-002   1.9010066986083984E-002
 -0.49335098266601562       0.25290250778198242     
  0.53649616241455078       0.89674234390258789     
 -0.44663715362548828      -0.62972927093505859     
  0.14816045761108398       0.13343048095703125     
  0.56661844253540039      -0.83689022064208984     
  0.39172887802124023      -0.20672559738159180     
 -0.43637371063232422      -0.12614154815673828     
  -5.5906295776367188E-002  0.38968753814697266     
 -0.52111291885375977      -0.34390020370483398     
   7.4118137359619141E-002 -0.29601907730102539     
  0.81347751617431641       0.12271738052368164     
  0.51218128204345703       0.23532676696777344     
 -0.85696029663085938      -0.93167352676391602     
 -0.62894964218139648      -0.75566291809082031     
 -0.42415809631347656      -0.82353973388671875     
  0.77486276626586914      -0.87921953201293945     
  0.95812463760375977      -0.79827737808227539     
 -0.64081716537475586      -0.20816326141357422     
 -0.59981918334960938       0.84523391723632812     
 -0.15186405181884766      -0.37361860275268555     
  0.59941101074218750       0.30586290359497070     
  0.64423274993896484      -0.37746667861938477     
  -8.1758499145507812E-002 -0.11192655563354492     
  0.85805606842041016      -0.64845037460327148     
 -0.50516176223754883      -0.24860000610351562     
 -0.21945190429687500      -0.32057380676269531     
  0.12146615982055664      -0.51157522201538086     
  -4.1903972625732422E-002 -0.27702379226684570     
   6.1144351959228516E-002 -0.34132766723632812     
 -0.68703889846801758       0.94055414199829102     
 -0.10425090789794922      -0.13983678817749023     
 -0.23418426513671875        6.5421581268310547E-002
 -0.45490503311157227       0.41695117950439453     
 -0.30065441131591797       0.90688657760620117     
   4.7482967376708984E-002   4.9871921539306641E-002
  0.20431184768676758      -0.12757349014282227     
 -0.12520027160644531      -0.23934602737426758     
 -0.68504476547241211       0.45388126373291016     
  0.38450813293457031       0.43275594711303711     
 -0.66967439651489258       0.78381299972534180     
 -0.44729280471801758       0.35622167587280273     
 -0.98109340667724609       0.76350498199462891     
  0.23596286773681641      -0.17010021209716797     
 -0.87119054794311523       -9.5124244689941406E-002
 -0.75242233276367188        4.1924476623535156E-002
  0.63163614273071289       -8.3964347839355469E-002
  0.81847572326660156       0.12451601028442383     
  0.74297285079956055      -0.85501718521118164     
 -0.26860284805297852      -0.40549468994140625     
  0.85472631454467773      -0.60998058319091797     
   6.2179565429687500E-002 -0.94352769851684570     
  0.13294506072998047       0.41484451293945312     
  0.29681110382080078       0.51144790649414062     
  -9.3834400177001953E-002  0.93001699447631836     
  0.80248117446899414      -0.69317340850830078     
 -0.16437911987304688      -0.71291160583496094     
   9.8931789398193359E-002  0.74725008010864258     
 -0.96200466156005859      -0.40979528427124023     
  0.57297801971435547        4.9274921417236328E-002
  0.16735315322875977       0.70987129211425781     
  0.80692911148071289        6.4368247985839844E-002
 -0.15973329544067383      -0.63046216964721680     
 -0.17173433303833008      -0.33885097503662109     
  0.93747472763061523       0.14064216613769531     
 -0.22057771682739258       0.75219726562500000     
  0.18692302703857422      -0.37792921066284180     
  0.14825344085693359      -0.30184364318847656     
  0.91660213470458984      -0.66482353210449219     
  0.31260442733764648       -5.2949905395507812E-002
   7.3749065399169922E-002 -0.49602174758911133     
 -0.63306283950805664       0.12010622024536133     
  0.62957239151000977      -0.77354764938354492     
  0.98938560485839844       0.60562944412231445     
  0.81553554534912109       0.70741176605224609     
 -0.52816534042358398      -0.86831474304199219     
  0.24140882492065430      -0.64061784744262695     
 -0.86040258407592773      -0.78478956222534180     
   4.4223785400390625E-002 -0.72333335876464844     
  0.94325351715087891      -0.73280048370361328     
 -0.17137289047241211      -0.25766801834106445     
 -0.62268447875976562       0.54325151443481445     
  0.43572807312011719      -0.71112632751464844     
  0.10221052169799805      -0.14659500122070312     
  0.17963647842407227      -0.84295177459716797     
  0.51306295394897461      -0.94858932495117188     
 -0.93330240249633789       -7.4367523193359375E-003
 -0.98150587081909180      -0.16405248641967773     
  0.77356100082397461      -0.75467300415039062     
  0.21263647079467773      -0.21192312240600586     
  0.21004438400268555       0.21761465072631836     
 -0.54568815231323242       0.62663125991821289     
 -0.20652389526367188       0.95961332321166992     
  0.22473859786987305      -0.81692075729370117     
   2.0330905914306641E-002 -0.29252433776855469     
 -0.44960546493530273      -0.51419258117675781     
  -3.3534526824951172E-002  0.39271259307861328     
  0.32535219192504883       0.19963741302490234     
 -0.69017076492309570       0.30216312408447266     
  0.46023845672607422      -0.77011775970458984     
  0.63342809677124023        3.1982898712158203E-002
 -0.45737171173095703       0.96037578582763672     
 -0.96288442611694336       0.80221748352050781     
  0.86997938156127930      -0.25185537338256836     
 -0.92611694335937500       0.75264263153076172     
 -0.32731103897094727       0.88567399978637695     
 -0.47317361831665039      -0.62366151809692383     
  0.12384223937988281      -0.58228445053100586     
 -0.45287895202636719       0.47144031524658203     
 -0.49999618530273438       0.56508779525756836     
 -0.56598520278930664      -0.50833797454833984     
  0.36382198333740234       0.75872993469238281     
  -2.5927066802978516E-002  0.24655055999755859     
 -0.22158241271972656      -0.13144111633300781     
  0.87346887588500977       0.39502716064453125     
 -0.77374172210693359      -0.27669906616210938     
 -0.48104286193847656      -0.88631248474121094     
 -0.24834251403808594       0.11385250091552734     
 -0.47803449630737305      -0.32374095916748047     
  0.89346790313720703       0.52210617065429688     
 -0.95473766326904297      -0.27574968338012695     
 -0.52489185333251953       0.14694452285766602     
 -0.29682159423828125      -0.67398643493652344     
  0.31704950332641602       0.65865087509155273     
  -4.8421382904052734E-002  0.18318653106689453     
  0.81999683380126953      -0.30967855453491211     
 -0.76137208938598633      -0.37500715255737305     
 -0.74005842208862305      -0.16135025024414062     
  0.18780612945556641       0.46241664886474609     
 -0.16094493865966797       0.99889183044433594     
  0.37945508956909180      -0.49477720260620117     
  0.28380155563354492      -0.14577341079711914     
  -7.8544616699218750E-003  -9.8671913146972656E-003
  0.16683435440063477       -7.5616836547851562E-003
  0.91545486450195312        5.3820133209228516E-002
  0.55622339248657227       0.45107746124267578     
 -0.73726272583007812       0.82719993591308594     
  0.75713205337524414      -0.87818431854248047     
  0.35850667953491211      -0.57082271575927734     
  0.18322992324829102      -0.45255804061889648     
 -0.13534593582153320      -0.75788450241088867     
  0.23745489120483398       0.90912437438964844     
 -0.34289979934692383       0.89079427719116211     
 -0.41987991333007812      -0.91861534118652344     
  0.83418369293212891       0.13055372238159180     
  0.21817398071289062       0.85079193115234375     
 -0.73724412918090820      -0.85580062866210938     
  0.56370306015014648       0.15978574752807617     
 -0.47654962539672852       0.63336133956909180     
  0.90611267089843750      -0.95742273330688477     
  0.60114574432373047      -0.53626251220703125     
 -0.96148777008056641       0.27727079391479492     
   9.7834587097167969E-002  0.31117296218872070     
 -0.11111497879028320       0.49145030975341797     
 -0.18918561935424805       0.36520624160766602     
   2.5507926940917969E-002  0.71830987930297852     
  0.64074468612670898       0.99610900878906250     
 -0.39435577392578125        6.9727897644042969E-002
  -7.6767444610595703E-002 -0.22290563583374023     
 -0.37067985534667969       -1.1487483978271484E-002
  0.93479490280151367      -0.89831256866455078     
   6.2349319458007812E-002  -8.7810993194580078E-002
  0.16723394393920898       0.70722818374633789     
  0.39154815673828125       0.75210380554199219     
  0.60991001129150391       0.75776004791259766     
 -0.32416915893554688      -0.30342626571655273     
  0.31826353073120117      -0.94086885452270508     
  0.82243728637695312       0.70660114288330078     
 -0.15202713012695312       0.88544607162475586     
 -0.30167675018310547      -0.27886533737182617     
 -0.88766908645629883       0.94618129730224609     
  0.46992397308349609        1.6672134399414062E-002
  0.21464395523071289      -0.47710990905761719     
 -0.78179216384887695       0.42082548141479492     
  0.81755542755126953       0.65784168243408203     
  0.34606170654296875       0.26152276992797852     
 -0.58421325683593750      -0.87201690673828125     
   1.7765998840332031E-002  0.59629631042480469     
  -4.1778087615966797E-002 -0.16244840621948242     
 -0.27002811431884766      -0.36174488067626953     
  0.15750503540039062      -0.81063842773437500     
 -0.39753341674804688       0.65683984756469727     
 -0.49179267883300781       0.44412899017333984     
  0.47987794876098633      -0.69074010848999023     
  0.73124933242797852       0.10989141464233398     
  0.94773769378662109       0.63519811630249023     
 -0.21925163269042969      -0.96008729934692383     
 -0.18306064605712891      -0.69833135604858398     
 -0.84825897216796875      -0.68062400817871094     
  0.75656986236572266      -0.32401752471923828     
  0.24509000778198242      -0.76870775222778320     
  0.33140802383422852       -1.7804145812988281E-002
  0.76765394210815430       -3.4264564514160156E-002
  0.11791324615478516      -0.22619342803955078     
  0.36836004257202148      -0.97057819366455078     
 -0.50532150268554688      -0.93800687789916992     
  0.92425775527954102        1.3923645019531250E-004
  0.34203290939331055       0.55156373977661133     
  0.13706111907958984      -0.40667247772216797     
 -0.93697166442871094       0.31754922866821289     
 -0.94564247131347656       0.58765792846679688     
  0.77015018463134766       -8.5582733154296875E-002
 -0.38681364059448242       0.82992458343505859     
  0.54885864257812500       0.66950321197509766     
  0.34082508087158203       0.25315523147583008     
  0.78203535079956055      -0.32547473907470703     
 -0.24992752075195312      -0.52726507186889648     
  0.26037025451660156        4.7400951385498047E-002
  0.67139816284179688       0.19061040878295898     
 -0.40418243408203125       0.90976381301879883     
  0.40159416198730469      -0.40445137023925781     
  0.39153814315795898       0.58419656753540039     
  0.59820318222045898        1.1777877807617188E-003
 -0.20409917831420898      -0.29173755645751953     
  0.76787996292114258      -0.23606491088867188     
  0.45880174636840820      -0.91848993301391602     
  0.94658327102661133      -0.76812410354614258     
  0.13947677612304688       0.19059896469116211     
 -0.59772872924804688       -1.9737243652343750E-002
  0.28197622299194336      -0.82221364974975586     
 -0.94224309921264648      -0.27648115158081055     
 -0.81515598297119141      -0.32327032089233398     
  0.79578447341918945       0.75294542312622070     
  0.76150369644165039       0.59705352783203125     
  0.68579196929931641       0.11321687698364258     
  0.84034872055053711      -0.25390529632568359     
  0.61520862579345703      -0.18554592132568359     
 -0.46677160263061523       0.97172880172729492     
 -0.14617204666137695      -0.71139049530029297     
 -0.33462095260620117        2.9004096984863281E-002
 -0.52235841751098633       0.72805976867675781     
  0.50403594970703125      -0.66299200057983398     
 -0.90259122848510742       0.15365314483642578     
  0.45165395736694336       0.95569562911987305     
  0.37781524658203125       -5.1329612731933594E-002
 -0.68979740142822266       0.58204174041748047     
  0.38144445419311523       0.94041156768798828     
 -0.50071620941162109       0.46328258514404297     
  0.39373826980590820      -0.43957376480102539     
   8.5930347442626953E-002  0.23826074600219727     
  0.44968223571777344      -0.18487739562988281     
  0.77083015441894531      -0.65363645553588867     
  0.33417606353759766       0.50163364410400391     
  0.96195840835571289      -0.35787820816040039     
 -0.85154199600219727       0.13588094711303711     
 -0.24149370193481445      -0.78265476226806641     
  -7.5598239898681641E-002 -0.57668399810791016     
 -0.32261562347412109      -0.19539403915405273     
   1.4956951141357422E-002 -0.61292648315429688     
  0.54942131042480469       0.13048791885375977     
 -0.88859987258911133      -0.69705629348754883     
  0.58051252365112305       0.67714309692382812     
  0.75205707550048828      -0.17250823974609375     
  0.66200351715087891       0.30056047439575195     
 -0.47441482543945312       0.51200485229492188     
 -0.72864437103271484      -0.32193517684936523     
 -0.75687360763549805      -0.77231121063232422     
 -0.23274660110473633       0.22863245010375977     
  0.62758636474609375      -0.15525102615356445     
  0.70314741134643555      -0.19665479660034180     
  0.82894420623779297        6.8418979644775391E-002
  -8.0181598663330078E-002  0.38877058029174805     
   6.8656444549560547E-002  -9.0282917022705078E-002
  0.61624145507812500      -0.82687807083129883     
  0.66427183151245117       0.41940879821777344     
 -0.99576950073242188       0.10370731353759766     
 -0.99020242691040039      -0.32948112487792969     
  0.41144371032714844      -0.86409425735473633     
 -0.82416820526123047       0.20682239532470703     
   6.6997051239013672E-002   2.4300575256347656E-002
  0.42478513717651367      -0.63470172882080078     
  0.57502746582031250       0.49037122726440430     
 -0.32833003997802734      -0.24022197723388672     
  0.59267807006835938      -0.85784864425659180     
  0.14566326141357422       0.16579294204711914     
  0.48682260513305664        3.0901432037353516E-002
 -0.63938903808593750      -0.20905590057373047     
  0.39833021163940430       0.74063634872436523     
 -0.12402820587158203      -0.54059362411499023     
  0.24465322494506836      -0.10710287094116211     
  -7.5644016265869141E-002  0.65183973312377930     
 -0.52854394912719727       0.76557588577270508     
 -0.96314716339111328       0.38941287994384766     
  0.86658811569213867       0.75448894500732422     
  0.70079946517944336       0.33903503417968750     
  0.16298818588256836      -0.65664291381835938     
 -0.19740295410156250       0.24946451187133789     
  0.75078058242797852       0.37334775924682617     
  0.85872745513916016       0.63261890411376953     
  0.43034791946411133       0.86370754241943359     
  0.33640527725219727       -3.4757614135742188E-002
 -0.16609525680541992       0.44503927230834961     
 -0.21944522857666016      -0.21031570434570312     
 -0.77417421340942383       0.45620393753051758     
 -0.57884550094604492      -0.65218353271484375     
  0.75816154479980469       0.42322587966918945     
 -0.84090757369995117       0.86831951141357422     
 -0.15073299407958984       0.63743066787719727     
 -0.69633483886718750       0.70521783828735352     
  0.59698820114135742      -0.41553449630737305     
  0.11566925048828125        5.9409618377685547E-002
  0.49953031539916992      -0.39043998718261719     
 -0.12224626541137695      -0.58516550064086914     
 -0.87122869491577148      -0.73640155792236328     
 -0.69570732116699219      -0.74696540832519531     
 -0.24287319183349609        3.4136772155761719E-002
 -0.25933361053466797      -0.61724758148193359     
  -7.4198246002197266E-002  0.95608139038085938     
  0.86488962173461914       0.20128011703491211     
  0.91603183746337891      -0.24851036071777344     
 -0.70741271972656250       0.51701974868774414     
 -0.44149637222290039      -0.22338771820068359     
 -0.47717046737670898       0.19985628128051758     
  0.98690795898437500       0.96424198150634766     
   1.9975662231445312E-002 -0.26133584976196289     
 -0.26988410949707031        6.4414024353027344E-002
  0.60875368118286133      -0.67196893692016602     
  0.22606229782104492      -0.56509685516357422     
  0.41805076599121094       0.18106603622436523     
 -0.81562232971191406      -0.16352367401123047     
 -0.34039497375488281       0.98690891265869141     
  0.98424625396728516       0.23056221008300781     
 -0.93413257598876953        3.9853096008300781E-002
 -0.18252706527709961       0.26843404769897461     
 -0.42592954635620117      -0.59572124481201172     
 -0.28348350524902344      -0.50690746307373047     
  0.41237640380859375       0.81262445449829102     
 -0.21609926223754883        2.5919437408447266E-002
 -0.36515188217163086       0.89794063568115234     
 -0.31161212921142578       0.74243164062500000     
   5.0256729125976562E-002  0.66623163223266602     
 -0.63741540908813477       0.96512317657470703     
  0.82857799530029297       -8.7803363800048828E-002
  0.29566478729248047      -0.75766801834106445     
 -0.12511491775512695      -0.79923152923583984     
 -0.67972421646118164      -0.12199258804321289     
 -0.32201671600341797      -0.13342237472534180     
 -0.42771673202514648      -0.63044643402099609     
   9.1528892517089844E-002  0.32926654815673828     
  -1.0697364807128906E-002  0.21377992630004883     
 -0.99624586105346680       0.10130739212036133     
  0.67372322082519531      -0.72658300399780273     
  0.32075309753417969       0.89778995513916016     
 -0.84051513671875000      -0.53690004348754883     
  0.32491683959960938       0.88370370864868164     
  0.41622877120971680      -0.44091844558715820     
 -0.51008129119873047      -0.92830610275268555     
  -3.4767627716064453E-002 -0.33436203002929688     
  0.38259410858154297       0.26612758636474609     
  0.81184768676757812       0.73022127151489258     
  0.83369779586791992       -3.8094043731689453E-002
 -0.24359607696533203      -0.11456394195556641     
  0.52596282958984375      -0.13557386398315430     
 -0.58368015289306641        9.4325542449951172E-002
 -0.66294574737548828      -0.12148809432983398     
  0.15106105804443359       0.88523054122924805     
   7.3462009429931641E-002  0.67917823791503906     
  0.95130300521850586       0.55107927322387695     
  -3.7560462951660156E-003  0.87993240356445312     
 -0.96980190277099609       0.54062557220458984     
  0.29488039016723633        5.9141635894775391E-002
  -4.6548843383789062E-003 -0.22904539108276367     
  0.43635606765747070      -0.15718936920166016     
  0.12489938735961914      -0.81356191635131836     
  0.46903657913208008      -0.89562892913818359     
 -0.83458185195922852      -0.81317758560180664     
  0.92604160308837891       -1.1201858520507812E-002
 -0.26440048217773438       0.22246313095092773     
  0.94545841217041016       0.32421302795410156     
 -0.95059585571289062      -0.66244935989379883     
  0.21775865554809570      -0.12646341323852539     
  0.53539943695068359       0.46583080291748047     
 -0.78080749511718750       0.97102928161621094     
   9.5083713531494141E-002   7.5738430023193359E-002
  0.93783664703369141       0.22099542617797852     
  0.27625751495361328      -0.93935728073120117     
  0.22631549835205078      -0.31458044052124023     
  0.85386657714843750       0.94276094436645508     
  0.98832559585571289       0.78864908218383789     
  0.83161830902099609      -0.98793554306030273     
 -0.23029327392578125      -0.53283500671386719     
  0.64703893661499023       0.78514194488525391     
 -0.11202430725097656      -0.79016160964965820     
 -0.24355792999267578       0.52519464492797852     
  0.95091676712036133        6.5883636474609375E-002
 -0.68729591369628906       0.61938095092773438     
  -6.3218116760253906E-002 -0.50638055801391602     
 -0.73152351379394531      -0.70937061309814453     
 -0.39045238494873047      -0.32699966430664062     
  0.12322139739990234       0.98233222961425781     
   5.8846950531005859E-002 -0.95217227935791016     
  0.84280204772949219       0.97587728500366211     
 -0.42458581924438477       -1.1903285980224609E-002
  -5.2791118621826172E-002  0.74445056915283203     
  -1.5044689178466797E-002 -0.85049533843994141     
 -0.27427577972412109       0.25273561477661133     
 -0.26496839523315430       0.68240118026733398     
 -0.88292789459228516       0.63824892044067383     
 -0.95000600814819336      -0.74523401260375977     
  0.85215520858764648       0.17997741699218750     
  0.88466691970825195       0.60178661346435547     
  0.22798490524291992      -0.25535583496093750     
  0.23652219772338867      -0.76642036437988281     
  0.77969932556152344       0.41249513626098633     
  0.80978870391845703       0.12283039093017578     
  0.41445875167846680      -0.18988704681396484     
  0.57265233993530273       0.56939220428466797     
 -0.22422456741333008      -0.53583431243896484     
  0.24025869369506836        3.4542560577392578E-002
  0.55926513671875000      -0.42393255233764648     
  0.97307920455932617       0.54511785507202148     
 -0.20379114151000977       0.88902139663696289     
 -0.21480512619018555      -0.22577428817749023     
 -0.58257007598876953       0.74752187728881836     
 -0.39251661300659180       0.98011445999145508     
  0.78518438339233398       0.59799957275390625     
  0.58105421066284180      -0.21751785278320312     
  0.18246316909790039       0.66022968292236328     
  0.48118591308593750      -0.70562362670898438     
  0.58422470092773438      -0.93468809127807617     
  0.70252513885498047      -0.65604925155639648     
 -0.21726417541503906       0.44767761230468750     
  0.12401199340820312       0.26967573165893555     
  0.44327163696289062        7.3269367218017578E-002
 -0.55732297897338867      -0.92253017425537109     
 -0.96265029907226562       0.73798894882202148     
 -0.61789226531982422      -0.91379785537719727     
 -0.19587469100952148       -6.2403678894042969E-002
 -0.81793546676635742       0.96454381942749023     
 -0.91116666793823242        2.8684139251708984E-002
   9.5510005950927734E-002 -0.75654411315917969     
  0.76880502700805664      -0.68951463699340820     
 -0.66962146759033203      -0.32711124420166016     
  0.24544048309326172      -0.87917709350585938     
 -0.32610702514648438      -0.87832498550415039     
  -4.7016143798828125E-004   9.8301887512207031E-002
  0.16064548492431641       -2.3421287536621094E-002
  0.36055660247802734      -0.12207269668579102     
  0.33150339126586914      -0.42064571380615234     
  0.21023178100585938      -0.63374280929565430     
  0.68493556976318359      -0.28498601913452148     
  0.24535083770751953      -0.38756895065307617     
  0.13290834426879883      -0.20328187942504883     
 -0.55769634246826172       0.80310058593750000     
 -0.28125381469726562       0.97360658645629883     
 -0.59405469894409180      -0.27696228027343750     
 -0.89971733093261719       0.45695543289184570     
   5.4010391235351562E-002 -0.24682998657226562     
 -0.46707057952880859       -5.2831172943115234E-002
   6.7688941955566406E-002 -0.35066080093383789     
  0.44608354568481445      -0.66848325729370117     
  0.80418252944946289      -0.10372829437255859     
  0.64034748077392578       0.32727527618408203     
  0.51944303512573242       0.28589630126953125     
 -0.93687915802001953      -0.12036991119384766     
  0.94456863403320312      -0.63487434387207031     
 -0.33271932601928711       -7.1334838867187500E-003
  0.11510419845581055       0.55896425247192383     
  0.51542758941650391       0.79773664474487305     
 -0.43468809127807617       0.19980525970458984     
  0.13456916809082031      -0.29011344909667969     
   6.6756725311279297E-002  -1.2603282928466797E-002
  0.18135833740234375        9.5267772674560547E-002
 -0.83221960067749023       0.88717603683471680     
  0.77168846130371094      -0.22962236404418945     
  0.74079942703247070       0.62164974212646484     
   7.2393894195556641E-002  0.72620725631713867     
 -0.63322114944458008      -0.54234647750854492     
  0.78942394256591797      -0.14810514450073242     
  0.80100631713867188       0.51913404464721680     
 -0.91006135940551758       0.59942150115966797     
  0.48380327224731445      -0.71261596679687500     
 -0.93486166000366211      -0.21235895156860352     
  0.88398361206054688      -0.88588380813598633     
  0.95794343948364258       0.16304111480712891     
  0.23448276519775391       0.95823049545288086     
  0.98266029357910156      -0.42789840698242188     
  0.31653404235839844       -1.0398864746093750E-002
 -0.77328968048095703      -0.67526006698608398     
  0.91106891632080078       0.33892297744750977     
  0.27878952026367188      -0.37913846969604492     
 -0.17872142791748047       0.23020362854003906     
 -0.96162652969360352       -5.0760746002197266E-002
  0.86737346649169922       -4.7966957092285156E-002
 -0.17935705184936523      -0.45099020004272461     
  0.21124935150146484       0.47366714477539062     
  0.92682838439941406      -0.79057025909423828     
  0.89191770553588867       0.46813869476318359     
   1.1609077453613281E-002 -0.88212633132934570     
  0.10323524475097656      -0.92086601257324219     
 -0.99018907546997070      -0.10727500915527344     
 -0.96767568588256836       0.28221368789672852     
 -0.82962274551391602       0.53422689437866211     
  0.75621509552001953      -0.28495597839355469     
  0.75182628631591797       -5.1146984100341797E-002
  0.37572908401489258       0.88135528564453125     
  0.94130563735961914       0.52788496017456055     
  0.16404008865356445      -0.97510623931884766     
 -0.60644769668579102      -0.56089448928833008     
 -0.94627475738525391       -3.1942367553710938E-002
 -0.85458135604858398      -0.94726943969726562     
 -0.75082063674926758       0.96548032760620117     
  0.82892990112304688      -0.17023849487304688     
  0.80650663375854492       0.96007537841796875     
  -8.4667205810546875E-003 -0.29442071914672852     
 -0.32518672943115234       0.59459495544433594     
 -0.63640451431274414       -4.5190811157226562E-002
  0.47906160354614258      -0.40864372253417969     
  -7.3052406311035156E-002  0.21325445175170898     
  0.16950511932373047       0.87680673599243164     
  0.49813604354858398       0.17750406265258789     
 -0.68149328231811523       0.14744663238525391     
  0.13759422302246094       0.54799318313598633     
  0.12793684005737305       0.23662376403808594     
  0.94119977951049805       0.74661874771118164     
  0.42653417587280273       0.76477289199829102     
 -0.45917320251464844       0.68140506744384766     
  0.38083553314208984       0.70749616622924805     
  0.89358854293823242       0.54935503005981445     
 -0.98455095291137695       0.65964746475219727     
  0.70147991180419922      -0.22108268737792969     
  0.26329469680786133      -0.80113744735717773     
 -0.71306943893432617      -0.55193805694580078     
 -0.41697168350219727       -4.0685653686523438E-002
  0.20402097702026367       0.98199415206909180     
  0.38327360153198242      -0.31460475921630859     
  0.44162082672119141       0.32130813598632812     
  0.23358392715454102      -0.14839982986450195     
 -0.14984512329101562      -0.44411611557006836     
 -0.25840759277343750       0.94706869125366211     
 -0.61184215545654297       0.77154111862182617     
 -0.70045423507690430      -0.52814388275146484     
 -0.51219892501831055      -0.52615547180175781     
  0.91275262832641602       0.63789987564086914     
 -0.80995273590087891      -0.87487983703613281     
  -9.9205970764160156E-002  0.64560031890869141     
  0.61225795745849609       0.22477817535400391     
 -0.14613819122314453      -0.13892269134521484     
 -0.87156963348388672      -0.46409845352172852     
  -9.9808692932128906E-002  0.52040767669677734     
  0.49267911911010742       0.46250581741333008     
 -0.66401100158691406       -3.1445503234863281E-002
 -0.50177955627441406       0.59865570068359375     
 -0.39223337173461914      -0.26012277603149414     
  0.12179946899414062      -0.91320133209228516     
 -0.16821384429931641       0.83325910568237305     
  0.59081220626831055      -0.21552753448486328     
 -0.36395645141601562       0.98951387405395508     
  0.76274871826171875      -0.47622108459472656     
  0.15752553939819336      -0.46150398254394531     
 -0.49680471420288086       0.21026277542114258     
 -0.10940742492675781      -0.80941009521484375     
  0.24917984008789062       -3.0410766601562500E-002
  0.88626861572265625      -0.47744417190551758     
 -0.40217399597167969       0.66287517547607422     
  0.94510602951049805       0.40400266647338867     
   7.8789710998535156E-002  0.22520828247070312     
 -0.92263412475585938      -0.70660018920898438     
  0.17265701293945312      -0.15183734893798828     
   7.7305793762207031E-002 -0.71938705444335938     
 -0.73789358139038086       0.23023366928100586     
 -0.46031618118286133      -0.52927923202514648     
  0.41068124771118164       0.32758331298828125     
 -0.30673170089721680       0.76073074340820312     
 -0.39290332794189453       0.47424125671386719     
  0.57880783081054688        2.8186321258544922E-002
 -0.26601076126098633      -0.83556461334228516     
  0.66588878631591797      -0.40015888214111328     
  0.53480625152587891       0.49531793594360352     
  0.81245851516723633       0.99234437942504883     
  0.33841800689697266      -0.20510435104370117     
  0.81698513031005859      -0.92645549774169922     
 -0.93390321731567383      -0.10572242736816406     
 -0.87416887283325195      -0.15522766113281250     
 -0.90515851974487305      -0.99343347549438477     
 -0.63589048385620117       0.59022140502929688     
 -0.14548397064208984       0.85812759399414062     
  0.55760860443115234      -0.26893329620361328     
   4.2760848999023438E-002  0.68317794799804688     
  0.17624616622924805       0.16999769210815430     
 -0.84212732315063477       0.36869478225708008     
  0.65770816802978516       0.10579490661621094     
   9.5818042755126953E-002  0.41472959518432617     
  0.36232042312622070      -0.47287416458129883     
  0.40504693984985352      -0.37499094009399414     
 -0.47219324111938477      -0.14901351928710938     
 -0.46443653106689453       0.22183179855346680     
  0.33052253723144531      -0.90399694442749023     
  0.52848958969116211       0.32902240753173828     
 -0.11741256713867188       0.65328311920166016     
 -0.26575040817260742      -0.46511697769165039     
  0.78677082061767578      -0.74250650405883789     
  0.69337606430053711      -0.42736291885375977     
 -0.68495702743530273       -7.0801258087158203E-002
   4.6799659729003906E-002  0.56962156295776367     
 -0.36790609359741211       0.60466861724853516     
  0.67308521270751953       0.54864549636840820     
 -0.90877580642700195       0.21178388595581055     
 -0.54499483108520508       0.27251911163330078     
  0.23144245147705078      -0.14159011840820312     
  0.29784488677978516      -0.11909961700439453     
  0.29628133773803711      -0.39816951751708984     
  -2.7234554290771484E-002  0.27517700195312500     
  0.90579843521118164      -0.24391603469848633     
  0.50831317901611328      -0.77445650100708008     
 -0.28339862823486328       0.92588186264038086     
 -0.70167255401611328       0.99016952514648438     
 -0.21914768218994141       0.78960704803466797     
  0.93100786209106445      -0.55007982254028320     
  0.80983448028564453       0.89404058456420898     
  0.14810228347778320      -0.84143781661987305     
  -4.3347835540771484E-002 -0.54703330993652344     
   1.3996124267578125E-002 -0.75935220718383789     
 -0.43054103851318359       -9.7626209259033203E-002
 -0.80276870727539062      -0.12921667098999023     
  0.26238250732421875      -0.12967634201049805     
  0.53198051452636719       0.99853849411010742     
  0.44224596023559570       0.83453273773193359     
  -3.3006668090820312E-003  0.52574729919433594     
  0.24156856536865234        4.8037528991699219E-002
 -0.63173961639404297       0.35638666152954102     
 -0.20675516128540039      -0.93212699890136719     
 -0.25579357147216797       0.88056468963623047     
 -0.34426927566528320      -0.12899971008300781     
  -9.4598770141601562E-002   7.9948425292968750E-002
 -0.30264425277709961      -0.53805351257324219     
  0.93591690063476562       -4.3415069580078125E-002
  0.32465457916259766       0.47415542602539062     
 -0.86744260787963867       0.89723968505859375     
  -8.4709644317626953E-002  0.28925657272338867     
 -0.45744705200195312      -0.30611896514892578     
 -0.93391323089599609      -0.27344179153442383     
  0.27103090286254883      -0.77728223800659180     
  0.22251462936401367      -0.19533157348632812     
 -0.93125343322753906       0.42409610748291016     
 -0.21636629104614258      -0.46384906768798828     
   8.8848590850830078E-002 -0.71845388412475586     
  0.94990730285644531      -0.90418910980224609     
 -0.70408248901367188       0.48715877532958984     
 -0.31727075576782227      -0.36260604858398438     
 -0.31442213058471680      -0.49160099029541016     
 -0.33333206176757812      -0.30970335006713867     
  0.82309484481811523      -0.24233055114746094     
 -0.84903526306152344       0.26854515075683594     
 -0.55589675903320312      -0.95662212371826172     
   5.2201747894287109E-002 -0.64438533782958984     
 -0.18391656875610352       0.92060565948486328     
  0.62449932098388672       -3.8631916046142578E-002
  0.71805858612060547       0.41849660873413086     
 -0.32521629333496094        9.0373516082763672E-002
  0.91005659103393555      -0.67367887496948242     
 -0.51433753967285156      -0.47068119049072266     
 -0.73759078979492188      -0.68318986892700195     
 -0.36874389648437500       0.52656459808349609     
  -2.6377677917480469E-002  0.67265987396240234     
 -0.60067987442016602       0.37405776977539062     
  0.79480123519897461       0.22869396209716797     
 -0.33671903610229492       0.76640510559082031     
  0.97785472869873047       0.80990314483642578     
   4.8539638519287109E-002 -0.18661737442016602     
 -0.47793960571289062      -0.72778749465942383     
   7.9226016998291016E-002 -0.44059181213378906     
  0.98016405105590820      -0.38069677352905273     
 -0.36761569976806641      -0.51491689682006836     
 -0.20375776290893555      -0.55090808868408203     
  0.89238977432250977       0.40229272842407227     
 -0.66182947158813477       0.63656568527221680     
  0.76477575302124023      -0.41306018829345703     
 -0.29794692993164062       0.40739393234252930     
 -0.92592668533325195       -4.1848659515380859E-002
  0.65688085556030273       0.20232820510864258     
  0.53055953979492188      -0.88409662246704102     
  0.98945999145507812      -0.14246463775634766     
 -0.39987325668334961      -0.66524982452392578     
 -0.85306262969970703       0.57898187637329102     
  0.95285367965698242       0.61619186401367188     
  0.33970737457275391      -0.53171205520629883     
 -0.48014116287231445       0.26898193359375000     
  0.78612947463989258       0.48396396636962891     
  -1.6572952270507812E-002 -0.53452634811401367     
  0.22024106979370117      -0.40127134323120117     
 -0.16240549087524414       0.45636844635009766     
  0.18652391433715820       0.90987920761108398     
  0.34270572662353516      -0.13916063308715820     
 -0.86524057388305664       -9.2783451080322266E-002
  0.59396028518676758       0.69648885726928711     
 -0.10429668426513672      -0.90693044662475586     
 -0.77895164489746094       0.16537189483642578     
 -0.58893537521362305      -0.23105669021606445     
  0.63365697860717773      -0.12412691116333008     
 -0.19887638092041016      -0.50804948806762695     
 -0.78519105911254883      -0.70019674301147461     
 -0.20149230957031250      -0.47677993774414062     
  0.76411390304565430       0.46518373489379883     
  0.34975862503051758       0.39702463150024414     
  0.80030202865600586       0.68221998214721680     
   7.7639102935791016E-002  0.88592100143432617     
 -0.32172298431396484       0.80683231353759766     
  0.43336868286132812      -0.37170648574829102     
  0.73160314559936523        5.8073043823242188E-002
   3.4407138824462891E-002  0.28096246719360352     
  0.13671255111694336      -0.26984357833862305     
  0.73981380462646484        5.6795120239257812E-002
  0.55612611770629883       0.81514692306518555     
  0.18195724487304688       0.15791225433349609     
   3.7356376647949219E-002 -0.14828634262084961     
 -0.24229288101196289      -0.21286106109619141     
  0.44919204711914062      -0.42167711257934570     
  0.87800121307373047       0.56986188888549805     
 -0.32796573638916016      -0.11524295806884766     
 -0.88201904296875000       -8.7855815887451172E-002
 -0.59189224243164062        6.7929744720458984E-002
 -0.30228376388549805      -0.47609233856201172     
  0.31894969940185547       0.59252309799194336     
  0.53623676300048828       0.53449630737304688     
 -0.71591711044311523      -0.41300344467163086     
  0.65492916107177734      -0.60382413864135742     
 -0.46673870086669922      -0.47098636627197266     
  0.13357019424438477       0.92118167877197266     
  0.30667257308959961       0.25291156768798828     
  0.68546342849731445       0.58700180053710938     
 -0.25493478775024414      -0.68311786651611328     
  0.83975696563720703      -0.19741725921630859     
   1.3843536376953125E-002  0.67413091659545898     
  0.11951780319213867       0.73785543441772461     
 -0.85783052444458008       0.44508457183837891     
  0.53849172592163086       0.43523931503295898     
 -0.93235158920288086       -3.0420303344726562E-002
  0.73149442672729492       0.23125743865966797     
  0.74697399139404297       0.39786624908447266     
  0.94021892547607422       0.26713418960571289     
 -0.27554035186767578       0.99656724929809570     
 -0.68835592269897461       0.80668973922729492     
   3.5572528839111328E-002 -0.13001108169555664     
  0.90662097930908203      -0.41744518280029297     
   4.8117637634277344E-003  0.87920999526977539     
  0.88946437835693359      -0.76860952377319336     
  -1.7227649688720703E-002  0.45549392700195312     
 -0.50936269760131836      -0.85642862319946289     
   5.0072669982910156E-003  0.16212177276611328     
  0.78238105773925781      -0.51531887054443359     
 -0.96369028091430664      -0.73696327209472656     
 -0.13739204406738281       0.85464525222778320     
   3.0062675476074219E-002 -0.73311471939086914     
  0.54205560684204102       0.33412122726440430     
 -0.41693162918090820       0.63484001159667969     
 -0.24333333969116211       0.29977416992187500     
  0.31076049804687500       0.95672512054443359     
 -0.31517076492309570       0.93031215667724609     
 -0.23724412918090820       0.64157390594482422     
  0.93277502059936523      -0.84579992294311523     
  0.64633083343505859       0.88995313644409180     
 -0.55469417572021484      -0.74089145660400391     
 -0.15796661376953125      -0.94020652770996094     
  -5.0954341888427734E-002 -0.38767576217651367     
  0.33364200592041016      -0.47770071029663086     
 -0.71005821228027344        5.5071830749511719E-002
 -0.40360021591186523       0.69458770751953125     
  -5.7233333587646484E-002   8.2359313964843750E-002
  0.21517372131347656       0.42956447601318359     
 -0.30660057067871094       0.96806430816650391     
  0.26178884506225586      -0.11189746856689453     
 -0.65528488159179688       0.63429164886474609     
  0.54498291015625000      -0.46609687805175781     
  0.31290483474731445       0.99955034255981445     
 -0.55020809173583984       0.65424919128417969     
  -3.2796382904052734E-002  0.79663133621215820     
  0.98732709884643555        7.5206756591796875E-003
  0.40011310577392578       0.70353078842163086     
  0.24713945388793945      -0.32241487503051758     
 -0.82318401336669922       0.75403642654418945     
 -0.90290975570678711       0.80096435546875000     
 -0.18779039382934570      -0.19231319427490234     
 -0.20691108703613281       0.45198726654052734     
  0.55389738082885742      -0.64232587814331055     
  0.43563652038574219      -0.25043249130249023     
  0.98696279525756836      -0.11257505416870117     
  -4.5610427856445312E-002 -0.56874036788940430     
 -0.81762266159057617       0.22220468521118164     
  0.59645462036132812       0.61687088012695312     
 -0.24966526031494141      -0.11965751647949219     
  0.92266988754272461      -0.68087720870971680     
  0.50079393386840820       0.84677314758300781     
 -0.28338146209716797      -0.78554439544677734     
 -0.64034843444824219      -0.33039045333862305     
 -0.87148332595825195       0.98318481445312500     
  0.39412593841552734        7.9009056091308594E-002
  -9.0324878692626953E-002  -8.8883399963378906E-002
  0.14456129074096680      -0.35283660888671875     
 -0.12287712097167969       0.80720853805541992     
  0.75685548782348633       0.47805500030517578     
  0.67498779296875000       0.52246332168579102     
 -0.95524692535400391      -0.82734203338623047     
  0.86936426162719727      -0.58682632446289062     
 -0.78456926345825195      -0.25468587875366211     
 -0.50332021713256836       0.70011949539184570     
  0.91458606719970703      -0.54480075836181641     
 -0.45845365524291992       0.77632331848144531     
 -0.33214139938354492      -0.29395151138305664     
 -0.44063615798950195       0.23465538024902344     
 -0.14424419403076172      -0.30818700790405273     
  0.30811643600463867       0.52027559280395508     
  0.27283906936645508      -0.38957214355468750     
  0.46482276916503906       0.27973604202270508     
 -0.46993017196655273      -0.10911798477172852     
   6.1002254486083984E-002 -0.73295640945434570     
 -0.79356622695922852       0.53256559371948242     
  0.83653497695922852      -0.34884881973266602     
  0.90390205383300781      -0.11066913604736328     
  -8.2740783691406250E-003  0.94547700881958008     
  0.63604688644409180        4.1034698486328125E-002
 -0.32399177551269531       0.67361497879028320     
 -0.54865598678588867       0.74521970748901367     
  0.91151905059814453       -9.5028877258300781E-002
  0.85702371597290039       -1.1706352233886719E-003
  0.33251380920410156       0.56376504898071289     
 -0.79575395584106445      -0.23257064819335938     
 -0.81397056579589844      -0.39918136596679688     
  0.96147871017456055      -0.41960191726684570     
 -0.24405050277709961       0.25043725967407227     
 -0.90018463134765625       0.60356950759887695     
  0.19742250442504883        8.1402778625488281E-002
  0.14075040817260742      -0.40274715423583984     
 -0.96575069427490234       0.63510942459106445     
  0.28821277618408203       -5.5127143859863281E-003
 -0.65163516998291016       -3.0389785766601562E-002
 -0.75703668594360352       0.48878812789916992     
 -0.93401002883911133       0.10128736495971680     
  0.34471845626831055      -0.31212091445922852     
  0.18421840667724609       0.16354417800903320     
  0.69035816192626953       0.85682487487792969     
  0.66334056854248047       0.76873636245727539     
  0.15392017364501953       0.93912220001220703     
 -0.17041444778442383      -0.15375518798828125     
 -0.15598726272583008       0.32325553894042969     
  0.96238040924072266       0.72940015792846680     
 -0.96596002578735352      -0.88613080978393555     
  0.80657148361206055        4.7924995422363281E-002
 -0.51899051666259766      -0.66584634780883789     
 -0.87414932250976562       0.17506074905395508     
  0.25257682800292969      -0.93762636184692383     
 -0.68302297592163086       0.43317461013793945     
  0.37009763717651367       0.23502111434936523     
   6.3896179199218750E-003 -0.60201406478881836     
  -4.7644615173339844E-002 -0.76214790344238281     
  0.58597993850708008       0.56953430175781250     
  0.17008113861083984       0.55661678314208984     
 -0.93473243713378906       -4.7898292541503906E-002
  0.97467231750488281      -0.67797756195068359     
 -0.76157140731811523       0.27021980285644531     
 -0.41294622421264648      -0.38270950317382812     
 -0.19124269485473633      -0.21390008926391602     
  0.98383522033691406      -0.67584848403930664     
 -0.98143053054809570      -0.89913892745971680     
  0.17395639419555664      -0.31128931045532227     
  0.16425848007202148       0.69452190399169922     
  0.83165693283081055      -0.33742332458496094     
  0.92758178710937500      -0.12966489791870117     
  0.72870397567749023      -0.66761875152587891     
 -0.66237497329711914      -0.53575134277343750     
 -0.36602115631103516       0.28385496139526367     
  0.75504159927368164       -8.4395408630371094E-003
  0.16271734237670898       0.79701900482177734     
 -0.49853563308715820      -0.88219881057739258     
  0.88914632797241211      -0.11486482620239258     
 -0.53261089324951172       0.41506004333496094     
  -8.3680629730224609E-002 -0.41844272613525391     
 -0.76684665679931641      -0.39157152175903320     
  0.86337089538574219       0.67548274993896484     
  0.84154939651489258       -7.4113368988037109E-002
  0.38351726531982422      -0.22100687026977539     
 -0.45521545410156250      -0.80370712280273438     
  0.10238695144653320       0.82066297531127930     
  0.89048194885253906       0.33648395538330078     
 -0.71052026748657227       0.29073429107666016     
  0.37676525115966797       0.30017662048339844     
 -0.92821121215820312      -0.44192934036254883     
  0.49935674667358398       0.68897819519042969     
 -0.34172296524047852       0.66554021835327148     
 -0.25825881958007812      -0.55192089080810547     
 -0.13318777084350586      -0.48048734664916992     
  0.45300340652465820      -0.36422204971313477     
  0.52330207824707031      -0.85450839996337891     
  0.27940464019775391       -4.4057846069335938E-002
 -0.47874021530151367      -0.18399286270141602     
 -0.36451530456542969      -0.40646505355834961     
  0.54504251480102539       0.53179645538330078     
  -9.2955589294433594E-002 -0.29944849014282227     
 -0.82378768920898438       0.60808801651000977     
  0.13929748535156250      -0.82662296295166016     
  0.95418643951416016      -0.98354959487915039     
 -0.51688289642333984       0.75241899490356445     
  -8.7756156921386719E-002 -0.91692399978637695     
 -0.74080324172973633      -0.67364883422851562     
  -9.4585418701171875E-003 -0.96796846389770508     
 -0.63825607299804688       0.83682060241699219     
  0.44574165344238281      -0.41632556915283203     
  0.82181406021118164       0.23554515838623047     
  0.81046056747436523      -0.58722496032714844     
  0.51382017135620117      -0.22114372253417969     
 -0.76224136352539062      -0.98674440383911133     
 -0.21206855773925781      -0.23062467575073242     
 -0.10469341278076172       0.42337465286254883     
 -0.33430957794189453      -0.73504495620727539     
   9.9438667297363281E-002 -0.73291730880737305     
 -0.13660526275634766        7.7578067779541016E-002
 -0.14150905609130859      -0.33947467803955078     
  0.45134496688842773      -0.23865032196044922     
 -0.98909950256347656       0.20754051208496094     
  0.13494539260864258        3.2105922698974609E-002
 -0.39260339736938477      -0.47728109359741211     
  0.34442758560180664       0.79732179641723633     
  0.58808803558349609       -1.3995170593261719E-003
  0.47862195968627930       0.19997644424438477     
 -0.99093055725097656      -0.56513309478759766     
 -0.18808603286743164       0.84245014190673828     
 -0.93661594390869141       0.30105876922607422     
  -9.7397804260253906E-002 -0.96415376663208008     
 -0.52719020843505859      -0.48402976989746094     
  0.91782808303833008       -5.5551528930664062E-002
  0.34857511520385742       0.50925016403198242     
  0.96994447708129883      -0.13653755187988281     
 -0.78019475936889648      -0.72748088836669922     
 -0.76512193679809570       0.60349893569946289     
 -0.99141883850097656      -0.77169179916381836     
  0.18109846115112305      -0.27508640289306641     
  0.62535190582275391       0.29678773880004883     
  0.11692047119140625      -0.91373443603515625     
  0.86572551727294922       0.24933099746704102     
  0.51038837432861328       0.10303831100463867     
 -0.23201513290405273       0.52855443954467773     
 -0.58456802368164062      -0.83088922500610352     
 -0.74952173233032227       0.79366207122802734     
 -0.91382265090942383      -0.61273860931396484     
 -0.29115152359008789       0.62018346786499023     
 -0.57608318328857422      -0.22529983520507812     
 -0.61341667175292969       0.31107234954833984     
  0.19317674636840820       0.72504472732543945     
 -0.17192411422729492       0.47572278976440430     
 -0.52075290679931641      -0.29275512695312500     
 -0.32807207107543945        9.3363761901855469E-002
 -0.82942247390747070      -0.10126399993896484     
   6.2111377716064453E-002  -9.0576171875000000E-002
 -0.30836057662963867      -0.61238718032836914     
 -0.38382387161254883      -0.92040205001831055     
  0.80989885330200195       -2.3024559020996094E-002
 -0.96815252304077148       0.26699399948120117     
 -0.62459373474121094       0.45560741424560547     
 -0.60339164733886719       0.80419349670410156     
   8.0332279205322266E-002  0.14604902267456055     
  0.65324258804321289      -0.94675445556640625     
  -9.4214439392089844E-002  0.54526519775390625     
  0.27491426467895508       0.48497962951660156     
 -0.94200229644775391      -0.22519254684448242     
 -0.80527496337890625      -0.25065755844116211     
 -0.79802608489990234      -0.41767692565917969     
  0.10846948623657227      -0.94554138183593750     
  0.29102039337158203      -0.81948757171630859     
  0.87916088104248047        6.2499046325683594E-002
  0.42254400253295898      -0.29799222946166992     
 -0.35204553604125977      -0.82673692703247070     
 -0.95989274978637695      -0.91732025146484375     
  0.60067844390869141      -0.39304494857788086     
   9.4524383544921875E-002  0.67279386520385742     
 -0.34850120544433594       0.74027633666992188     
 -0.17284154891967773      -0.94014263153076172     
 -0.97434329986572266       0.21353673934936523     
  0.91297340393066406       0.35174703598022461     
 -0.18334531784057617       0.51866149902343750     
 -0.85210466384887695       0.68276977539062500     
 -0.68505382537841797       0.30651044845581055     
 -0.47204256057739258       0.38453865051269531     
  0.94834136962890625       0.77673292160034180     
  0.55122900009155273       0.50609827041625977     
  -3.7121772766113281E-003 -0.38781690597534180     
  -3.1267642974853516E-002  0.48578071594238281     
  0.51852321624755859       0.82740831375122070     
  0.25473642349243164      -0.64066314697265625     
  0.37699604034423828       0.17313385009765625     
 -0.13837051391601562       0.40781211853027344     
  0.10364007949829102      -0.11591625213623047     
 -0.19877672195434570      -0.83567953109741211     
  0.73553085327148438        6.7471027374267578E-002
  -6.7024230957031250E-003 -0.64242076873779297     
  0.83888530731201172      -0.85304498672485352     
  0.87791776657104492      -0.82979059219360352     
 -0.28292179107666016       0.94014644622802734     
 -0.95431184768676758       0.88493967056274414     
 -0.81485700607299805       0.70285511016845703     
  0.88948106765747070      -0.48671960830688477     
 -0.28917455673217773      -0.15201139450073242     
 -0.84891128540039062       0.35392808914184570     
  0.47698068618774414       0.61510848999023438     
  0.13175344467163086       0.38262653350830078     
  0.80503559112548828       0.24086380004882812     
  0.20149707794189453       0.56448173522949219     
 -0.75166034698486328       0.84805631637573242     
 -0.71638059616088867      -0.20736265182495117     
  0.85633945465087891       0.49974870681762695     
 -0.71962261199951172      -0.69039773941040039     
  0.49031448364257812       0.71744775772094727     
  0.14649629592895508       0.16937446594238281     
  0.68346691131591797      -0.96699094772338867     
 -0.21404075622558594       0.61903524398803711     
  0.12916183471679688       0.82562541961669922     
  0.29429912567138672       0.29103422164916992     
 -0.58111190795898438      -0.74288797378540039     
  0.28940248489379883       -1.1737823486328125E-002
  0.72652482986450195       0.70685148239135742     
   5.8184146881103516E-002  -9.8346710205078125E-002
 -0.90739154815673828      -0.52309703826904297     
  0.31323099136352539       0.47838449478149414     
  0.21530580520629883       0.64884090423583984     
 -0.92524337768554688      -0.56435251235961914     
  0.92779731750488281      -0.50298786163330078     
  0.28742742538452148       0.79384374618530273     
  0.13955688476562500      -0.46007204055786133     
 -0.43075037002563477       0.38265180587768555     
 -0.76607894897460938       0.51165390014648438     
 -0.62684679031372070       0.59171104431152344     
  0.89294958114624023      -0.18853330612182617     
 -0.67141199111938477      -0.42087841033935547     
  0.29937934875488281      -0.32955360412597656     
 -0.80577611923217773      -0.67320823669433594     
 -0.60871887207031250      -0.73089551925659180     
 -0.15590333938598633      -0.26003074645996094     
 -0.33028554916381836       0.89361333847045898     
  0.96362066268920898      -0.42634868621826172     
  0.36056184768676758       -2.9736995697021484E-002
  0.21432781219482422       0.21094560623168945     
 -0.63551187515258789       0.95412397384643555     
  -3.4584045410156250E-002  0.74739599227905273     
 -0.50871992111206055       -4.8573017120361328E-002
 -0.36030530929565430       0.35422801971435547     
 -0.48333883285522461       0.53225421905517578     
 -0.39949369430541992      -0.28602361679077148     
  0.80882596969604492       -5.6529045104980469E-002
  -7.6516151428222656E-002  -5.1970481872558594E-003
  0.65872859954833984      -0.74730348587036133     
   7.7389717102050781E-002  0.69360113143920898     
 -0.64254665374755859       0.72631311416625977     
 -0.84819841384887695       0.33329772949218750     
 -0.25990056991577148      -0.14331626892089844     
 -0.71301889419555664       0.29243326187133789     
  0.93191528320312500       0.70631551742553711     
 -0.95054626464843750       0.17370414733886719     
 -0.54803180694580078      -0.76505041122436523     
 -0.20180606842041016       0.25194120407104492     
  0.38074111938476562      -0.87626361846923828     
  0.64370441436767578       0.74514532089233398     
 -0.34254693984985352       0.81595039367675781     
 -0.31738376617431641      -0.26370954513549805     
 -0.15854024887084961      -0.58041524887084961     
  0.96312236785888672      -0.79934310913085938     
 -0.55285596847534180       0.14994478225708008     
  0.12259006500244141       0.37860345840454102     
 -0.80725002288818359       0.55373477935791016     
  0.62126255035400391      -0.43660974502563477     
  -9.5284461975097656E-002  0.55483722686767578     
 -0.84946393966674805      -0.93551826477050781     
  0.75164604187011719       0.92277145385742188     
 -0.97313213348388672       0.57231807708740234     
  0.95049715042114258      -0.98999500274658203     
 -0.84327220916748047      -0.87005472183227539     
  0.99304580688476562       0.12519598007202148     
  0.17612409591674805       0.12279176712036133     
 -0.23367452621459961       0.63972568511962891     
 -0.12650012969970703       -8.2633018493652344E-002
 -0.81022357940673828       0.57810926437377930     
  0.28741168975830078       0.53187990188598633     
 -0.69328784942626953       -8.1416606903076172E-002
 -0.36796617507934570      -0.40231895446777344     
  0.23203611373901367      -0.16574001312255859     
  0.41335010528564453      -0.81758499145507812     
  0.85233688354492188      -0.77007102966308594     
 -0.57621812820434570      -0.49294376373291016     
 -0.89830446243286133       0.20259809494018555     
 -0.93064737319946289       0.61460781097412109     
 -0.28240776062011719      -0.41955757141113281     
  0.50072240829467773      -0.35056781768798828     
   1.3486385345458984E-002  0.66742372512817383     
 -0.60673093795776367       0.67549228668212891     
 -0.99948120117187500      -0.27856063842773438     
  0.23882150650024414      -0.11952686309814453     
 -0.88708925247192383       0.69528579711914062     
 -0.32736873626708984       -7.9207897186279297E-002
  0.75907754898071289      -0.18141365051269531     
  0.98367786407470703       0.67608404159545898     
  0.94487571716308594       0.52888584136962891     
  0.98451995849609375       0.82839775085449219     
  0.88564586639404297      -0.94546365737915039     
 -0.40302467346191406       0.36506891250610352     
 -0.28314542770385742      -0.82458782196044922     
 -0.83961772918701172       0.54559373855590820     
 -0.20511627197265625       0.61310815811157227     
  0.51416349411010742      -0.45254611968994141     
   5.8341026306152344E-002  0.53929615020751953     
  -4.2031288146972656E-002 -0.41741085052490234     
  0.58069181442260742      -0.30726289749145508     
 -0.15971803665161133      -0.37460231781005859     
   6.1635494232177734E-002  -8.9657783508300781E-002
 -0.87241268157958984      -0.63283205032348633     
  -6.8583488464355469E-003  0.73479080200195312     
 -0.36775302886962891      -0.81982946395874023     
 -0.87159252166748047      -0.85192632675170898     
 -0.32336235046386719      -0.74572849273681641     
  0.54404163360595703      -0.28517723083496094     
 -0.96753025054931641       0.71964263916015625     
 -0.96395921707153320       0.74456071853637695     
 -0.16399860382080078      -0.32207059860229492     
  0.96289777755737305      -0.56996250152587891     
  0.64542102813720703      -0.40460395812988281     
 -0.17256832122802734      -0.35210609436035156     
  0.16012430191040039      -0.78964376449584961     
  0.46251106262207031      -0.57619905471801758     
 -0.17746257781982422      -0.61006450653076172     
  0.65313577651977539      -0.74382925033569336     
  0.46194791793823242       -3.7606716156005859E-002
  -5.1077842712402344E-002 -0.46254062652587891     
   8.7551593780517578E-002 -0.51587820053100586     
 -0.36383295059204102      -0.93277311325073242     
  0.88859415054321289       0.60229396820068359     
  0.75994825363159180       0.45361518859863281     
  -8.7854862213134766E-002 -0.57320308685302734     
  0.18016767501831055        8.3225727081298828E-002
  0.78042268753051758       0.56711292266845703     
 -0.53294038772583008       0.87878036499023438     
 -0.33655977249145508      -0.55609989166259766     
 -0.36636781692504883       0.45789003372192383     
 -0.23752737045288086      -0.12149190902709961     
   8.7213516235351562E-002 -0.20004510879516602     
 -0.15475654602050781      -0.98859786987304688     
  0.63617992401123047       0.28203725814819336     
  0.20626497268676758       0.70157241821289062     
 -0.66988086700439453      -0.68401956558227539     
 -0.31506776809692383       0.66037797927856445     
  0.98005151748657227      -0.26832294464111328     
  0.29633760452270508       0.54863357543945312     
  0.88822412490844727       0.38463497161865234     
  0.56415796279907227      -0.19460296630859375     
 -0.68516159057617188       0.49503469467163086     
   5.4589271545410156E-002 -0.51212596893310547     
  0.70610666275024414      -0.46250438690185547     
  0.69587945938110352      -0.34668159484863281     
 -0.67334938049316406      -0.97531890869140625     
 -0.17957639694213867      -0.13807106018066406     
 -0.55612277984619141      -0.74967241287231445     
  0.26317787170410156      -0.76378726959228516     
 -0.97035312652587891      -0.72100591659545898     
   5.4845333099365234E-002 -0.21188020706176758     
  0.93302869796752930      -0.58459234237670898     
  0.76276588439941406      -0.19148206710815430     
 -0.23466587066650391       -2.8672218322753906E-002
  0.11229515075683594      -0.65210580825805664     
   6.3709259033203125E-002  0.76781702041625977     
  0.70530891418457031       0.13142633438110352     
  0.88320875167846680        9.5139026641845703E-002
 -0.99572563171386719       0.84409713745117188     
  0.74763154983520508      -0.55479097366333008     
 -0.36877632141113281       -1.7900466918945312E-002
 -0.84722328186035156       0.72160530090332031     
   2.6942253112792969E-002  0.82288551330566406     
  0.24212694168090820      -0.57116699218750000     
  0.40265798568725586      -0.52595615386962891     
  0.26246976852416992      -0.66262340545654297     
 -0.70963239669799805      -0.78381586074829102     
  0.40947532653808594        5.3185939788818359E-002
 -0.10382366180419922      -0.96094322204589844     
 -0.56725454330444336       0.15931129455566406     
 -0.44839572906494141      -0.17918777465820312     
  0.39218902587890625      -0.47799825668334961     
  0.28632497787475586       0.26405382156372070     
  -4.3028354644775391E-002  0.82304573059082031     
  0.93040657043457031      -0.65631771087646484     
 -0.72522163391113281      -0.79214143753051758     
  0.48084878921508789      -0.37171173095703125     
  0.64559125900268555       0.45778131484985352     
  -6.8084239959716797E-002 -0.28398752212524414     
 -0.97522687911987305      -0.63130140304565430     
 -0.28051805496215820      -0.66644334793090820     
 -0.91137409210205078       0.54022073745727539     
 -0.50587463378906250      -0.22801685333251953     
 -0.27179765701293945       -9.5780849456787109E-002
  0.21433782577514648       0.38201427459716797     
  0.51746129989624023       0.97525644302368164     
 -0.86000061035156250       -2.6328563690185547E-002
 -0.49882507324218750       0.25264835357666016     
  0.26467609405517578       0.41506671905517578     
   3.3980846405029297E-002 -0.87933588027954102     
 -0.99643278121948242       0.95451211929321289     
  0.48601818084716797       0.50788974761962891     
  0.11030960083007812       -2.1959781646728516E-002
  0.92568254470825195       -4.8008918762207031E-002
 -0.88498258590698242       0.10203075408935547     
  0.83540058135986328       0.57777309417724609     
  0.63270330429077148      -0.15080928802490234     
 -0.65068006515502930        2.5265693664550781E-002
  0.64765882492065430      -0.79362440109252930     
 -0.44407129287719727       0.49902820587158203     
 -0.82579469680786133       0.87123966217041016     
  0.93130874633789062       0.51278257369995117     
  0.34190893173217773       0.46575832366943359     
   1.1434555053710938E-003 -0.78109025955200195     
  0.21636915206909180       0.52110671997070312     
  0.24160909652709961       0.72699069976806641     
  0.53445720672607422       0.62929773330688477     
  0.60948944091796875      -0.30874729156494141     
  0.89153861999511719        9.5110416412353516E-002
  0.52764844894409180       0.19279956817626953     
  0.38350963592529297      -0.34782505035400391     
  0.10646533966064453      -0.63234758377075195     
  0.13564920425415039      -0.13965177536010742     
  0.87582683563232422        2.5522708892822266E-002
  0.96560764312744141       0.97177410125732422     
  0.61307954788208008        3.2513141632080078E-002
  0.44889593124389648       0.59560251235961914     
  0.29287767410278320       0.39664363861083984     
  0.39634418487548828      -0.63907909393310547     
 -0.99966812133789062       0.58087396621704102     
  0.75519561767578125       0.57678270339965820     
  -1.2027263641357422E-002 -0.14174318313598633     
 -0.26965808868408203      -0.14280223846435547     
  -7.4507713317871094E-002 -0.24314785003662109     
 -0.58160543441772461       0.96242856979370117     
 -0.45690774917602539       0.75479745864868164     
 -0.11199283599853516      -0.25651264190673828     
  0.79206418991088867       0.22969388961791992     
  0.46881246566772461      -0.66726589202880859     
 -0.73621702194213867       0.40358209609985352     
 -0.99363374710083008       -1.6522407531738281E-003
  0.23827934265136719       0.76328516006469727     
  0.53429365158081055      -0.12390947341918945     
 -0.54285049438476562       0.31737899780273438     
  0.19622993469238281        3.9730072021484375E-002
 -0.24867296218872070       0.55543994903564453     
 -0.71977853775024414       0.68675136566162109     
  0.23137378692626953       0.70582056045532227     
  0.72778511047363281      -0.11489915847778320     
  0.89135265350341797       0.97077703475952148     
 -0.14660501480102539        1.4547348022460938E-002
  0.49894523620605469      -0.22560358047485352     
  0.28552818298339844       0.87459182739257812     
 -0.73251295089721680       0.65935993194580078     
 -0.13639020919799805      -0.30482339859008789     
  0.83337974548339844       0.61981391906738281     
 -0.78087568283081055      -0.17296648025512695     
  0.95351505279541016      -0.26541757583618164     
 -0.86924695968627930       0.56836843490600586     
  0.57407331466674805       0.45500135421752930     
 -0.78707885742187500      -0.42881441116333008     
  0.92388153076171875      -0.32290983200073242     
  0.85838747024536133       0.92207717895507812     
 -0.64292192459106445       0.41794681549072266     
  0.43304681777954102       0.21939563751220703     
 -0.61223602294921875       0.15263986587524414     
 -0.57556676864624023       0.44997978210449219     
  0.81553077697753906       0.63135480880737305     
 -0.81239032745361328       0.15916442871093750     
 -0.92057323455810547       -7.2630882263183594E-002
 -0.70577526092529297        3.5629749298095703E-002
  0.83690547943115234      -0.12580490112304688     
 -0.40230894088745117       0.39401054382324219     
  0.14032363891601562       0.42109823226928711     
 -0.59445476531982422      -0.99691772460937500     
  0.80924940109252930      -0.94084072113037109     
 -0.70876312255859375      -0.17988920211791992     
  0.60677242279052734        2.8348445892333984E-002
  0.45584392547607422      -0.62360429763793945     
 -0.91515827178955078       0.94272136688232422     
  0.32463359832763672       0.12113904953002930     
  -1.0914325714111328E-002  0.56357717514038086     
   4.2439937591552734E-002 -0.70975399017333984     
 -0.83050537109375000      -0.30057764053344727     
  0.19416761398315430      -0.61712312698364258     
   1.3266563415527344E-002  0.97801065444946289     
 -0.57236385345458984       0.28176689147949219     
 -0.34087085723876953       0.98358535766601562     
 -0.87328672409057617       0.67203235626220703     
  0.85446119308471680       0.93520307540893555     
  -3.6058425903320312E-002  -2.6553153991699219E-002
 -0.27404642105102539       0.10670614242553711     
 -0.58580160140991211       0.43363094329833984     
   3.6135673522949219E-002 -0.65996360778808594     
  -2.0456314086914062E-003 -0.37669324874877930     
  0.92014169692993164       0.82628917694091797     
 -0.55381345748901367        6.3813209533691406E-002
  0.50974750518798828      -0.66610860824584961     
  0.71919775009155273      -0.43962860107421875     
 -0.83529567718505859      -0.81170606613159180     
 -0.34158277511596680      -0.97460556030273438     
 -0.19515132904052734        9.8459243774414062E-002
  0.80649089813232422       0.69354057312011719     
  0.34062051773071289       0.81072664260864258     
 -0.11407947540283203       0.67355775833129883     
  0.48954582214355469      -0.19664096832275391     
 -0.93773603439331055      -0.52704095840454102     
   2.5683403015136719E-002 -0.33349657058715820     
  0.92553806304931641      -0.47902011871337891     
 -0.88965988159179688      -0.51193857192993164     
 -0.15127754211425781      -0.51597738265991211     
  -3.1835556030273438E-002  0.94459104537963867     
 -0.25130414962768555       0.33427762985229492     
  0.20970773696899414       0.55806970596313477     
 -0.51873016357421875      -0.29485034942626953     
  0.45437717437744141       0.72508573532104492     
  0.51665544509887695      -0.56660079956054688     
 -0.85329580307006836       0.66315174102783203     
 -0.40099048614501953       0.56049537658691406     
  0.25000143051147461      -0.22574424743652344     
  -8.1510543823242188E-002   5.9794425964355469E-002
  0.97142124176025391       0.67886018753051758     
 -0.39074182510375977       0.80302667617797852     
  0.47147369384765625        5.9385776519775391E-002
   9.6957683563232422E-002 -0.43118667602539062     
 -0.94880914688110352      -0.63065147399902344     
  0.64761352539062500       0.44097232818603516     
 -0.57667589187622070      -0.19027185440063477     
  0.10860347747802734      -0.69904470443725586     
 -0.83919572830200195      -0.35659408569335938     
  0.73032855987548828       0.63585996627807617     
  0.90530586242675781      -0.51726484298706055     
  0.33401346206665039      -0.22781276702880859     
 -0.84165620803833008       0.28600645065307617     
  0.91494941711425781      -0.43816614151000977     
 -0.25772571563720703       0.40744018554687500     
 -0.14560604095458984       0.80178070068359375     
 -0.47007513046264648      -0.54491853713989258     
 -0.44480180740356445       0.22261667251586914     
 -0.47412490844726562      -0.61473417282104492     
  0.16897439956665039       -4.4753074645996094E-002
 -0.16192865371704102       0.46894264221191406     
 -0.47827768325805664      -0.40610027313232422     
  0.67856788635253906       0.69636440277099609     
 -0.20195150375366211      -0.19106006622314453     
  0.86017227172851562       0.92241334915161133     
 -0.99497556686401367      -0.54801321029663086     
 -0.45255947113037109      -0.16100072860717773     
   6.1245918273925781E-002 -0.63679122924804688     
 -0.54600811004638672      -0.75390386581420898     
 -0.85741853713989258      -0.63213205337524414     
 -0.23715734481811523       0.10056543350219727     
  0.20724058151245117      -0.90163612365722656     
  0.20392417907714844      -0.64164876937866211     
 -0.18317890167236328      -0.68353652954101562     
 -0.19744777679443359      -0.50423049926757812     
 -0.60129308700561523        6.9609642028808594E-002
  -6.6277027130126953E-002   8.2121849060058594E-002
  0.22278642654418945       0.37307691574096680     
  0.30644130706787109       0.36276769638061523     
 -0.96135997772216797       0.42797279357910156     
  0.94509220123291016       0.16492271423339844     
 -0.13756227493286133       -6.1740875244140625E-003
  0.23313617706298828       0.31983137130737305     
 -0.59256696701049805       0.72922658920288086     
  0.11793470382690430       0.13400745391845703     
  0.26352167129516602      -0.99122953414916992     
  0.40834999084472656      -0.85867214202880859     
  0.30184888839721680      -0.81844425201416016     
  0.41176223754882812       0.48934602737426758     
  0.44290399551391602      -0.10705804824829102     
  0.68213605880737305       0.66663885116577148     
  0.20117235183715820      -0.89405059814453125     
 -0.30815219879150391       0.89367008209228516     
  -8.5491180419921875E-002 -0.84816503524780273     
  0.89599800109863281      -0.95600843429565430     
  0.36813879013061523      -0.68583393096923828     
 -0.80873107910156250      -0.34050607681274414     
 -0.87986803054809570        6.4867019653320312E-002
  0.22669124603271484        1.8005371093750000E-003
  0.26731681823730469       0.79651308059692383     
  0.99839591979980469        4.6344280242919922E-002
  0.90837287902832031      -0.97179508209228516     
 -0.95643854141235352      -0.85835504531860352     
 -0.36559152603149414      -0.49419069290161133     
  0.14288234710693359      -0.57406663894653320     
 -0.33774709701538086      -0.51377964019775391     
  0.90775060653686523       0.57239484786987305     
  0.24166011810302734      -0.41185855865478516     
  -9.9637508392333984E-002 -0.60589075088500977     
  0.80080509185791016      -0.86407995223999023     
 -0.59127140045166016       0.50832176208496094     
 -0.62982511520385742       0.53492641448974609     
  0.51223611831665039      -0.84723472595214844     
  0.52871656417846680       0.14661550521850586     
  0.17411470413208008       0.35097551345825195     
  0.84749984741210938       -6.5448284149169922E-002
   1.2433052062988281E-002  0.96265792846679688     
 -0.60184192657470703       0.84925460815429688     
 -0.57601785659790039       0.87356901168823242     
   8.1265449523925781E-002 -0.16805982589721680     
 -0.57640027999877930       0.44178056716918945     
 -0.98840856552124023      -0.17789268493652344     
  0.15868377685546875       0.99840307235717773     
  0.16267538070678711        8.6055755615234375E-002
  0.34571409225463867       0.41912221908569336     
  0.19386196136474609       0.24375391006469727     
  0.77698469161987305       0.78803396224975586     
  0.48770952224731445       0.93745803833007812     
 -0.13889980316162109      -0.48729467391967773     
   4.1299343109130859E-002  0.12151098251342773     
  0.24188470840454102      -0.63596391677856445     
 -0.64144563674926758      -0.77335500717163086     
  0.22615242004394531       0.95174741744995117     
   1.9846439361572266E-002 -0.44022846221923828     
 -0.91625404357910156       0.52029371261596680     
  0.57742547988891602       0.79806661605834961     
 -0.88724803924560547        2.5570392608642578E-002
 -0.23458433151245117      -0.65550422668457031     
  0.94337606430053711      -0.67590522766113281     
   6.3955783843994141E-002  0.91068983078002930     
  -2.9613018035888672E-002  0.29751920700073242     
  0.41324234008789062      -0.63327121734619141     
  0.61163902282714844      -0.18239879608154297     
  0.42777633666992188      -0.36095428466796875     
 -0.55369567871093750        3.9814949035644531E-002
 -0.82950210571289062       0.56563949584960938     
  0.70450592041015625       0.63247299194335938     
  -1.9931793212890625E-002 -0.98700428009033203     
 -0.57786750793457031      -0.21806001663208008     
 -0.93278408050537109       0.70298385620117188     
 -0.94788932800292969       0.82412719726562500     
 -0.89291381835937500       0.80434274673461914     
  0.59073400497436523       0.47004938125610352     
  0.12760066986083984       0.58686161041259766     
 -0.60960721969604492       0.33178997039794922     
  0.40010023117065430       0.48929166793823242     
 -0.46827316284179688      -0.26250457763671875     
   8.8104724884033203E-002  0.78367948532104492     
 -0.69167613983154297      -0.99835968017578125     
  0.56944990158081055       0.74787330627441406     
 -0.49024438858032227       0.46611785888671875     
   5.0128459930419922E-002  0.51229000091552734     
   5.8682918548583984E-002  0.29077005386352539     
  0.97387027740478516      -0.15581464767456055     
 -0.77575969696044922      -0.18876409530639648     
 -0.55703258514404297       -3.8860321044921875E-002
  0.88022661209106445       -2.9750823974609375E-002
  -1.8271923065185547E-002  0.90788173675537109     
  0.77431249618530273      -0.12779664993286133     
  0.12311983108520508      -0.71962165832519531     
 -0.67471361160278320        9.2041969299316406E-002
  0.95051336288452148      -0.71863937377929688     
 -0.16508150100708008      -0.52232360839843750     
 -0.68957996368408203       0.23085165023803711     
  -7.0967674255371094E-002 -0.74627494812011719     
 -0.63621091842651367      -0.79529094696044922     
 -0.45441198348999023       0.70139741897583008     
  0.39422893524169922      -0.19141006469726562     
  0.97162771224975586       0.15368986129760742     
 -0.92818450927734375        1.0027885437011719E-002
  0.54354619979858398      -0.61487579345703125     
 -0.21390485763549805       0.90796661376953125     
  0.19683313369750977       0.18057632446289062     
  0.94648218154907227      -0.47164297103881836     
 -0.90164136886596680       0.11374902725219727     
 -0.22004365921020508      -0.26770114898681641     
  0.74964332580566406      -0.74155759811401367     
  0.64802455902099609      -0.64936113357543945     
  0.19034194946289062      -0.91946554183959961     
  0.55057477951049805      -0.48815059661865234     
 -0.34236192703247070       -7.6276779174804688E-002
   2.2910118103027344E-002 -0.94631910324096680     
 -0.77765464782714844       -3.8111209869384766E-002
 -0.53357887268066406       0.14730978012084961     
 -0.16243505477905273       -4.0261745452880859E-002
 -0.67536067962646484      -0.78144598007202148     
  0.23993444442749023       0.58302211761474609     
  0.86063194274902344       0.64405012130737305     
  0.55448675155639648      -0.73623991012573242     
   2.3298740386962891E-002 -0.41475963592529297     
 -0.86425733566284180       0.42836904525756836     
 -0.39678096771240234      -0.69257020950317383     
  -2.1811485290527344E-002 -0.57944297790527344     
 -0.69498062133789062      -0.53158378601074219     
 -0.32621479034423828      -0.69019174575805664     
  -5.0727844238281250E-002 -0.57862901687622070     
  0.98590421676635742        9.8979949951171875E-002
 -0.44275188446044922       0.67291688919067383     
 -0.28136968612670898      -0.97296810150146484     
 -0.67272186279296875      -0.43269872665405273     
 -0.36052942276000977       0.58966636657714844     
  0.52518653869628906       0.81622505187988281     
  0.30054998397827148      -0.65489101409912109     
 -0.74938964843750000      -0.98737430572509766     
 -0.79397726058959961      -0.36936855316162109     
   2.8851985931396484E-002  0.91840314865112305     
 -0.39173889160156250        5.2467346191406250E-002
 -0.17343139648437500      -0.85475969314575195     
   6.1805248260498047E-002  0.76806259155273438     
  0.83555030822753906      -0.90548610687255859     
 -0.49768781661987305      -0.63614034652709961     
  0.38954305648803711      -0.94866514205932617     
 -0.20887517929077148      -0.56229925155639648     
 -0.55933856964111328      -0.79715394973754883     
  0.23813867568969727       0.40130233764648438     
  0.69290733337402344      -0.29893732070922852     
 -0.23536443710327148       0.23066282272338867     
  0.75171422958374023        6.8645954132080078E-002
 -0.26249456405639648       0.25875091552734375     
  0.83361244201660156       0.52676868438720703     
 -0.59088325500488281      -0.97370576858520508     
  0.93397188186645508      -0.72943258285522461     
  0.43240451812744141      -0.57103872299194336     
  0.55619287490844727       -6.2019348144531250E-002
 -0.35465335845947266      -0.65772294998168945     
 -0.34551668167114258       0.90173101425170898     
 -0.60574865341186523      -0.81586170196533203     
 -0.18760824203491211       0.87507534027099609     
 -0.60160398483276367       0.84591531753540039     
 -0.69989776611328125       0.82103300094604492     
 -0.89046573638916016       -5.3999423980712891E-002
  0.43544483184814453       0.52776432037353516     
  0.14109563827514648      -0.59950971603393555     
   4.1081905364990234E-002  0.47030639648437500     
  0.44373369216918945      -0.16450643539428711     
 -0.85289144515991211      -0.54155588150024414     
   7.2791576385498047E-002 -0.58487701416015625     
  -2.1055698394775391E-002  0.12474203109741211     
  0.54577398300170898       0.83009052276611328     
 -0.66496944427490234      -0.14099359512329102     
  0.32431602478027344       0.78281974792480469     
  0.85301971435546875       0.70693969726562500     
 -0.46064424514770508       -4.5789241790771484E-002
  0.42225551605224609       0.84896993637084961     
  0.64398002624511719      -0.61976575851440430     
 -0.40289735794067383       0.51196718215942383     
  0.63674688339233398      -0.19502449035644531     
  0.22997093200683594      -0.87690830230712891     
 -0.19695949554443359      -0.29595041275024414     
  -3.2164096832275391E-002 -0.57968282699584961     
 -0.72521638870239258      -0.70481491088867188     
  0.17948865890502930       0.67247343063354492     
  0.26376342773437500      -0.92538356781005859     
 -0.92148303985595703       0.63984012603759766     
 -0.20271587371826172       0.95799493789672852     
 -0.97718524932861328       0.44973707199096680     
  0.73650550842285156       0.45155286788940430     
 -0.75026512145996094       0.29690694808959961     
  0.12295961380004883       0.58904647827148438     
  0.11069965362548828       0.53384542465209961     
  0.34314727783203125      -0.71624040603637695     
  0.14992380142211914      -0.22494745254516602     
 -0.68841695785522461      -0.21718740463256836     
 -0.26402378082275391       0.55931806564331055     
  0.46176242828369141       0.84148788452148438     
  0.88821983337402344       0.31433868408203125     
 -0.90825510025024414       0.95839309692382812     
 -0.28064632415771484      -0.82029151916503906     
 -0.63682222366333008       0.93313121795654297     
 -0.85678052902221680        9.7178459167480469E-002
 -0.71571159362792969      -0.96234178543090820     
  -7.1203231811523438E-002 -0.70605754852294922     
 -0.70627307891845703      -0.33047723770141602     
 -0.32325935363769531       0.98655986785888672     
 -0.88193035125732422      -0.60316228866577148     
  0.65266942977905273      -0.58002853393554688     
 -0.53765726089477539      -0.40008640289306641     
 -0.24756717681884766      -0.85560274124145508     
 -0.11151456832885742      -0.22013092041015625     
  0.26521444320678711      -0.53489542007446289     
   1.8375873565673828E-002  0.84619474411010742     
   9.1695785522460938E-004 -0.58497190475463867     
  0.37904691696166992       0.64393901824951172     
  0.68338966369628906      -0.26447772979736328     
  0.92528963088989258      -0.65369939804077148     
 -0.72430896759033203       0.54193830490112305     
  0.36455297470092773      -0.95361995697021484     
  0.51066684722900391       0.78176689147949219     
 -0.83765840530395508      -0.52015256881713867     
 -0.19730186462402344       -5.2088260650634766E-002
  0.55541229248046875       0.81794929504394531     
 -0.72424316406250000      -0.35258674621582031     
   7.7128410339355469E-002  0.29814004898071289     
  0.84180116653442383       0.15405130386352539     
 -0.85258960723876953       0.53188800811767578     
 -0.55604457855224609       0.56523609161376953     
  -7.3036193847656250E-002  0.48639440536499023     
  0.83831119537353516      -0.49744844436645508     
 -0.61225986480712891      -0.24591016769409180     
  0.99410963058471680        4.5523643493652344E-003
  0.51621294021606445       -7.4429512023925781E-003
  0.91000509262084961       0.45912837982177734     
  0.57258462905883789      -0.56280183792114258     
  0.99319171905517578       0.57583570480346680     
   7.7574253082275391E-002 -0.20509052276611328     
 -0.95246553421020508       -8.6292266845703125E-002
 -0.31232166290283203       0.80986356735229492     
 -0.61688947677612305       -5.5516719818115234E-002
  0.93514585494995117      -0.99660396575927734     
   7.7632427215576172E-002  0.77355003356933594     
 -0.94128513336181641      -0.17438364028930664     
 -0.86522579193115234       0.15629863739013672     
  0.91560602188110352       0.59147310256958008     
  0.89480209350585938       0.94316720962524414     
 -0.18388748168945312      -0.59267234802246094     
  0.95954370498657227      -0.94364452362060547     
  0.16976308822631836      -0.78700876235961914     
  0.74658107757568359      -0.20494413375854492     
 -0.49320125579833984       0.76980018615722656     
   3.6860942840576172E-002 -0.47648239135742188     
 -0.23341178894042969      -0.94831514358520508     
 -0.32919025421142578      -0.69435214996337891     
   2.8645515441894531E-002 -0.54714441299438477     
  0.14952039718627930       0.99337816238403320     
 -0.28644752502441406      -0.31855440139770508     
   5.8262825012207031E-002 -0.77617549896240234     
  0.82346200942993164       -7.1176052093505859E-002
 -0.25078201293945312      -0.89006137847900391     
  0.74232578277587891       0.27221488952636719     
 -0.87770509719848633       0.41185665130615234     
   7.6251983642578125E-002 -0.42902088165283203     
 -0.54950809478759766       0.41748571395874023     
  0.68276548385620117      -0.75837135314941406     
   6.0511112213134766E-002 -0.98270082473754883     
 -0.24989700317382812       -1.5138626098632812E-002
 -0.43292474746704102      -0.16273593902587891     
  0.90143060684204102       0.34755802154541016     
 -0.59086608886718750      -0.67872953414916992     
  0.59320688247680664        3.5161018371582031E-002
  0.95587682723999023      -0.57386064529418945     
 -0.87207460403442383      -0.95043420791625977     
   5.6525230407714844E-002   2.3813247680664062E-002
  0.22973108291625977      -0.90496873855590820     
  0.19731426239013672       0.26803302764892578     
  0.83523750305175781      -0.15589952468872070     
 -0.20131731033325195       0.46620082855224609     
 -0.55525970458984375      -0.24308967590332031     
  0.39346647262573242       0.99237775802612305     
  0.89897394180297852      -0.94256639480590820     
  0.29258203506469727      -0.56940650939941406     
  -1.3290882110595703E-002  0.62703895568847656     
  0.64942264556884766       0.85125350952148438     
 -0.97938680648803711      -0.54945468902587891     
 -0.68309259414672852      -0.73154544830322266     
  0.91646623611450195      -0.94902801513671875     
 -0.30624294281005859       0.97771406173706055     
  0.44624567031860352        5.8067321777343750E-002
  -6.1184406280517578E-002 -0.32158231735229492     
 -0.82669305801391602      -0.22255516052246094     
 -0.47922372817993164      -0.31070709228515625     
  -4.6816349029541016E-002 -0.83850479125976562     
 -0.74434375762939453      -0.18111848831176758     
  -5.7018280029296875E-002 -0.29985475540161133     
  0.34696960449218750      -0.47661876678466797     
 -0.53121805191040039      -0.17983865737915039     
 -0.54057598114013672       0.54421567916870117     
  0.63327598571777344      -0.52633190155029297     
  -5.5710792541503906E-002 -0.32976484298706055     
 -0.35260820388793945      -0.28341674804687500     
  0.61531591415405273      -0.38418197631835938     
 -0.94022607803344727      -0.37368249893188477     
 -0.47990798950195312       0.19257593154907227     
  0.62545919418334961       0.10013961791992188     
 -0.94593572616577148      -0.33539438247680664     
 -0.97087669372558594       0.47617530822753906     
 -0.91389799118041992       0.12350654602050781     
 -0.22395420074462891        6.3872337341308594E-003
 -0.64748525619506836      -0.28219413757324219     
 -0.82906961441040039      -0.17128658294677734     
 -0.80811500549316406        1.7208576202392578E-002
 -0.77260303497314453       0.86126232147216797     
 -0.76001644134521484       0.40894699096679688     
 -0.82504749298095703      -0.57069349288940430     
  0.36155891418457031       0.72309160232543945     
 -0.99480867385864258       0.25063371658325195     
  0.40817832946777344       0.25737333297729492     
 -0.32077932357788086       0.66516923904418945     
 -0.49265050888061523        2.4497509002685547E-002
 -0.26558446884155273       0.32822418212890625     
  0.46488809585571289      -0.62454080581665039     
 -0.65343856811523438      -0.34158945083618164     
  0.91407203674316406       0.81135034561157227     
  0.36835622787475586       0.96701431274414062     
  0.61235570907592773      -0.13484573364257812     
 -0.35189437866210938      -0.28581190109252930     
  0.36148118972778320      -0.58220577239990234     
  0.86980915069580078       0.88378763198852539     
 -0.17812395095825195       0.27198314666748047     
 -0.77179336547851562       0.46998786926269531     
 -0.90785932540893555      -0.38866090774536133     
 -0.21615505218505859      -0.91526412963867188     
 -0.83647823333740234      -0.68689632415771484     
 -0.65917682647705078      -0.78000497817993164     
  0.45642709732055664      -0.82522487640380859     
  0.44946336746215820       0.13794994354248047     
  0.53029775619506836       0.71936225891113281     
  0.32159280776977539      -0.98826074600219727     
  0.30201768875122070        1.1461257934570312E-002
  0.63442564010620117       0.79537725448608398     
  -9.0494155883789062E-002 -0.93275117874145508     
 -0.74151611328125000      -0.65876293182373047     
  0.17868566513061523      -0.82385015487670898     
 -0.44268035888671875      -0.12413883209228516     
 -0.39718055725097656       0.58747434616088867     
 -0.31284475326538086        2.2760868072509766E-002
  0.54224634170532227      -0.46464300155639648     
  0.74762821197509766      -0.60901212692260742     
  0.33742761611938477      -0.85157251358032227     
 -0.37533712387084961      -0.28981542587280273     
 -0.92230081558227539       0.89778423309326172     
 -0.93263149261474609      -0.73666667938232422     
  0.85027456283569336       0.57165098190307617     
 -0.25415563583374023       0.40945863723754883     
 -0.22521400451660156       0.83397626876831055     
  0.64653587341308594       0.33025264739990234     
  0.56314229965209961       0.73542833328247070     
  0.34972429275512695      -0.18351936340332031     
 -0.40974664688110352      -0.60936975479125977     
  0.32815361022949219      -0.72221565246582031     
 -0.27624654769897461      -0.86870908737182617     
 -0.39359951019287109       0.77950143814086914     
 -0.91803216934204102       0.64096879959106445     
  0.76675987243652344       0.93351840972900391     
 -0.35330247879028320        5.2991867065429688E-002
  0.63887262344360352      -0.46221733093261719     
 -0.47993087768554688      -0.19099473953247070     
  -4.1537284851074219E-002 -0.11670112609863281     
  0.61109876632690430       0.74230003356933594     
 -0.16059875488281250       0.81953477859497070     
  -7.3671340942382812E-002 -0.19334363937377930     
  0.47721576690673828       0.56956958770751953     
  0.75611972808837891       0.10619306564331055     
  0.79179334640502930      -0.32602024078369141     
  0.58540964126586914       0.98589468002319336     
  -6.0709476470947266E-002 -0.33978128433227539     
 -0.69807720184326172      -0.57866144180297852     
  0.44431972503662109      -0.31595993041992188     
 -0.33104801177978516        8.3787918090820312E-002
  0.22580146789550781      -0.94866228103637695     
 -0.16016387939453125       0.12889432907104492     
  0.32818698883056641      -0.15873289108276367     
  0.18142414093017578      -0.79672193527221680     
 -0.50140094757080078       0.95506048202514648     
 -0.29453468322753906      -0.24075317382812500     
 -0.33135509490966797       0.91614580154418945     
 -0.33418035507202148      -0.56443309783935547     
 -0.42117118835449219      -0.61922788619995117     
  0.64288330078125000       0.93980550765991211     
 -0.68701791763305664      -0.70334625244140625     
  0.86510944366455078       -9.7676753997802734E-002
  0.34681797027587891       0.97472381591796875     
  0.18807315826416016       0.94698858261108398     
   4.3962955474853516E-002  0.89335203170776367     
  0.57424831390380859      -0.60560226440429688     
 -0.35075902938842773       0.79567432403564453     
  0.90582847595214844       0.26504850387573242     
  0.67375183105468750      -0.24914312362670898     
  0.65198087692260742      -0.15513467788696289     
  0.65213251113891602       0.39565086364746094     
 -0.28888034820556641       0.79347133636474609     
 -0.12058353424072266      -0.64297676086425781     
 -0.50465726852416992       0.23242902755737305     
  0.44159412384033203      -0.12438774108886719     
 -0.58037519454956055      -0.36028814315795898     
  0.64244222640991211      -0.47275257110595703     
  0.45384931564331055      -0.14973545074462891     
 -0.59973859786987305       0.19982194900512695     
  0.40850782394409180      -0.20445299148559570     
 -0.23575544357299805      -0.34068584442138672     
  0.10020256042480469       0.10470771789550781     
 -0.17656278610229492       0.50999593734741211     
 -0.49551439285278320      -0.10887861251831055     
   8.0515861511230469E-002 -0.76649522781372070     
 -0.47856140136718750       0.81921958923339844     
  0.63092899322509766        2.3820877075195312E-002
  0.36016559600830078      -0.69619131088256836     
 -0.88438606262207031       0.13113164901733398     
  -6.5983772277832031E-002 -0.98210048675537109     
 -0.15574312210083008       0.42557239532470703     
  0.59863996505737305      -0.65128612518310547     
 -0.16091012954711914      -0.41436529159545898     
 -0.23256778717041016      -0.76377201080322266     
 -0.71580839157104492      -0.58598470687866211     
 -0.63765573501586914       0.92501068115234375     
  0.65465831756591797       0.84398412704467773     
  0.84186363220214844      -0.79543066024780273     
 -0.79836273193359375       -7.6924324035644531E-002
 -0.86613655090332031       0.84597921371459961     
  0.38062620162963867      -0.80886030197143555     
 -0.50847291946411133       0.10051441192626953     
 -0.65422344207763672       0.47094726562500000     
 -0.78510046005249023       0.82103013992309570     
 -0.93853521347045898        4.0905952453613281E-002
 -0.49244403839111328      -0.50134563446044922     
 -0.11527633666992188       0.55316781997680664     
 -0.90695095062255859       0.88321542739868164     
  0.20520877838134766       0.95172691345214844     
 -0.32265138626098633      -0.79691314697265625     
  0.28363609313964844      -0.92677974700927734     
 -0.38241767883300781       0.70615482330322266     
  0.34625720977783203      -0.45216941833496094     
  0.39610338211059570      -0.68601655960083008     
  0.12546110153198242       0.62482023239135742     
 -0.64152050018310547       -3.4010887145996094E-002
  0.38231420516967773      -0.44234132766723633     
 -0.42610359191894531       0.47870349884033203     
 -0.42406940460205078       0.66760301589965820     
  0.40656185150146484      -0.90839242935180664     
  0.65045976638793945       0.27793264389038086     
 -0.78496456146240234      -0.89152526855468750     
  0.13695621490478516      -0.16915512084960938     
 -0.98378610610961914      -0.48979854583740234     
  -3.8051605224609375E-002  0.47132730484008789     
 -0.40069293975830078      -0.43906497955322266     
  0.63667726516723633       0.63792324066162109     
 -0.42192173004150391       0.76865625381469727     
  0.81266832351684570       0.51914119720458984     
 -0.78811120986938477       0.22123670578002930     
  0.32593393325805664       -2.6260375976562500E-002
  0.64423179626464844      -0.39031791687011719     
  -6.6806793212890625E-002 -0.81586551666259766     
 -0.24546051025390625       0.54774570465087891     
  -3.6145687103271484E-002  0.50413990020751953     
 -0.91531658172607422       0.27472782135009766     
 -0.64426898956298828      -0.22198629379272461     
 -0.92358684539794922      -0.72212219238281250     
 -0.70626115798950195      -0.12533235549926758     
 -0.45475625991821289       0.91326522827148438     
 -0.74467277526855469       0.29166460037231445     
   1.0861396789550781E-002  0.55345153808593750     
 -0.13569879531860352      -0.68269634246826172     
  -7.7378749847412109E-002 -0.49914741516113281     
  0.83043003082275391      -0.95647859573364258     
  0.46937561035156250       0.80148267745971680     
  0.51984357833862305      -0.98614978790283203     
 -0.21422624588012695      -0.49393463134765625     
  0.44777679443359375      -0.21369886398315430     
  0.36972618103027344       -8.7151527404785156E-003
 -0.47331047058105469      -0.92716550827026367     
 -0.86719083786010742      -0.87434482574462891     
  0.88839292526245117      -0.77847814559936523     
  0.11852836608886719       0.11137580871582031     
 -0.10264205932617188       0.89771747589111328     
  -5.7468891143798828E-002  0.12627029418945312     
  0.23094749450683594      -0.45990943908691406     
  0.30741453170776367       0.71936273574829102     
  0.33436536788940430      -0.31859064102172852     
 -0.55009651184082031       0.52847671508789062     
  0.11055707931518555       0.13676929473876953     
  0.68631935119628906       0.97446680068969727     
 -0.12978172302246094       0.76004362106323242     
   5.4076194763183594E-002  0.86366939544677734     
 -0.30723524093627930       0.29754543304443359     
  0.85220766067504883      -0.94181013107299805     
 -0.99704980850219727       0.58620071411132812     
  0.27658796310424805       0.62188863754272461     
   8.4738731384277344E-002  0.20405435562133789     
 -0.45269155502319336      -0.37921333312988281     
  0.56902790069580078      -0.34205007553100586     
 -0.83559894561767578        9.3531131744384766E-002
  -2.1681308746337891E-002 -0.39361619949340820     
  0.49387025833129883       0.47885179519653320     
   6.9129943847656250E-002 -0.12845516204833984     
 -0.93957805633544922       0.51223373413085938     
 -0.88732147216796875       0.79216575622558594     
  -6.3844680786132812E-002  0.96813917160034180     
 -0.48281478881835938      -0.66145229339599609     
  0.97202730178833008       0.86735296249389648     
 -0.39353275299072266       -9.8855018615722656E-002
  0.55161380767822266       0.97332429885864258     
  0.66906642913818359      -0.99708461761474609     
   1.4457702636718750E-003  0.29920911788940430     
  0.81463527679443359      -0.41851806640625000     
  -3.2855987548828125E-002 -0.20725679397583008     
  0.63524198532104492       0.51284265518188477     
 -0.65230894088745117       0.64998817443847656     
  0.35230922698974609      -0.73533678054809570     
 -0.80041646957397461      -0.59594011306762695     
   3.9328098297119141E-002  0.98948478698730469     
  0.27416419982910156      -0.11725902557373047     
 -0.77152824401855469       0.92806005477905273     
  -8.9901924133300781E-002 -0.97382116317749023     
  0.98929119110107422      -0.97595453262329102     
 -0.86684370040893555       0.96148109436035156     
 -0.38142490386962891      -0.60271978378295898     
   9.3198776245117188E-002  0.39515924453735352     
 -0.55784654617309570       0.28033304214477539     
 -0.43495941162109375      -0.35716056823730469     
 -0.79487943649291992       0.46619606018066406     
 -0.64175653457641602        1.2755393981933594E-003
 -0.55655479431152344       -8.8801383972167969E-003
  0.75546598434448242      -0.87949371337890625     
  0.35548353195190430       0.61774253845214844     
  0.40283203125000000       0.40115308761596680     
  0.18446207046508789       0.26150941848754883     
 -0.80839204788208008      -0.64042043685913086     
  0.45891714096069336      -0.97808218002319336     
 -0.62652683258056641       -2.9381752014160156E-002
  0.18398475646972656       0.23730516433715820     
  0.39125633239746094      -0.15394973754882812     
  0.56895875930786133       0.49427795410156250     
 -0.66316652297973633       0.16059494018554688     
 -0.87519645690917969       0.57692193984985352     
  0.32829189300537109      -0.39695453643798828     
  0.38983774185180664        6.1469078063964844E-003
 -0.68750429153442383      -0.87766027450561523     
 -0.83001899719238281      -0.12128639221191406     
 -0.45267057418823242       -2.8529167175292969E-002
  0.51423931121826172       0.82122659683227539     
  0.35951232910156250       0.32790470123291016     
 -0.89846038818359375      -0.41845321655273438     
 -0.93589639663696289       0.39220476150512695     
 -0.21158885955810547      -0.16736698150634766     
 -0.93077850341796875       0.40746212005615234     
  0.21980714797973633       0.30110883712768555     
  0.74241828918457031      -0.17025899887084961     
  0.45751333236694336      -0.57297325134277344     
   3.9006233215332031E-002 -0.42110347747802734     
  0.51816272735595703       0.76655817031860352     
 -0.44993066787719727        1.9354343414306641E-002
 -0.70626735687255859      -0.23425960540771484     
  0.80230808258056641       0.39839124679565430     
 -0.23720884323120117      -0.76274585723876953     
  0.53690624237060547      -0.21351671218872070     
 -0.57482814788818359       0.86992692947387695     
  0.86689567565917969       -8.1062316894531250E-002
 -0.40663623809814453      -0.33216571807861328     
 -0.70525884628295898       0.72244596481323242     
  0.15255260467529297       -4.3277263641357422E-002
  0.64241838455200195      -0.87296152114868164     
  0.13751506805419922      -0.78349113464355469     
 -0.13288450241088867       0.61436939239501953     
 -0.28844404220581055       0.12205219268798828     
 -0.66191720962524414      -0.84169435501098633     
 -0.35572433471679688      -0.65752696990966797     
  0.94783496856689453       0.26605701446533203     
 -0.37495851516723633        7.6951503753662109E-002
 -0.66857051849365234      -0.66139936447143555     
 -0.13301181793212891       0.47650289535522461     
  0.58627080917358398      -0.53896903991699219     
 -0.44925403594970703      -0.60580062866210938     
  0.31501960754394531       0.54101848602294922     
  0.90404558181762695       0.30124568939208984     
 -0.95579957962036133      -0.11753940582275391     
  0.51640272140502930      -0.81727409362792969     
   8.0132484436035156E-002  0.78935098648071289     
  0.62205934524536133       0.95297765731811523     
  0.69880437850952148       0.80820798873901367     
 -0.44426536560058594      -0.76273632049560547     
  0.69639205932617188       0.26352977752685547     
 -0.84957218170166016      -0.75768470764160156     
 -0.40234041213989258      -0.13076305389404297     
  0.26855278015136719      -0.42696523666381836     
  -3.1003952026367188E-003 -0.10572052001953125     
 -0.84211206436157227       0.62355279922485352     
   5.4241180419921875E-002 -0.36249351501464844     
 -0.42128610610961914      -0.55295133590698242     
  0.54926443099975586      -0.51199197769165039     
  0.95568704605102539       0.23316860198974609     
  0.86726999282836914       0.21263790130615234     
 -0.18969631195068359      -0.22263765335083008     
  0.13672971725463867        2.0686626434326172E-002
 -0.31441450119018555      -0.36243438720703125     
  0.56632328033447266       0.20053434371948242     
  0.38487195968627930       0.54815530776977539     
  0.85337591171264648       0.69289112091064453     
 -0.57260990142822266       0.15125942230224609     
  0.22375631332397461       0.67390155792236328     
  0.26388835906982422      -0.82732200622558594     
 -0.79738855361938477       0.29219293594360352     
  0.89004945755004883      -0.93206882476806641     
  0.72564888000488281       -1.7726421356201172E-002
   7.4344635009765625E-002 -0.48515605926513672     
  -1.7492771148681641E-002  -1.6784667968750000E-004
 -0.81368160247802734       0.45517110824584961     
   6.3801288604736328E-002  0.31512165069580078     
  0.25217580795288086       0.32604551315307617     
 -0.15110921859741211       0.30904436111450195     
  0.11124801635742188      -0.24709844589233398     
 -0.98238468170166016      -0.93817138671875000     
  0.15552282333374023      -0.12317228317260742     
 -0.15280008316040039      -0.10560655593872070     
 -0.92851781845092773       0.40198040008544922     
   8.9149951934814453E-002  0.34666252136230469     
  0.36486434936523438       0.28186082839965820     
 -0.75980377197265625       -1.5529155731201172E-002
 -0.99730777740478516       0.25438356399536133     
 -0.57377099990844727       0.63210678100585938     
 -0.17677974700927734       0.86581897735595703     
 -0.17273187637329102       0.89615821838378906     
 -0.26311159133911133      -0.10971689224243164     
  -6.5732002258300781E-003 -0.47133874893188477     
  0.21054267883300781       0.59696388244628906     
 -0.82358551025390625       -1.5287399291992188E-003
  0.30912113189697266      -0.60104799270629883     
  0.19133567810058594      -0.21630287170410156     
  0.60263442993164062       0.48016309738159180     
  0.10759115219116211       0.28608417510986328     
  0.22171831130981445       0.42632007598876953     
 -0.83707904815673828      -0.78003215789794922     
   2.4795532226562500E-005  0.41712188720703125     
  0.56949424743652344      -0.50314331054687500     
 -0.32391929626464844      -0.10454797744750977     
  0.86775350570678711       0.33691024780273438     
  0.45281457901000977       0.46054172515869141     
  0.32727479934692383       0.51022386550903320     
 -0.66561794281005859       0.96005153656005859     
 -0.41022539138793945      -0.65523719787597656     
 -0.56879615783691406       0.24872303009033203     
  0.29023027420043945       -9.6062183380126953E-002
 -0.50926733016967773       0.74998044967651367     
  0.92525053024291992       0.68813419342041016     
 -0.52614068984985352      -0.84323692321777344     
 -0.27694129943847656      -0.54721736907958984     
  0.91893339157104492       0.51772165298461914     
 -0.64488792419433594      -0.63069772720336914     
 -0.13107919692993164       0.95720291137695312     
 -0.28381299972534180       -4.3797492980957031E-002
 -0.10045003890991211      -0.26224756240844727     
  0.40966939926147461      -0.68046331405639648     
 -0.54486656188964844       0.43148565292358398     
  -1.7395973205566406E-002 -0.36861991882324219     
  0.60593700408935547       -1.4521598815917969E-002
  -6.0496807098388672E-002 -0.76442956924438477     
  0.23583126068115234      -0.37690162658691406     
 -0.58131313323974609      -0.12782382965087891     
 -0.33012056350708008      -0.33600854873657227     
  0.70986747741699219       0.74560165405273438     
 -0.66573953628540039       0.91696214675903320     
 -0.61289596557617188      -0.93580675125122070     
 -0.10303497314453125       0.29586219787597656     
  0.55672073364257812       0.81278610229492188     
  0.49866485595703125      -0.93535614013671875     
 -0.52462053298950195       0.70380115509033203     
  0.79109811782836914       -8.7699890136718750E-003
  0.60446119308471680      -0.81396913528442383     
 -0.37593698501586914      -0.37129020690917969     
 -0.27179479598999023       -5.3158283233642578E-002
  0.56913232803344727      -0.59140110015869141     
  0.32607984542846680       0.42563152313232422     
 -0.40827178955078125       0.17865133285522461     
  0.59842300415039062      -0.29912567138671875     
  0.60218715667724609       0.96738100051879883     
  0.77554321289062500       0.55793905258178711     
 -0.71671915054321289       0.10657644271850586     
 -0.76672935485839844      -0.41256427764892578     
   3.4631729125976562E-002   5.9674263000488281E-002
  0.94850826263427734      -0.41939210891723633     
 -0.72079086303710938      -0.33117198944091797     
  -7.4491500854492188E-003  0.80265855789184570     
  0.28682613372802734       0.68998575210571289     
  0.59198856353759766      -0.44223690032958984     
 -0.66836357116699219       0.81361818313598633     
  0.48645305633544922      -0.18196821212768555     
 -0.33405303955078125      -0.42681694030761719     
  0.49490451812744141      -0.13757658004760742     
 -0.24658489227294922      -0.34464025497436523     
 -0.36445617675781250       0.59268045425415039     
 -0.81477212905883789       0.12964916229248047     
 -0.98251342773437500       0.89714860916137695     
  0.38177585601806641       0.51197242736816406     
  0.72451162338256836       0.86973190307617188     
 -0.41194629669189453       0.42567110061645508     
  0.25484085083007812      -0.88763475418090820     
 -0.47383785247802734       0.20925235748291016     
  0.90467882156372070       0.94131994247436523     
  0.77178573608398438      -0.59233045578002930     
  0.70915460586547852       0.76626348495483398     
  0.59729242324829102       0.69780826568603516     
   6.6477298736572266E-002 -0.71454524993896484     
  0.64592218399047852        1.8588542938232422E-002
  0.42422294616699219       -7.9250812530517578E-002
   3.3807754516601562E-002  0.21175909042358398     
 -0.96153020858764648      -0.43164157867431641     
 -0.59501552581787109      -0.41891145706176758     
 -0.64006471633911133       0.43508577346801758     
  0.48771715164184570      -0.93613052368164062     
  0.45945405960083008        4.9869537353515625E-002
  0.15823030471801758      -0.62207031250000000     
  0.87066268920898438      -0.77132272720336914     
  0.38146114349365234      -0.77780771255493164     
 -0.61419200897216797      -0.72269725799560547     
 -0.36691188812255859      -0.68795824050903320     
 -0.50752496719360352        3.2622814178466797E-002
  0.29494857788085938      -0.79708147048950195     
 -0.54614448547363281       0.95516157150268555     
 -0.59876394271850586       0.57795524597167969     
 -0.30377388000488281       0.47483015060424805     
  0.47421884536743164       0.19830560684204102     
  0.92400264739990234      -0.28556489944458008     
  0.51232147216796875       0.58834028244018555     
  0.24212026596069336      -0.68034458160400391     
 -0.54948663711547852       0.77979946136474609     
   9.3129634857177734E-002 -0.76558542251586914     
  0.80971860885620117       0.94378805160522461     
  0.24667501449584961      -0.13167572021484375     
  0.93027782440185547      -0.81492424011230469     
 -0.42564487457275391       0.19273328781127930     
 -0.72933721542358398        3.1002998352050781E-002
 -0.92550802230834961       0.98809385299682617     
  0.89662694931030273      -0.38427400588989258     
 -0.49224185943603516       0.89370203018188477     
  0.45106887817382812      -0.88048553466796875     
 -0.31432294845581055      -0.82026433944702148     
 -0.17559862136840820       0.71806240081787109     
  0.47606706619262695      -0.73324680328369141     
  0.32312345504760742       0.74042701721191406     
  0.36211967468261719       0.14943695068359375     
 -0.41048431396484375       0.99126672744750977     
  0.22117137908935547      -0.76780128479003906     
 -0.43215370178222656       0.80045509338378906     
 -0.74625396728515625      -0.28823518753051758     
 -0.36215496063232422      -0.73057651519775391     
 -0.79643678665161133       0.29113864898681641     
 -0.82806777954101562       0.66935396194458008     
 -0.16326856613159180       -5.1387786865234375E-002
  0.32556724548339844      -0.18708467483520508     
 -0.32414102554321289       0.16731405258178711     
   5.3144931793212891E-002 -0.79194927215576172     
 -0.28942775726318359      -0.40960311889648438     
 -0.19488763809204102       0.52502250671386719     
   5.3313255310058594E-002   4.1352748870849609E-002
 -0.97936439514160156      -0.17086219787597656     
  0.32587099075317383       0.92031002044677734     
 -0.34205198287963867      -0.86668539047241211     
 -0.37456369400024414       0.71397876739501953     
 -0.15194034576416016       0.34240293502807617     
  0.77296400070190430      -0.79208564758300781     
 -0.57911062240600586       0.89509773254394531     
  -8.7949275970458984E-002 -0.15757322311401367     
 -0.32966375350952148      -0.65819931030273438     
 -0.35228395462036133      -0.83242893218994141     
 -0.63062047958374023      -0.83332633972167969     
  0.29015731811523438       0.67950248718261719     
  0.40377759933471680       0.29732322692871094     
 -0.88788890838623047      -0.74615907669067383     
 -0.69084167480468750      -0.97344350814819336     
 -0.66189527511596680      -0.46991062164306641     
  0.21536350250244141      -0.38230133056640625     
  0.66370201110839844       0.84090328216552734     
 -0.93777132034301758       0.88440036773681641     
  0.12093973159790039       0.63506364822387695     
 -0.48168277740478516       0.35919189453125000     
  0.94160985946655273      -0.36116743087768555     
 -0.13571548461914062      -0.96428918838500977     
 -0.80699586868286133       0.82135963439941406     
  0.59868335723876953        7.8319549560546875E-002
  0.31785154342651367       0.13619089126586914     
  0.96733045578002930       -7.0831775665283203E-002
 -0.46462202072143555      -0.89868259429931641     
 -0.15329027175903320      -0.34685182571411133     
  0.46518945693969727       0.44165563583374023     
  0.91373300552368164      -0.88200473785400391     
  0.15206909179687500      -0.16945934295654297     
  -9.5313072204589844E-002   7.6160430908203125E-002
   3.6337852478027344E-002  0.73176574707031250     
  0.79227733612060547      -0.18700313568115234     
 -0.95488643646240234      -0.77049922943115234     
  0.22668409347534180      -0.11676883697509766     
 -0.53017377853393555      -0.62411832809448242     
  0.44889736175537109       0.62269735336303711     
 -0.32329988479614258       0.30226945877075195     
  0.24310111999511719      -0.19890308380126953     
 -0.96296501159667969      -0.55066442489624023     
  0.98484563827514648       0.30093955993652344     
 -0.10522174835205078      -0.45755052566528320     
  -5.0178050994873047E-002  0.65922594070434570     
 -0.38586091995239258       0.84103250503540039     
 -0.75953626632690430       0.48159646987915039     
  0.19421291351318359       0.13978052139282227     
 -0.70416641235351562      -0.92006921768188477     
  0.39919471740722656      -0.73316860198974609     
 -0.36004304885864258       0.76250886917114258     
 -0.50878906250000000       0.78603363037109375     
  0.87381362915039062       0.18812131881713867     
 -0.23988294601440430       0.29400014877319336     
 -0.73609304428100586       0.48835468292236328     
 -0.22070407867431641       0.63286352157592773     
  0.54312086105346680       0.23445224761962891     
  0.44442939758300781      -0.47313165664672852     
   8.2699775695800781E-002  -6.4626693725585938E-002
 -0.17953538894653320       0.55612802505493164     
  0.84568548202514648      -0.55759334564208984     
  0.52987957000732422      -0.30982875823974609     
  0.70947408676147461       0.13645219802856445     
 -0.64476871490478516      -0.62068271636962891     
  0.19289875030517578        4.9681186676025391E-002
  0.99496841430664062       0.43471813201904297     
  0.31153774261474609        1.8356323242187500E-002
  0.51944398880004883       0.29826211929321289     
  0.89282655715942383      -0.26396083831787109     
 -0.38822317123413086      -0.86263942718505859     
 -0.37720489501953125       0.32336044311523438     
  0.72135686874389648      -0.15271472930908203     
 -0.66979646682739258       0.73101902008056641     
  0.24317979812622070      -0.87494754791259766     
  0.75850391387939453       0.17926979064941406     
  0.99306249618530273       0.40342378616333008     
  0.34449243545532227      -0.10800409317016602     
  0.77851533889770508       0.51501560211181641     
 -0.12742614746093750       0.35347318649291992     
  0.83046102523803711      -0.43466329574584961     
  0.61986255645751953        3.0734539031982422E-002
  0.55873918533325195       0.73663759231567383     
  0.67056322097778320       0.15880680084228516     
 -0.92609071731567383      -0.80513572692871094     
   8.3869934082031250E-002 -0.39120054244995117     
 -0.90611934661865234       0.85632133483886719     
  0.19370651245117188      -0.37329006195068359     
  0.11908340454101562      -0.56444454193115234     
 -0.61260414123535156       -3.3525943756103516E-002
  0.53670215606689453       0.35757875442504883     
 -0.17364501953125000      -0.44504356384277344     
  0.15379714965820312       0.87134838104248047     
  0.75673103332519531       0.38648939132690430     
 -0.27274227142333984        2.2528171539306641E-002
  0.63159751892089844      -0.74047136306762695     
  0.90265512466430664       0.92766904830932617     
 -0.66469383239746094       0.49803972244262695     
  0.55901098251342773      -0.69608116149902344     
  0.96681642532348633      -0.70968770980834961     
  0.28329658508300781      -0.63179588317871094     
 -0.59000921249389648      -0.28224849700927734     
  0.24989175796508789       -6.4346313476562500E-002
  0.53514814376831055       0.23508310317993164     
 -0.95217084884643555       0.86837863922119141     
  0.84136915206909180       0.89360713958740234     
  0.85672807693481445      -0.96945905685424805     
  0.30307149887084961      -0.27323865890502930     
 -0.32060098648071289      -0.33362150192260742     
  0.82911968231201172      -0.98017883300781250     
  0.13510465621948242       0.71182346343994141     
 -0.38009405136108398      -0.23738241195678711     
  0.31499767303466797       0.16834259033203125     
 -0.66235017776489258      -0.11298656463623047     
 -0.95778131484985352       0.57214927673339844     
  0.11786794662475586      -0.98780870437622070     
  -9.9955558776855469E-002   5.3097724914550781E-002
  0.41574048995971680      -0.64894819259643555     
 -0.87000083923339844       -9.9643230438232422E-002
 -0.69902420043945312      -0.49887371063232422     
 -0.56741428375244141      -0.52784109115600586     
  0.57819652557373047      -0.24414253234863281     
  0.70399332046508789        2.2105216979980469E-002
 -0.47446441650390625      -0.31674480438232422     
  0.47189378738403320      -0.88071298599243164     
 -0.13664340972900391      -0.56061553955078125     
 -0.25890541076660156       0.58013200759887695     
  0.28498744964599609      -0.21025753021240234     
  0.20301055908203125        1.3556480407714844E-003
  0.79047298431396484      -0.51401185989379883     
 -0.99010992050170898      -0.77068758010864258     
 -0.94421625137329102       0.55913829803466797     
 -0.56009292602539062       0.52303218841552734     
  0.60605621337890625       -5.3987503051757812E-003
 -0.73182678222656250       0.18904161453247070     
 -0.77150201797485352      -0.63385105133056641     
  0.86932754516601562       0.78969383239746094     
  0.38907575607299805      -0.79707336425781250     
 -0.40742969512939453       0.33091831207275391     
 -0.25003337860107422      -0.30710649490356445     
  0.46274185180664062      -0.69255161285400391     
  0.29299640655517578       0.39654731750488281     
  0.77349948883056641       0.21132278442382812     
 -0.29685735702514648       0.72411918640136719     
  0.27191495895385742        7.5742244720458984E-002
 -0.99546718597412109      -0.81397390365600586     
 -0.45518684387207031      -0.32293319702148438     
  0.46871232986450195      -0.34439420700073242     
 -0.23191404342651367       0.22787809371948242     
  -4.7704219818115234E-002  0.24150848388671875     
 -0.96367740631103516      -0.52161264419555664     
 -0.74361371994018555        9.0691089630126953E-002
  0.24709272384643555       0.89018964767456055     
 -0.57697343826293945       0.81378126144409180     
 -0.77538204193115234       0.15474271774291992     
  0.76639127731323242       0.74293851852416992     
  0.57165431976318359      -0.20081138610839844     
  0.97102260589599609       -1.9337654113769531E-002
  0.99327564239501953       -1.1973857879638672E-002
  0.75606679916381836      -0.78075361251831055     
 -0.12266159057617188       0.43402624130249023     
  0.68325901031494141      -0.45958662033081055     
 -0.26737785339355469       0.18795251846313477     
  0.92128944396972656       0.11825799942016602     
 -0.43219137191772461       0.16060256958007812     
 -0.74966144561767578       0.44304370880126953     
  0.23765993118286133       0.35116147994995117     
  -2.3674011230468750E-002  0.11149549484252930     
  -9.1859817504882812E-002  0.11239862442016602     
 -0.91566896438598633       0.35276460647583008     
  0.92065238952636719      -0.58992099761962891     
 -0.80160903930664062      -0.64212036132812500     
 -0.11586141586303711       0.71900606155395508     
  0.33766031265258789      -0.93954610824584961     
 -0.94885826110839844       0.54169464111328125     
  0.26344156265258789      -0.33306074142456055     
  0.25457286834716797       0.60883760452270508     
  0.73673057556152344       0.23870134353637695     
 -0.14073371887207031       0.68989610671997070     
 -0.91280317306518555       0.52416133880615234     
 -0.41487264633178711      -0.76454687118530273     
  0.26418113708496094        9.7358226776123047E-002
  0.30349826812744141       0.89634132385253906     
  0.81636142730712891       0.58993482589721680     
 -0.95802783966064453       0.43066930770874023     
  0.26651620864868164      -0.65615463256835938     
   9.7346305847167969E-003 -0.38592386245727539     
 -0.21688890457153320       0.75148963928222656     
  0.28777408599853516       0.62128019332885742     
 -0.13876962661743164      -0.29321908950805664     
 -0.12902164459228516      -0.46004343032836914     
   5.4469108581542969E-002 -0.53755903244018555     
 -0.74731349945068359       -9.7466945648193359E-002
 -0.12366151809692383      -0.37665510177612305     
 -0.43493413925170898        6.6183090209960938E-002
  0.34715700149536133       0.66928386688232422     
  0.66117954254150391       0.44668149948120117     
 -0.61624765396118164       0.72850036621093750     
  -9.4269275665283203E-002 -0.37830924987792969     
 -0.23638916015625000      -0.98788166046142578     
  0.67322969436645508       0.97865486145019531     
  0.25906515121459961       0.10827207565307617     
 -0.26553392410278320      -0.82793664932250977     
  0.86920547485351562       0.74129819869995117     
 -0.99621486663818359       0.62194871902465820     
 -0.90645837783813477      -0.83812952041625977     
 -0.43787097930908203       0.70549154281616211     
 -0.79960393905639648      -0.94085121154785156     
 -0.87865829467773438       0.39780569076538086     
  -7.3561668395996094E-002 -0.34871530532836914     
 -0.85534572601318359       0.21037864685058594     
 -0.15968704223632812       0.14744758605957031     
  0.15825557708740234      -0.19224596023559570     
  0.92598724365234375      -0.92702770233154297     
 -0.55329370498657227       0.79887056350708008     
  0.62432098388671875       0.96762514114379883     
  0.88333845138549805       0.27065038681030273     
  0.82632017135620117       -3.3281326293945312E-002
  0.64210224151611328      -0.18027305603027344     
  0.15416574478149414      -0.93184185028076172     
  0.53585386276245117       0.10212850570678711     
  0.48061275482177734      -0.33763027191162109     
 -0.55009651184082031       0.52802276611328125     
  0.48136520385742188       0.31166076660156250     
   8.4611892700195312E-002   7.3966979980468750E-002
 -0.82941484451293945        3.1455516815185547E-002
  0.67992258071899414      -0.53552246093750000     
 -0.51942348480224609        5.4425239562988281E-002
  0.72605800628662109       0.86219978332519531     
  0.99776744842529297      -0.51457405090332031     
 -0.44602298736572266      -0.30477571487426758     
 -0.36175632476806641       -3.4053325653076172E-002
 -0.32954120635986328      -0.59339952468872070     
  0.73621082305908203      -0.50269556045532227     
 -0.80091571807861328      -0.98414850234985352     
 -0.58355045318603516       0.27241992950439453     
  0.56657028198242188       0.35088920593261719     
 -0.59992456436157227      -0.92706298828125000     
  0.85293531417846680      -0.71004009246826172     
  0.35973691940307617        9.9416732788085938E-002
  0.89857053756713867       0.27510213851928711     
 -0.35462284088134766      -0.14162063598632812     
 -0.21761560440063477       0.53909778594970703     
  0.61855077743530273       -1.3157844543457031E-002
  0.85697507858276367      -0.81475305557250977     
  0.45328521728515625       0.36810159683227539     
  0.68843221664428711       0.48203134536743164     
 -0.49722623825073242      -0.87521553039550781     
  0.25870180130004883        1.8258094787597656E-003
  0.69064521789550781      -0.32452630996704102     
 -0.30972623825073242       0.43197965621948242     
  0.28824472427368164       0.53059339523315430     
 -0.31314754486083984       0.93418073654174805     
  0.77699995040893555      -0.95544910430908203     
 -0.22974634170532227       0.65749835968017578     
  0.57782411575317383      -0.50832128524780273     
  0.64759016036987305        5.5852413177490234E-002
  0.71184492111206055       -1.6966342926025391E-002
  0.85291147232055664       0.89073657989501953     
  0.61716365814208984       0.67193126678466797     
 -0.84465932846069336      -0.18167829513549805     
  0.53728246688842773       0.11250591278076172     
  0.89317703247070312      -0.37056398391723633     
  -6.6071033477783203E-002 -0.45413064956665039     
 -0.57216405868530273      -0.35705804824829102     
  0.92992734909057617      -0.70990180969238281     
  0.68157005310058594      -0.84805059432983398     
  0.81829547882080078      -0.90756034851074219     
  0.63616561889648438        4.2268753051757812E-002
  0.41458749771118164       -2.3078441619873047E-002
  0.12467765808105469      -0.54110527038574219     
 -0.34870004653930664      -0.59848403930664062     
 -0.71941423416137695       0.80698776245117188     
 -0.95522260665893555      -0.42101240158081055     
   4.8249244689941406E-002  0.93029165267944336     
 -0.58702039718627930       -4.5254230499267578E-002
 -0.58028459548950195      -0.83749580383300781     
  0.21295642852783203      -0.83400249481201172     
  0.92731809616088867      -0.56281757354736328     
  0.72706365585327148      -0.23511219024658203     
  0.47419834136962891      -0.14417648315429688     
  0.83039331436157227       0.42553567886352539     
  -1.7451763153076172E-002  0.69403123855590820     
  0.58812665939331055       0.64724969863891602     
  0.33050298690795898       0.76908016204833984     
  -6.7996501922607422E-002 -0.81649637222290039     
 -0.85072326660156250       -9.9758148193359375E-002
 -0.62888193130493164       0.38717460632324219     
 -0.75018262863159180      -0.31197118759155273     
  0.70172643661499023       -7.6143741607666016E-002
  0.25434875488281250       0.84476089477539062     
  -9.9400997161865234E-002 -0.62979745864868164     
  0.99561786651611328      -0.64740276336669922     
 -0.89554929733276367       0.51008224487304688     
  0.95727872848510742       0.98765897750854492     
 -0.41473579406738281      -0.45980644226074219     
   3.8184642791748047E-002 -0.22494029998779297     
 -0.57105255126953125       0.32348346710205078     
  0.79338788986206055       0.47669649124145508     
 -0.16074562072753906       0.35344600677490234     
  0.36928462982177734       0.56963253021240234     
 -0.17935323715209961      -0.38693904876708984     
  0.71650743484497070       0.34762382507324219     
  0.51950788497924805      -0.62349891662597656     
  0.85389900207519531      -0.51872205734252930     
 -0.15954828262329102       0.47965860366821289     
 -0.37010431289672852      -0.33986377716064453     
  -8.6600303649902344E-002  0.51311731338500977     
  -2.9522895812988281E-002 -0.18776512145996094     
  0.23675966262817383      -0.77921390533447266     
 -0.24182891845703125      -0.41127014160156250     
 -0.21130180358886719       0.65406799316406250     
  0.92360687255859375      -0.93379974365234375     
 -0.36642169952392578      -0.44228315353393555     
  0.54915571212768555      -0.33444023132324219     
 -0.93366003036499023       -2.2157669067382812E-002
 -0.40244960784912109        3.3734321594238281E-002
  0.97417545318603516       0.96803092956542969     
 -0.30124044418334961      -0.94037628173828125     
 -0.90216350555419922      -0.65619897842407227     
 -0.73007631301879883      -0.38996124267578125     
  -7.6785564422607422E-002 -0.52818107604980469     
  0.86635589599609375       0.84731483459472656     
  0.82774925231933594       -1.7175197601318359E-002
 -0.65967226028442383       0.88988924026489258     
  0.37008810043334961        7.1622371673583984E-002
 -0.23955106735229492      -0.12993097305297852     
  0.25490093231201172       0.12346935272216797     
 -0.84391212463378906       0.37203693389892578     
  0.83252239227294922       0.20625591278076172     
  0.54698610305786133      -0.80427217483520508     
  0.59965610504150391       0.42752647399902344     
 -0.55809497833251953        9.8203182220458984E-002
  0.50641727447509766      -0.63955020904541016     
 -0.91397476196289062       0.83414316177368164     
 -0.54839944839477539      -0.94802331924438477     
  0.57788085937500000       0.44651126861572266     
  0.52081966400146484      -0.58362913131713867     
  0.94524002075195312       0.65153264999389648     
  0.31156206130981445       0.42800426483154297     
 -0.52964925765991211       0.19203615188598633     
 -0.44196844100952148      -0.16122055053710938     
  0.37350749969482422      -0.45333766937255859     
  0.75980567932128906        5.5834770202636719E-002
  0.41691589355468750      -0.88697481155395508     
  0.62195014953613281      -0.88083457946777344     
 -0.18341112136840820      -0.58604621887207031     
  0.32602357864379883      -0.51966857910156250     
  -6.8474769592285156E-002 -0.85458469390869141     
 -0.99911117553710938       -5.7128906250000000E-002
 -0.16417407989501953       0.73045587539672852     
  0.77958106994628906       0.42085647583007812     
 -0.66346216201782227      -0.80835103988647461     
   4.6186923980712891E-002  0.26907062530517578     
  0.27683401107788086       0.74954700469970703     
 -0.35964345932006836      -0.52659845352172852     
 -0.53851461410522461      -0.80713319778442383     
  0.51973438262939453      -0.82328033447265625     
 -0.86846351623535156      -0.26484537124633789     
  0.75040960311889648       0.13606023788452148     
  0.76616430282592773       0.92625284194946289     
 -0.46148920059204102      -0.24828577041625977     
 -0.93881273269653320      -0.61800670623779297     
 -0.83312082290649414      -0.25996351242065430     
  0.79959154129028320       0.74101209640502930     
  0.19277524948120117       -2.4103164672851562E-002
  0.90109252929687500       0.67007493972778320     
  -4.8518657684326172E-002  0.55239009857177734     
   2.8005599975585938E-002  0.69812536239624023     
 -0.60666131973266602      -0.14980125427246094     
  0.29636764526367188      -0.94212007522583008     
 -0.21097707748413086       0.11173963546752930     
   1.0941982269287109E-002  -9.5998764038085938E-002
  0.55117464065551758      -0.40587711334228516     
  0.42398643493652344       -5.3590774536132812E-002
 -0.69654035568237305      -0.74932622909545898     
   8.0377578735351562E-002  0.90645933151245117     
  0.86473846435546875      -0.33364963531494141     
  0.35260343551635742       0.21005201339721680     
  0.34945774078369141      -0.66010904312133789     
 -0.44611120223999023       0.21359872817993164     
  -4.3505191802978516E-002  0.81119155883789062     
 -0.30331563949584961       0.17535161972045898     
 -0.86527156829833984      -0.61308050155639648     
  -3.8195133209228516E-002   5.4669380187988281E-002
  0.83493328094482422       0.72712612152099609     
  0.81434154510498047       0.63928604125976562     
  0.48468732833862305       0.14388322830200195     
  0.24993467330932617       0.65776157379150391     
 -0.99929141998291016       0.91574096679687500     
  0.86090135574340820      -0.82969427108764648     
 -0.67034530639648438      -0.48783349990844727     
  0.98869466781616211       0.99272155761718750     
  0.67780828475952148       -7.0557117462158203E-002
  0.15038442611694336      -0.48499679565429688     
  0.65946960449218750      -0.28895998001098633     
 -0.54685688018798828       0.98089456558227539     
  -9.9245071411132812E-002  -8.9502334594726562E-003
 -0.41911554336547852       -7.0738315582275391E-002
 -0.89127159118652344       0.40594339370727539     
  0.69584131240844727      -0.99353122711181641     
 -0.27153921127319336       0.24480152130126953     
  0.38702011108398438       0.64975690841674805     
  0.46712732315063477      -0.98720216751098633     
   9.4328880310058594E-002 -0.61172962188720703     
  0.66179752349853516       0.83228921890258789     
  0.29169368743896484       0.50226354598999023     
 -0.45190668106079102       0.81127119064331055     
 -0.95821332931518555      -0.68807601928710938     
 -0.48975658416748047       0.66779279708862305     
 -0.39863586425781250       0.13210535049438477     
  0.29903268814086914      -0.15171527862548828     
  0.12901973724365234       0.43792581558227539     
  0.21974134445190430      -0.80308198928833008     
  0.60204029083251953       0.49725341796875000     
 -0.65499925613403320      -0.57143115997314453     
  -3.6756038665771484E-002  0.24217319488525391     
  0.21071863174438477      -0.44615554809570312     
 -0.53184747695922852      -0.75475025177001953     
  0.91546297073364258       0.18891859054565430     
 -0.83847761154174805      -0.28985071182250977     
  0.48131418228149414      -0.54474782943725586     
  0.43060636520385742      -0.79401922225952148     
  0.92124938964843750      -0.55626535415649414     
  0.85199975967407227      -0.43969631195068359     
   3.0068397521972656E-002 -0.63407993316650391     
 -0.97877311706542969      -0.23613166809082031     
 -0.65816211700439453       0.27146196365356445     
  0.46621036529541016      -0.39765214920043945     
  0.66488790512084961       0.77344465255737305     
 -0.71126556396484375      -0.23439931869506836     
  0.45752811431884766      -0.32293653488159180     
  0.40826177597045898      -0.34226989746093750     
 -0.52742242813110352      -0.38574075698852539     
  0.85815429687500000      -0.99924659729003906     
 -0.33629322052001953       -7.2686195373535156E-002
  0.37094783782958984       0.52276277542114258     
   7.7045917510986328E-002  0.91813182830810547     
 -0.95330667495727539      -0.22120046615600586     
  0.28694868087768555       0.75044965744018555     
  0.80854892730712891      -0.71785163879394531     
 -0.93083190917968750      -0.49025392532348633     
  0.30935573577880859      -0.65176820755004883     
 -0.26231384277343750      -0.70345926284790039     
  0.96300458908081055      -0.77863168716430664     
 -0.45947742462158203      -0.43603849411010742     
 -0.49577331542968750      -0.45573806762695312     
  0.41452741622924805       0.97029399871826172     
 -0.26563358306884766      -0.49764585494995117     
   7.1331977844238281E-002  0.87943983078002930     
  0.75004005432128906       -7.1549892425537109E-002
 -0.53510618209838867       0.47526884078979492     
 -0.15202665328979492       0.89308452606201172     
   7.9204559326171875E-002 -0.80807113647460938     
  0.75485944747924805       0.92700481414794922     
  0.17408990859985352       -6.7782402038574219E-002
  0.78660726547241211       0.51618242263793945     
 -0.52152585983276367       0.71885299682617188     
 -0.23206567764282227      -0.31998062133789062     
   8.8441371917724609E-002  0.44007825851440430     
  0.40317535400390625       0.16978216171264648     
 -0.46880435943603516       0.80997180938720703     
 -0.80375432968139648      -0.69613742828369141     
   2.0138740539550781E-002  0.47945833206176758     
  0.26352357864379883      -0.95175361633300781     
 -0.11504650115966797       0.41457319259643555     
 -0.26688528060913086       0.45950126647949219     
  0.84189796447753906      -0.21760988235473633     
  0.63653612136840820       0.26401329040527344     
 -0.72689676284790039      -0.94888257980346680     
  0.13735294342041016       0.49515485763549805     
   7.3573589324951172E-002  0.55415725708007812     
 -0.27771615982055664       0.42932844161987305     
 -0.27435064315795898       0.99253368377685547     
 -0.47961521148681641      -0.88657903671264648     
 -0.72716999053955078       0.45768070220947266     
  0.24181175231933594       0.13066291809082031     
   5.5445194244384766E-002 -0.12729024887084961     
  0.63456249237060547      -0.90273094177246094     
 -0.19624567031860352      -0.29538679122924805     
 -0.56471490859985352       0.84110498428344727     
  0.45456838607788086       -6.1328887939453125E-002
 -0.75215482711791992       0.53474569320678711     
 -0.52262639999389648       0.21850585937500000     
  0.43050813674926758      -0.44964075088500977     
  0.89139461517333984      -0.32854366302490234     
  0.16849184036254883      -0.15216732025146484     
  0.52795600891113281      -0.64037227630615234     
 -0.73643827438354492       0.68499231338500977     
  0.66785907745361328       0.70798158645629883     
 -0.95080232620239258      -0.13083028793334961     
 -0.85766172409057617      -0.71467924118041992     
  0.39103555679321289       0.14029550552368164     
  -4.7575950622558594E-002  0.39664030075073242     
  0.33396816253662109      -0.99525070190429688     
  0.82591390609741211      -0.86067724227905273     
  0.60031366348266602      -0.52793264389038086     
 -0.95761871337890625      -0.69353628158569336     
 -0.26201295852661133       0.35481691360473633     
 -0.58606529235839844        8.3665847778320312E-003
  0.62458610534667969      -0.57729244232177734     
 -0.54613924026489258      -0.95574331283569336     
  0.82741641998291016       0.38894319534301758     
  0.96932792663574219      -0.50293922424316406     
 -0.89440393447875977      -0.24578332901000977     
 -0.88006067276000977       0.82471895217895508     
 -0.94375133514404297       0.37599039077758789     
 -0.72189998626708984      -0.97084474563598633     
 -0.98058032989501953      -0.61294698715209961     
  0.20013046264648438      -0.40099716186523438     
  0.44587039947509766      -0.25244379043579102     
 -0.82129335403442383       0.52865743637084961     
 -0.84916448593139648        9.5178127288818359E-002
 -0.33658885955810547       0.95661497116088867     
 -0.17213344573974609       0.95931959152221680     
 -0.71204137802124023       0.72477197647094727     
 -0.74964570999145508       0.70806026458740234     
  0.37024164199829102       0.65858173370361328     
  0.78709316253662109       0.67568874359130859     
  0.30410718917846680      -0.86280727386474609     
  0.80137348175048828       0.68765926361083984     
 -0.50850534439086914      -0.44257307052612305     
 -0.32441806793212891      -0.49357032775878906     
  0.56494522094726562      -0.96310806274414062     
 -0.95439291000366211      -0.47910261154174805     
 -0.27287673950195312      -0.23753976821899414     
 -0.32471132278442383       0.57700634002685547     
 -0.24784135818481445       0.53591775894165039     
 -0.82268476486206055      -0.85805225372314453     
  0.72153282165527344       0.80502700805664062     
   9.1098308563232422E-002 -0.90561676025390625     
 -0.69896364212036133       0.51941490173339844     
 -0.18579912185668945      -0.71937036514282227     
 -0.45313882827758789       0.10111761093139648     
 -0.51627349853515625       0.99712085723876953     
  0.61384725570678711       0.93861865997314453     
 -0.63541555404663086       0.57458925247192383     
 -0.87247371673583984       0.34056711196899414     
  -8.1604957580566406E-002  0.47346782684326172     
 -0.42285776138305664      -0.96389532089233398     
 -0.18598175048828125       0.21167564392089844     
 -0.36600351333618164       0.58612489700317383     
 -0.99250459671020508       0.98031425476074219     
  0.14811277389526367      -0.66673755645751953     
  0.14315891265869141        7.4968814849853516E-002
   2.2411346435546875E-003 -0.32907867431640625     
 -0.82358360290527344        3.2296657562255859E-002
  0.81544113159179688      -0.87484550476074219     
  0.47720575332641602       0.40369749069213867     
  0.94423770904541016      -0.19300556182861328     
  0.16089725494384766       0.20515012741088867     
  -3.5585403442382812E-002  -7.7701091766357422E-002
   8.0481052398681641E-002  0.65219354629516602     
 -0.57931375503540039      -0.52169179916381836     
  -6.6269874572753906E-002  0.20449495315551758     
  0.94764184951782227      -0.98210525512695312     
 -0.24009609222412109       0.71129179000854492     
  0.68447732925415039        1.7591953277587891E-002
 -0.32619524002075195      -0.35647535324096680     
  0.72055864334106445       0.43230915069580078     
 -0.17247056961059570      -0.70601701736450195     
  -2.3046970367431641E-002  0.65535211563110352     
  0.51015758514404297       0.22577667236328125     
  0.63236093521118164        9.5885753631591797E-002
 -0.44642400741577148       0.95202445983886719     
  0.67997932434082031       0.42034339904785156     
  0.71679353713989258      -0.84515380859375000     
 -0.49872970581054688      -0.14402580261230469     
 -0.64096927642822266      -0.76741743087768555     
   1.7306804656982422E-002  0.88245487213134766     
 -0.57960367202758789       0.60867881774902344     
   6.9644927978515625E-002  0.52818250656127930     
 -0.83364200592041016       0.98063898086547852     
 -0.39750289916992188      -0.82527399063110352     
 -0.37327575683593750       0.35950946807861328     
  0.27640724182128906      -0.41710615158081055     
 -0.30147314071655273      -0.85376453399658203     
  0.78378248214721680      -0.96303462982177734     
  0.27905845642089844       0.13938426971435547     
  0.63711166381835938       -5.9448242187500000E-002
  0.85743904113769531       0.98269033432006836     
   7.7763557434082031E-002  0.97302579879760742     
 -0.35053205490112305       0.61173391342163086     
 -0.58405065536499023      -0.13590240478515625     
 -0.10842370986938477      -0.27185344696044922     
  0.96164226531982422       0.32928514480590820     
  0.29943037033081055       0.53017282485961914     
  0.62025165557861328       0.57143497467041016     
  0.10827302932739258      -0.24986553192138672     
  0.51071500778198242      -0.40893936157226562     
  0.95886230468750000      -0.39620542526245117     
  0.97823953628540039      -0.72313642501831055     
  0.24903392791748047      -0.48646640777587891     
  -3.9330959320068359E-002  0.97155523300170898     
  0.93072605133056641       0.71396493911743164     
 -0.38882875442504883       0.95663166046142578     
  0.11107158660888672       0.78572130203247070     
 -0.37785243988037109      -0.56155395507812500     
  -3.4392833709716797E-002  -3.4823417663574219E-002
  0.72672414779663086        5.7226181030273438E-002
 -0.19316530227661133      -0.52717876434326172     
 -0.28971672058105469       0.73803234100341797     
  0.11338806152343750      -0.28594923019409180     
   5.4220676422119141E-002 -0.71137714385986328     
 -0.11280584335327148        7.2995662689208984E-002
  0.84368324279785156      -0.20990133285522461     
  0.19307851791381836      -0.92173290252685547     
  0.43592166900634766       0.53745841979980469     
 -0.92961168289184570        2.1752357482910156E-002
 -0.40630435943603516      -0.75251245498657227     
  0.53004217147827148       0.42479848861694336     
 -0.40889501571655273      -0.29670906066894531     
 -0.78487300872802734       0.64527606964111328     
 -0.83988809585571289        3.1218528747558594E-003
  0.47341871261596680       0.75047445297241211     
 -0.77430582046508789       0.24625635147094727     
  0.83284091949462891      -0.43822240829467773     
  0.80311012268066406      -0.12713670730590820     
 -0.78426933288574219       0.78594970703125000     
 -0.53856420516967773       0.35272169113159180     
  0.20125246047973633       0.45659255981445312     
  -4.2825222015380859E-002  0.23775291442871094     
  -8.0324649810791016E-002  -9.4013214111328125E-003
  -3.4623146057128906E-003 -0.18432092666625977     
  0.12551736831665039      -0.42930030822753906     
  0.75247859954833984       0.91401910781860352     
  -8.0041885375976562E-002  0.74043798446655273     
  0.54323768615722656       0.19692993164062500     
 -0.19211816787719727      -0.92738056182861328     
 -0.47942018508911133       0.38568878173828125     
  0.27435493469238281      -0.91226720809936523     
 -0.46883010864257812       0.37476301193237305     
  0.64292240142822266      -0.39689397811889648     
 -0.59639692306518555       0.35892057418823242     
  0.38109064102172852       0.99122810363769531     
 -0.42422246932983398       0.10003709793090820     
 -0.66944313049316406       0.67597627639770508     
 -0.86371994018554688      -0.53857660293579102     
  0.15061378479003906      -0.63058853149414062     
 -0.29524755477905273      -0.22383213043212891     
   5.6613922119140625E-002 -0.48235225677490234     
 -0.88957023620605469       0.99408960342407227     
 -0.33470487594604492       0.61617231369018555     
   1.3050556182861328E-002 -0.65591335296630859     
   6.4920902252197266E-002 -0.87022399902343750     
  0.14717435836791992      -0.43455505371093750     
  0.43523550033569336      -0.99007892608642578     
 -0.25314569473266602      -0.61336183547973633     
 -0.77211570739746094      -0.94416904449462891     
 -0.64509201049804688       -6.0870170593261719E-002
  0.96098232269287109      -0.76583003997802734     
  0.70176696777343750       0.60032033920288086     
 -0.40847063064575195       0.83517932891845703     
  0.86610174179077148       0.57360076904296875     
  0.51392889022827148      -0.39304494857788086     
   9.7388744354248047E-002  0.81562423706054688     
  0.20304632186889648       0.60622453689575195     
  0.81996774673461914      -0.80108070373535156     
  0.24398612976074219       0.67802286148071289     
 -0.46454191207885742       0.44934701919555664     
  0.17841482162475586       0.62505388259887695     
 -0.71878767013549805      -0.66383790969848633     
  0.88190460205078125       0.17678117752075195     
 -0.83136796951293945      -0.79792499542236328     
 -0.72153043746948242      -0.75900840759277344     
 -0.64890480041503906      -0.13508892059326172     
 -0.43826103210449219       0.15194034576416016     
 -0.33418607711791992      -0.65828657150268555     
  0.17767333984375000       0.16174840927124023     
  0.51050090789794922       -4.9057006835937500E-003
 -0.44558000564575195      -0.86238384246826172     
  -8.0574989318847656E-002 -0.22017574310302734     
 -0.49039030075073242        1.7810821533203125E-002
 -0.65306091308593750        1.0558128356933594E-002
 -0.54478645324707031      -0.21857547760009766     
  0.40952968597412109       0.97098398208618164     
 -0.66740798950195312       0.87519073486328125     
 -0.66628360748291016      -0.22675704956054688     
  0.89538526535034180       0.74295568466186523     
  0.85753583908081055       0.61151409149169922     
 -0.27776813507080078      -0.44731903076171875     
  -8.5076332092285156E-002  0.12918424606323242     
 -0.79819202423095703       0.78962421417236328     
 -0.78354883193969727       0.89612913131713867     
 -0.75285434722900391       0.78165245056152344     
 -0.76521492004394531      -0.96199417114257812     
 -0.23210573196411133      -0.99307966232299805     
 -0.68748998641967773      -0.64005136489868164     
  0.65722942352294922        5.6295871734619141E-002
  0.16533470153808594       0.78479862213134766     
  0.11513614654541016      -0.90422534942626953     
  0.69231653213500977      -0.23321390151977539     
  0.37786054611206055       0.70461940765380859     
  0.54515933990478516       0.50011253356933594     
 -0.60231304168701172       0.92787313461303711     
  0.76709079742431641       0.50276279449462891     
  -6.3259601593017578E-002  0.80026578903198242     
   7.2749614715576172E-002  0.70392513275146484     
  0.87706041336059570       0.75790357589721680     
   9.0985774993896484E-002 -0.79430770874023438     
   7.5850486755371094E-002  0.82064151763916016     
  0.52976465225219727      -0.24017143249511719     
 -0.55982017517089844      -0.89384603500366211     
 -0.86520671844482422       0.47127866744995117     
  0.78542757034301758       0.68327045440673828     
 -0.27198839187622070       0.69340419769287109     
   4.7525405883789062E-002  0.76495170593261719     
  0.54893875122070312        1.9504547119140625E-002
 -0.17994689941406250      -0.36239814758300781     
 -0.82210826873779297       0.82637548446655273     
  0.89595890045166016       0.38676404953002930     
  0.35084199905395508       0.60162925720214844     
 -0.41220951080322266       -2.0346641540527344E-003
 -0.19649887084960938      -0.55382394790649414     
 -0.11677265167236328      -0.59317588806152344     
  0.49668741226196289      -0.17394638061523438     
  0.48913526535034180       0.90043878555297852     
 -0.31918048858642578      -0.46605968475341797     
  0.94012594223022461       0.70096778869628906     
 -0.82847690582275391      -0.20687818527221680     
  0.99914455413818359       0.62374210357666016     
 -0.76304054260253906      -0.41634035110473633     
  0.57266950607299805       0.86159753799438477     
  0.87063360214233398       0.74447536468505859     
  0.40158414840698242      -0.56788158416748047     
 -0.38055372238159180        3.3858776092529297E-002
 -0.93385171890258789       0.75572586059570312     
 -0.50982809066772461      -0.67741346359252930     
  0.71486234664916992       0.69638824462890625     
  0.20174837112426758       0.79112815856933594     
  0.49390172958374023      -0.98648166656494141     
  0.20466470718383789      -0.19526386260986328     
  0.20283412933349609      -0.96117544174194336     
 -0.47154808044433594       0.69216728210449219     
 -0.74184703826904297      -0.21859979629516602     
  -2.9354095458984375E-003  0.66647338867187500     
 -0.57909870147705078      -0.90406179428100586     
 -0.56522989273071289       0.18620491027832031     
 -0.44997835159301758      -0.78535270690917969     
  0.57835578918457031       0.42651224136352539     
  0.39574384689331055      -0.72895956039428711     
  0.37925291061401367       0.10981512069702148     
 -0.33328199386596680       0.53003501892089844     
  0.30161142349243164      -0.81368064880371094     
  0.47551965713500977        6.2050819396972656E-002
  0.88895940780639648       0.74251890182495117     
 -0.47913742065429688      -0.85722494125366211     
  0.62504625320434570      -0.84048795700073242     
  -7.6443672180175781E-002 -0.78085517883300781     
  0.16723012924194336       0.63809013366699219     
  0.38672780990600586      -0.26531267166137695     
  0.89464426040649414       0.29198455810546875     
 -0.60962104797363281       0.10443401336669922     
 -0.77264547348022461       0.15468215942382812     
 -0.25460529327392578       0.84924840927124023     
 -0.67625808715820312       0.13757848739624023     
  0.28829860687255859      -0.55894947052001953     
 -0.25917720794677734        1.2522220611572266E-002
  0.46414709091186523       0.92281341552734375     
 -0.26968240737915039      -0.54820823669433594     
  0.26806688308715820      -0.59883737564086914     
 -0.65843915939331055      -0.38046932220458984     
 -0.54275941848754883      -0.15632247924804688     
  0.69567346572875977       0.18966484069824219     
 -0.29994535446166992       0.82207965850830078     
  0.70073938369750977      -0.67219448089599609     
  0.42845773696899414      -0.90911340713500977     
  0.53635120391845703       0.46025276184082031     
 -0.52776670455932617      -0.16742420196533203     
  0.10638999938964844       0.10261344909667969     
  0.63064908981323242      -0.67272090911865234     
 -0.41419696807861328       0.59480190277099609     
  0.84064817428588867       0.77409839630126953     
  0.27797460556030273       -7.9933643341064453E-002
  0.55858182907104492        8.6801052093505859E-002
  0.86932897567749023       0.82002878189086914     
  0.22954273223876953       -7.0844650268554688E-002
 -0.67951869964599609      -0.66326951980590820     
  0.43577289581298828        3.7825584411621094E-002
 -0.25761556625366211       0.26031780242919922     
 -0.83733892440795898       0.85059976577758789     
   3.1357765197753906E-002 -0.96699571609497070     
 -0.29535675048828125       -5.8583736419677734E-002
 -0.61013603210449219      -0.54924488067626953     
  0.84270238876342773      -0.69491147994995117     
  0.62532567977905273      -0.14729595184326172     
  0.39974546432495117       0.52907323837280273     
  0.13993978500366211       -2.9254436492919922E-002
  0.32823801040649414       0.69742488861083984     
 -0.37377929687500000      -0.10810565948486328     
 -0.92886972427368164       0.49422979354858398     
  0.52669429779052734       0.15799331665039062     
 -0.60451793670654297      -0.13283395767211914     
 -0.53952169418334961       0.26183176040649414     
  0.61343479156494141        3.8447380065917969E-003
  0.62434196472167969      -0.67809057235717773     
 -0.66406822204589844      -0.98762464523315430     
 -0.99950790405273438      -0.72597837448120117     
  0.48654937744140625      -0.56458616256713867     
 -0.99783086776733398      -0.54214239120483398     
  0.21386766433715820       0.47417259216308594     
 -0.57905626296997070      -0.19834280014038086     
  0.46020269393920898       0.62931776046752930     
  0.94971704483032227       -9.8021030426025391E-002
  0.56610536575317383       0.53364562988281250     
  0.98499345779418945       0.78654766082763672     
 -0.49293422698974609      -0.74085330963134766     
  0.47981977462768555       0.33722448348999023     
 -0.26203823089599609       -7.1125507354736328E-002
  0.60135316848754883       0.94431161880493164     
 -0.95019388198852539        9.8578929901123047E-002
  0.81910419464111328       0.68806409835815430     
  0.29406547546386719       0.36135196685791016     
 -0.75684070587158203      -0.22000455856323242     
  0.38896226882934570      -0.70378017425537109     
 -0.43260383605957031      -0.77130651473999023     
  0.65292644500732422      -0.25808858871459961     
  0.31201362609863281        1.5778541564941406E-002
 -0.80251502990722656       0.13037872314453125     
 -0.71796703338623047      -0.86580801010131836     
  0.37008142471313477       -3.9292812347412109E-002
 -0.39308452606201172      -0.56855726242065430     
  0.26523113250732422      -0.25381898880004883     
   6.6499233245849609E-002 -0.34426403045654297     
  -3.8245201110839844E-002 -0.78240776062011719     
   7.9264640808105469E-002  0.20428562164306641     
 -0.56916856765747070       -1.3358592987060547E-002
 -0.51404571533203125       0.43991136550903320     
 -0.40472269058227539      -0.16862106323242188     
  -1.2669563293457031E-002 -0.93245935440063477     
  0.16341018676757812       0.44074678421020508     
 -0.36499881744384766      -0.53047132492065430     
  0.37481594085693359      -0.46080160140991211     
 -0.68939590454101562      -0.67489910125732422     
  0.97202825546264648       0.88511896133422852     
  0.19724655151367188      -0.87477350234985352     
 -0.31258678436279297       0.35495328903198242     
 -0.29358053207397461      -0.20580577850341797     
 -0.97564697265625000       0.30205059051513672     
  0.56750917434692383       0.13119745254516602     
 -0.95769166946411133        8.4078788757324219E-002
 -0.88606739044189453      -0.12924575805664062     
 -0.23287010192871094       0.15909004211425781     
 -0.17280817031860352      -0.38180971145629883     
  0.93146276473999023      -0.90277814865112305     
 -0.98661518096923828       -3.3535957336425781E-002
  0.36500740051269531       0.68158245086669922     
 -0.64320325851440430      -0.31163787841796875     
  0.30614280700683594      -0.65528106689453125     
  0.69194078445434570      -0.54766941070556641     
 -0.67729377746582031       0.72977685928344727     
 -0.63697862625122070       0.30315828323364258     
 -0.81510782241821289       0.48470830917358398     
  0.49395656585693359       -6.4801692962646484E-002
  0.88382339477539062       0.42110967636108398     
 -0.40572977066040039       0.90530586242675781     
 -0.52401113510131836       0.94844055175781250     
  0.44039964675903320      -0.19807004928588867     
 -0.95935201644897461       0.17213106155395508     
 -0.99062538146972656       0.56088829040527344     
  0.85393857955932617       0.14911746978759766     
  0.22298955917358398      -0.20698785781860352     
 -0.83704710006713867      -0.24596071243286133     
  0.13868761062622070       0.92430830001831055     
  0.85449695587158203      -0.46686220169067383     
 -0.54904413223266602       0.22006273269653320     
  0.59603261947631836      -0.47635555267333984     
 -0.10396623611450195       0.64230966567993164     
 -0.69949531555175781      -0.41455745697021484     
  0.53520441055297852      -0.81797313690185547     
  0.33096790313720703       0.57873201370239258     
  0.75543117523193359       0.53273057937622070     
 -0.39548158645629883      -0.85316514968872070     
  0.86062431335449219       0.51608896255493164     
  -8.8349342346191406E-002 -0.88325738906860352     
 -0.90635824203491211       0.84090852737426758     
 -0.84695386886596680      -0.75110578536987305     
  0.16509819030761719       0.81119441986083984     
 -0.25065994262695312      -0.83840990066528320     
  0.84733629226684570      -0.81499290466308594     
  0.41977787017822266      -0.78792476654052734     
 -0.64888906478881836       0.12894153594970703     
 -0.87944030761718750      -0.74691009521484375     
  0.68666458129882812       0.77723455429077148     
  0.98478364944458008      -0.74107885360717773     
  0.69058942794799805       0.73864173889160156     
  0.35395717620849609       0.96370220184326172     
  0.95015287399291992      -0.77325916290283203     
 -0.16566944122314453      -0.40046930313110352     
 -0.68733835220336914       -9.3820571899414062E-002
 -0.83877611160278320       0.69181871414184570     
 -0.60074520111083984      -0.72218179702758789     
  0.29681587219238281       0.59121417999267578     
  0.53930234909057617        5.9461116790771484E-002
 -0.63537406921386719      -0.72948980331420898     
 -0.53235197067260742       0.76581668853759766     
 -0.91187429428100586       0.13621854782104492     
 -0.57200908660888672       0.24337816238403320     
  0.46464252471923828      -0.75191736221313477     
  0.52630376815795898      -0.40914440155029297     
 -0.48870038986206055       0.41889047622680664     
  0.30018091201782227      -0.85814952850341797     
 -0.91564989089965820       0.67820072174072266     
  0.52495908737182617       0.99058628082275391     
  0.78817653656005859       0.88514566421508789     
  0.64502429962158203       0.92823743820190430     
  0.89031696319580078      -0.43639850616455078     
 -0.54885911941528320      -0.67491912841796875     
  0.63502502441406250       0.86796140670776367     
 -0.16792726516723633      -0.34945392608642578     
  0.73017024993896484       -2.7609825134277344E-002
  -3.4754753112792969E-002 -0.12051439285278320     
  0.52111768722534180       0.42595148086547852     
  0.96805238723754883        6.2216281890869141E-002
 -0.32549524307250977      -0.59100055694580078     
 -0.94407224655151367       0.98042917251586914     
   7.4651718139648438E-002  0.67519140243530273     
  -5.0729751586914062E-002 -0.60855722427368164     
  -1.4597415924072266E-002  0.66422748565673828     
 -0.32085657119750977      -0.62899875640869141     
  0.41870212554931641      -0.87158060073852539     
 -0.65139913558959961       -6.2154293060302734E-002
 -0.62616348266601562        7.7722072601318359E-002
  0.27697992324829102      -0.79525852203369141     
   9.6799373626708984E-002  0.90781641006469727     
 -0.32292890548706055       0.53738117218017578     
 -0.23184108734130859      -0.55081701278686523     
  0.42413568496704102       0.45203685760498047     
 -0.61059093475341797      -0.19421482086181641     
 -0.16258716583251953      -0.59694862365722656     
 -0.91383981704711914      -0.90567922592163086     
  0.24943828582763672       0.31297349929809570     
  0.14947891235351562       0.29700374603271484     
 -0.25576066970825195      -0.56891298294067383     
  0.28682422637939453       0.66057395935058594     
  0.27298069000244141       -7.0376396179199219E-003
 -0.27555942535400391       0.67434024810791016     
 -0.36216926574707031      -0.97563600540161133     
  0.49234104156494141       0.77729034423828125     
  -8.0998420715332031E-002  0.66161632537841797     
 -0.21331071853637695       0.88758897781372070     
 -0.28644752502441406      -0.31614398956298828     
  0.57190132141113281       -4.9736022949218750E-002
   8.7702751159667969E-002   2.1132946014404297E-002
 -0.81135272979736328      -0.40031957626342773     
 -0.16734170913696289      -0.50449180603027344     
 -0.99229335784912109       0.53049659729003906     
   5.6494712829589844E-002 -0.49169445037841797     
   9.8701477050781250E-002  0.88366889953613281     
 -0.16957521438598633       -4.4360637664794922E-002
  0.43155241012573242      -0.89068031311035156     
  0.33751201629638672       0.57054138183593750     
 -0.90692949295043945      -0.75792980194091797     
 -0.52412891387939453       0.96695995330810547     
 -0.29680252075195312      -0.35354328155517578     
   2.4747848510742188E-004  0.16296291351318359     
  0.92257976531982422      -0.19504499435424805     
 -0.11507797241210938      -0.11491203308105469     
  0.67559528350830078       0.73703336715698242     
 -0.67412710189819336       -5.2289485931396484E-002
 -0.82825565338134766      -0.49245214462280273     
 -0.64045190811157227       -6.7923069000244141E-002
  0.42417097091674805      -0.95439529418945312     
 -0.52166223526000977       0.42463111877441406     
  0.78071832656860352      -0.46412897109985352     
 -0.61123037338256836      -0.94789648056030273     
  0.70729494094848633      -0.48901510238647461     
 -0.87190723419189453      -0.13843536376953125     
 -0.67927026748657227      -0.49513292312622070     
  0.30483102798461914      -0.70210075378417969     
 -0.20495605468750000      -0.69545030593872070     
 -0.42972087860107422      -0.31587553024291992     
 -0.91319131851196289       -4.3611526489257812E-003
  0.70839166641235352       -5.6162357330322266E-002
   8.3634376525878906E-002 -0.34907388687133789     
 -0.88096141815185547      -0.31116628646850586     
  0.23549127578735352       -9.2921733856201172E-002
  0.26896524429321289       0.50268983840942383     
  0.71142816543579102       0.98107862472534180     
  0.99229574203491211      -0.47802877426147461     
 -0.22716331481933594        6.9773674011230469E-002
  0.69178199768066406       0.78788995742797852     
   7.1959972381591797E-002 -0.56853246688842773     
  0.67750883102416992       0.89378452301025391     
 -0.15633821487426758       0.42738580703735352     
 -0.92571258544921875      -0.45039033889770508     
  0.29555749893188477      -0.56015920639038086     
 -0.59310197830200195      -0.26098632812500000     
 -0.39160776138305664       0.25555944442749023     
 -0.81222009658813477      -0.97898292541503906     
  0.23934125900268555       0.61432552337646484     
  0.97066450119018555       -3.4200191497802734E-002
 -0.79534816741943359       0.58491659164428711     
  0.70097875595092773      -0.64786005020141602     
 -0.57780361175537109       0.85876989364624023     
 -0.64851331710815430       0.43926477432250977     
  0.72376155853271484       0.26832246780395508     
 -0.29846668243408203      -0.32691240310668945     
 -0.41287231445312500       0.86252880096435547     
  0.52315330505371094       0.63770341873168945     
 -0.11097478866577148       0.85376167297363281     
 -0.82321214675903320       0.27565765380859375     
  0.98132801055908203      -0.81874942779541016     
 -0.71845436096191406       0.94306707382202148     
  0.13178396224975586       0.89686584472656250     
 -0.37305641174316406        4.4163703918457031E-002
  0.26706504821777344       0.56858301162719727     
  0.18063640594482422       -3.8390636444091797E-002
  0.76870584487915039      -0.35772085189819336     
 -0.21223974227905273       0.88725233078002930     
   5.2520751953125000E-002  0.71863412857055664     
   8.5408687591552734E-002 -0.53236007690429688     
  0.62739992141723633       0.71080493927001953     
  0.50049018859863281      -0.25824260711669922     
 -0.27798271179199219       -4.7526836395263672E-002
 -0.78299999237060547       0.12492132186889648     
 -0.44537830352783203       0.53274202346801758     
 -0.19885158538818359       -9.7775459289550781E-002
  0.68873929977416992      -0.35799646377563477     
 -0.84427642822265625       0.24733972549438477     
 -0.95742034912109375       0.63805532455444336     
 -0.20405387878417969       0.47321176528930664     
 -0.72870683670043945       0.62812614440917969     
  0.92269563674926758      -0.24870491027832031     
   1.7455101013183594E-002 -0.62733554840087891     
  0.37690353393554688       0.62130546569824219     
  0.28592061996459961      -0.52668333053588867     
   3.8182258605957031E-002 -0.26928472518920898     
  0.13583993911743164      -0.93627214431762695     
   8.1740379333496094E-002 -0.18247079849243164     
 -0.78349542617797852      -0.20134973526000977     
  -7.8201293945312500E-002 -0.32380294799804688     
 -0.14930152893066406       0.69028949737548828     
 -0.29665660858154297        9.7972869873046875E-002
  0.63392972946166992       0.46287679672241211     
 -0.42739677429199219       0.74886751174926758     
  0.22252893447875977        4.6581745147705078E-002
  0.90177774429321289       0.18460512161254883     
  0.65921163558959961      -0.62854099273681641     
  0.11729812622070312      -0.56936645507812500     
  0.65830564498901367       0.14771509170532227     
  0.65333080291748047       0.53637409210205078     
  0.84279012680053711       0.77624225616455078     
  0.30951404571533203        7.5383186340332031E-003
  0.69964361190795898       0.91775846481323242     
  0.77403068542480469      -0.86456584930419922     
 -0.75547361373901367       0.76001596450805664     
 -0.41135787963867188       0.31140851974487305     
 -0.15574645996093750       0.37419986724853516     
 -0.81540107727050781      -0.44462108612060547     
 -0.74037599563598633       0.50148820877075195     
  0.51933288574218750       0.43536710739135742     
 -0.78380966186523438       0.51240777969360352     
   3.8175582885742188E-002 -0.38262605667114258     
 -0.79440784454345703       0.38745212554931641     
  -8.9469909667968750E-002  0.28239679336547852     
  0.24956846237182617       0.49851846694946289     
  0.60296916961669922       0.10564804077148438     
 -0.37182092666625977       0.81320333480834961     
 -0.48455667495727539        5.7830333709716797E-002
  -3.9374828338623047E-002  0.23147821426391602     
  0.45440340042114258      -0.83651256561279297     
  0.73739624023437500      -0.57887268066406250     
  0.89249420166015625       0.15272283554077148     
  0.81679105758666992      -0.18828296661376953     
 -0.46401882171630859      -0.75827503204345703     
 -0.32425117492675781       0.31216716766357422     
  0.59891891479492188        3.3688068389892578E-002
  0.20060110092163086      -0.49002456665039062     
  0.15750360488891602      -0.83671617507934570     
 -0.68144369125366211       0.97990608215332031     
 -0.71403217315673828      -0.73630619049072266     
  0.90786886215209961       0.55659866333007812     
  0.75401258468627930       0.69426727294921875     
  0.55100870132446289       0.80627584457397461     
 -0.91460371017456055       0.26337957382202148     
  0.62266683578491211      -0.83249902725219727     
  0.19069719314575195      -0.95037174224853516     
 -0.89378643035888672       0.13503456115722656     
 -0.47324562072753906       0.16802549362182617     
   4.7307014465332031E-003 -0.48797845840454102     
  0.55325365066528320       0.53765630722045898     
  0.39122629165649414      -0.65320968627929688     
 -0.48962259292602539       0.91956472396850586     
 -0.87238216400146484      -0.12701416015625000     
 -0.71961069107055664      -0.49323558807373047     
  0.19027328491210938       -7.3275566101074219E-002
  0.46061992645263672      -0.35838031768798828     
  0.70328903198242188       0.18098068237304688     
 -0.25409364700317383      -0.54590892791748047     
  0.91259622573852539        9.9616050720214844E-003
 -0.56845569610595703       -2.9966354370117188E-002
  0.35949659347534180        6.2622070312500000E-002
  0.49667263031005859      -0.41645431518554688     
  0.65923166275024414      -0.28607463836669922     
  -5.2168369293212891E-002 -0.79167795181274414     
  0.27077817916870117       0.97649002075195312     
 -0.13059377670288086      -0.88530969619750977     
  0.60507059097290039      -0.57163095474243164     
  0.60125446319580078      -0.70855474472045898     
 -0.67874717712402344       0.29937362670898438     
 -0.41955709457397461       0.50966024398803711     
 -0.13441371917724609       0.91476440429687500     
  0.44587421417236328      -0.18654584884643555     
  0.72688293457031250       0.72547054290771484     
  0.98494625091552734       -4.6830177307128906E-003
 -0.70023965835571289      -0.92771673202514648     
 -0.13121747970581055       0.63505649566650391     
 -0.59785747528076172      -0.18773555755615234     
  0.73620700836181641      -0.56372547149658203     
 -0.53258752822875977       0.80554866790771484     
  0.86272096633911133      -0.24649715423583984     
 -0.87716484069824219      -0.50302791595458984     
 -0.38698673248291016       -8.0435752868652344E-002
  0.11773300170898438       0.74075984954833984     
  -4.9132823944091797E-002  0.23164749145507812     
 -0.69474744796752930      -0.61872816085815430     
 -0.95673036575317383       0.23548221588134766     
 -0.24807167053222656       0.66385316848754883     
 -0.61721754074096680       0.43121337890625000     
 -0.59663581848144531       0.34538602828979492     
  0.90949916839599609       -4.1310310363769531E-002
 -0.30217552185058594      -0.66018676757812500     
  0.24270582199096680      -0.83820009231567383     
  0.37444591522216797      -0.68001031875610352     
 -0.92966842651367188      -0.93297100067138672     
 -0.43800449371337891       0.46544361114501953     
  0.71774911880493164      -0.78495883941650391     
 -0.80211687088012695       0.82464838027954102     
 -0.13395404815673828       0.63532114028930664     
 -0.15687799453735352      -0.64830684661865234     
  -9.0977191925048828E-002  0.94983291625976562     
 -0.15692472457885742       0.56832027435302734     
 -0.23434352874755859      -0.60928726196289062     
 -0.28322935104370117      -0.23554086685180664     
 -0.73513984680175781       0.50689744949340820     
 -0.56819963455200195       0.27001333236694336     
  0.11413383483886719       0.24995326995849609     
  0.96945428848266602      -0.37534046173095703     
 -0.34669733047485352      -0.93894481658935547     
 -0.84169721603393555      -0.40179061889648438     
 -0.88894796371459961      -0.54509162902832031     
  0.65138053894042969      -0.24291801452636719     
 -0.71681880950927734       0.42681837081909180     
 -0.45912265777587891      -0.47165632247924805     
  0.87411737442016602      -0.70695686340332031     
  0.17626476287841797       0.48871898651123047     
  -9.7242832183837891E-002 -0.36016416549682617     
  0.72568082809448242       0.51877117156982422     
  0.98972177505493164       0.25968027114868164     
  0.44905042648315430      -0.80604314804077148     
  0.83854103088378906      -0.63638734817504883     
  0.24014282226562500        8.3741664886474609E-002
 -0.54980707168579102      -0.60654258728027344     
 -0.15880393981933594       0.98352050781250000     
   2.9424667358398438E-002  0.54798364639282227     
  -3.4131526947021484E-002  0.35210704803466797     
 -0.13381242752075195      -0.98031282424926758     
 -0.11741828918457031       0.55794239044189453     
 -0.65908575057983398       0.75084829330444336     
 -0.48913669586181641      -0.91299295425415039     
 -0.66743183135986328       0.47512245178222656     
 -0.61493825912475586       0.74038267135620117     
 -0.38205862045288086       0.74731349945068359     
  0.10184907913208008      -0.21517753601074219     
 -0.48436498641967773      -0.72099256515502930     
  0.28346920013427734       0.26998710632324219     
 -0.32429933547973633      -0.49693822860717773     
  -4.0694713592529297E-002   4.4269084930419922E-002
   3.2662868499755859E-002  0.96743726730346680     
 -0.28109741210937500      -0.40322923660278320     
  0.92639684677124023       -4.1121959686279297E-002
  0.86499977111816406        5.1918983459472656E-002
  0.60449171066284180      -0.30281352996826172     
  0.62008190155029297      -0.27648687362670898     
 -0.91437864303588867        4.0651321411132812E-002
 -0.76849031448364258       -1.3426780700683594E-002
  0.33846759796142578       0.63248968124389648     
  0.25414800643920898      -0.53366374969482422     
  0.72051572799682617      -0.29044008255004883     
  0.57587003707885742       0.65368890762329102     
  0.55457019805908203       0.66651153564453125     
   6.7218780517578125E-002 -0.25044155120849609     
  0.83348751068115234       0.43139934539794922     
  0.53402137756347656      -0.69782733917236328     
 -0.38314819335937500       0.43256092071533203     
   5.1530838012695312E-002   7.9772949218750000E-002
  0.74781608581542969       0.55265331268310547     
  0.44693040847778320      -0.43593358993530273     
 -0.72964334487915039       0.88768529891967773     
 -0.66604471206665039      -0.20633554458618164     
  0.12022972106933594       0.70817756652832031     
  0.34760522842407227       0.20690727233886719     
 -0.50583314895629883       0.46611976623535156     
   7.7708721160888672E-002   5.1455020904541016E-002
  0.81183862686157227       0.57383489608764648     
  0.44561529159545898      -0.54364204406738281     
 -0.99053192138671875       0.13049793243408203     
 -0.71649837493896484      -0.18109512329101562     
  0.34154748916625977       0.39354419708251953     
  0.30360794067382812       0.73999929428100586     
 -0.82688570022583008       0.53568458557128906     
 -0.74645042419433594       0.40878677368164062     
  0.48203945159912109      -0.35591316223144531     
  0.17108726501464844      -0.53160095214843750     
 -0.61139202117919922       0.33588361740112305     
 -0.79745817184448242      -0.87213611602783203     
   1.3307571411132812E-002 -0.33585166931152344     
 -0.65447759628295898       0.20036363601684570     
 -0.48380517959594727       0.68728971481323242     
 -0.72142124176025391      -0.92646408081054688     
  0.92418909072875977       0.85110282897949219     
  0.49012899398803711      -0.39941978454589844     
  0.95929288864135742       0.83859968185424805     
  0.35112810134887695      -0.58482503890991211     
  0.85208559036254883      -0.99346160888671875     
  0.89793968200683594      -0.32659149169921875     
  0.97910499572753906      -0.17832994461059570     
  0.80987930297851562      -0.35390758514404297     
 -0.12275934219360352       0.78518247604370117     
  0.56512880325317383       0.12234401702880859     
  0.24012899398803711      -0.14809083938598633     
 -0.96216773986816406       0.85260343551635742     
 -0.29301214218139648      -0.64758634567260742     
   2.0407676696777344E-002  0.99236202239990234     
  0.63522529602050781       0.23397350311279297     
  0.39322423934936523       0.92114734649658203     
 -0.26919126510620117      -0.29754018783569336     
 -0.75414371490478516      -0.88970518112182617     
  0.73173666000366211       0.29995203018188477     
 -0.70310401916503906       0.93671560287475586     
 -0.61569786071777344       -2.9152393341064453E-002
   3.6655902862548828E-002   8.1198692321777344E-002
  0.71200227737426758       0.62919187545776367     
  0.83138513565063477      -0.90498638153076172     
 -0.10403203964233398      -0.46296167373657227     
 -0.99208831787109375       -2.0579338073730469E-002
  0.12897348403930664      -0.33830928802490234     
   3.8837909698486328E-002  0.74985170364379883     
  0.76465606689453125      -0.42288732528686523     
  0.53498220443725586      -0.55055618286132812     
  0.80289554595947266       0.26604938507080078     
 -0.50008630752563477      -0.94920492172241211     
  0.71353816986083984       0.44029140472412109     
  -1.5603542327880859E-002 -0.24296808242797852     
  0.43694686889648438      -0.22806215286254883     
  0.95980978012084961      -0.47582101821899414     
  0.88380479812622070       0.11206197738647461     
 -0.56990766525268555      -0.43765735626220703     
  0.29957962036132812      -0.96423053741455078     
  0.18004989624023438       0.10412502288818359     
   3.0708312988281250E-002  0.11565732955932617     
 -0.14370059967041016       0.83085250854492188     
  0.14023828506469727       0.98953008651733398     
 -0.96051073074340820       0.69996786117553711     
  0.36171865463256836      -0.59283924102783203     
  0.15271043777465820       0.60709142684936523     
 -0.61177825927734375      -0.15302181243896484     
  0.17009019851684570       0.71038961410522461     
 -0.48027133941650391        8.5472106933593750E-002
  0.53246450424194336      -0.86729669570922852     
 -0.65147876739501953       0.60283899307250977     
  -7.8989028930664062E-002  0.43307256698608398     
  0.65477657318115234       0.83491849899291992     
  0.47671365737915039       0.13127183914184570     
  0.29139709472656250      -0.48493385314941406     
 -0.27664518356323242       0.43180894851684570     
 -0.58177900314331055        4.5228004455566406E-002
  0.14793968200683594       0.42700242996215820     
  0.63783407211303711        8.3414077758789062E-002
  -5.5047512054443359E-002  0.81944608688354492     
  0.43424701690673828       0.39042234420776367     
 -0.16625022888183594      -0.16078138351440430     
 -0.25215864181518555       -2.4762153625488281E-002
 -0.17019891738891602      -0.52656173706054688     
   8.4229946136474609E-002 -0.34533023834228516     
   3.5221099853515625E-002  -3.2283306121826172E-002
 -0.57938289642333984       0.31761074066162109     
   9.0521812438964844E-002 -0.59841871261596680     
  0.38117647171020508       0.43998289108276367     
  0.79881668090820312      -0.28756046295166016     
  0.97377777099609375       0.28482818603515625     
 -0.89082050323486328       -1.5579700469970703E-002
  0.15608263015747070      -0.71431112289428711     
  0.57610559463500977       0.61273622512817383     
  0.26008033752441406      -0.82520246505737305     
  0.82295370101928711      -0.61572408676147461     
 -0.47251653671264648       0.42095756530761719     
 -0.96030378341674805       0.18202877044677734     
 -0.63480758666992188       0.79347991943359375     
   1.7505168914794922E-002  0.20975732803344727     
 -0.60435247421264648       0.65535688400268555     
  0.58673095703125000      -0.80850410461425781     
 -0.52516651153564453      -0.47122383117675781     
  0.14822673797607422      -0.75129652023315430     
  0.96450471878051758       0.43273353576660156     
  0.95282840728759766       0.19013977050781250     
 -0.31440353393554688      -0.17424154281616211     
 -0.47602319717407227      -0.51388835906982422     
 -0.91405582427978516      -0.53085374832153320     
  -5.4029464721679688E-002  -7.2267055511474609E-002
 -0.59162807464599609       0.51263427734375000     
 -0.15086793899536133       0.36485671997070312     
  0.14997100830078125       0.56539058685302734     
  0.52358102798461914      -0.16933059692382812     
   6.0898780822753906E-002 -0.47397899627685547     
 -0.16376543045043945      -0.40498828887939453     
 -0.63721179962158203       0.38258552551269531     
  0.11914825439453125       0.53218650817871094     
  0.46227025985717773      -0.61577987670898438     
  0.59318733215332031      -0.29711532592773438     
  0.38754320144653320      -0.55341958999633789     
  0.67792463302612305      -0.11626577377319336     
  -7.4689388275146484E-002  0.69758701324462891     
  0.34931182861328125       0.88682508468627930     
  0.87572431564331055       0.30383110046386719     
  0.49374532699584961       0.37936592102050781     
   5.1584243774414062E-003  0.69902372360229492     
  0.49333238601684570      -0.56134033203125000     
 -0.44072723388671875       0.69750928878784180     
 -0.95506238937377930       0.27290201187133789     
  0.67030620574951172      -0.16175556182861328     
 -0.62511110305786133      -0.23446416854858398     
 -0.63875865936279297       0.38985157012939453     
  0.23714971542358398      -0.21814918518066406     
 -0.43097019195556641       0.68727493286132812     
 -0.96350669860839844       0.34667301177978516     
  0.54036283493041992      -0.11477756500244141     
  0.93394136428833008       0.75502872467041016     
 -0.22477579116821289       0.19517755508422852     
  0.35470294952392578      -0.50548219680786133     
  0.36582469940185547       0.41931772232055664     
 -0.52214622497558594       0.28888559341430664     
 -0.69619035720825195      -0.86471033096313477     
  0.81713104248046875      -0.47420358657836914     
   6.4331531524658203E-002 -0.77890872955322266     
  0.88896656036376953       0.86880540847778320     
   1.4612197875976562E-002 -0.40974617004394531     
 -0.59642505645751953      -0.10834503173828125     
 -0.95101261138916016       0.33107185363769531     
  0.32830142974853516      -0.23510503768920898     
  0.59129667282104492       -7.5790405273437500E-002
  0.19722414016723633       0.74880933761596680     
 -0.75404548645019531       0.76137733459472656     
  0.46967458724975586      -0.17885637283325195     
  -3.6672592163085938E-002 -0.35581111907958984     
 -0.10991334915161133       0.69126272201538086     
   5.2785396575927734E-002 -0.83184051513671875     
 -0.73589849472045898      -0.23853254318237305     
  0.98690223693847656       0.86829090118408203     
 -0.63330698013305664        1.7414093017578125E-002
  0.67949867248535156       0.33808326721191406     
  0.16912937164306641       0.56103658676147461     
 -0.65536642074584961      -0.73903274536132812     
 -0.91685342788696289       0.44559621810913086     
 -0.86034393310546875       0.20133304595947266     
 -0.19446992874145508      -0.45273637771606445     
  0.85987615585327148       -6.0886383056640625E-002
  0.68610477447509766      -0.63602495193481445     
  0.33164072036743164      -0.10961294174194336     
 -0.25938320159912109       0.55063724517822266     
  0.56509113311767578      -0.51298475265502930     
  0.26556301116943359      -0.67693614959716797     
  0.73742294311523438      -0.12619543075561523     
 -0.96183967590332031       0.36455869674682617     
 -0.85957860946655273      -0.93127059936523438     
  0.13531827926635742       0.30232667922973633     
 -0.78902769088745117       0.81628084182739258     
 -0.76397991180419922      -0.20615005493164062     
 -0.75643825531005859       0.54559421539306641     
 -0.19162368774414062      -0.61574506759643555     
 -0.82226133346557617       0.26028108596801758     
  0.54905796051025391        2.4933815002441406E-002
 -0.93711280822753906       -5.4638862609863281E-002
 -0.31230449676513672      -0.89670991897583008     
  0.99786376953125000      -0.90077686309814453     
  0.64589214324951172      -0.48733901977539062     
 -0.70455360412597656       0.57030105590820312     
 -0.94532012939453125        6.4640045166015625E-003
  0.64082908630371094       0.41618776321411133     
  0.87422752380371094      -0.85577011108398438     
 -0.92762994766235352      -0.67321157455444336     
 -0.66423892974853516       0.14003562927246094     
 -0.42005872726440430        7.5933456420898438E-002
  0.21893215179443359      -0.40285444259643555     
 -0.77088689804077148      -0.29265022277832031     
 -0.56814098358154297      -0.74114084243774414     
 -0.34941005706787109      -0.52879810333251953     
  0.49632263183593750      -0.30042791366577148     
  0.70857667922973633      -0.94577550888061523     
  0.35754966735839844      -0.65950584411621094     
 -0.31093168258666992       0.17539501190185547     
 -0.12884140014648438       0.56663274765014648     
 -0.59979820251464844      -0.80251693725585938     
  0.10090494155883789       -8.9277267456054688E-002
 -0.47545146942138672      -0.90631532669067383     
 -0.44070911407470703      -0.99338006973266602     
  0.26141834259033203      -0.33929252624511719     
 -0.48408365249633789        1.3052940368652344E-002
 -0.61308765411376953      -0.16030216217041016     
 -0.19790124893188477      -0.11930370330810547     
  0.86776781082153320       0.57990312576293945     
  0.43806076049804688       0.49458503723144531     
  0.49657058715820312      -0.13258886337280273     
 -0.42080116271972656      -0.39870405197143555     
  0.98150396347045898       0.13957118988037109     
 -0.22376298904418945      -0.77877521514892578     
 -0.87024974822998047      -0.28399562835693359     
  0.88562059402465820       0.62682533264160156     
 -0.94314670562744141       0.53421115875244141     
  0.48714494705200195      -0.55411195755004883     
 -0.95915079116821289      -0.44268274307250977     
 -0.16189336776733398      -0.93547058105468750     
 -0.45260000228881836      -0.84108114242553711     
  -4.6392440795898438E-002  0.28313112258911133     
  0.59212827682495117       -9.5766067504882812E-002
  0.46512603759765625      -0.62110233306884766     
 -0.86559438705444336       -3.9916038513183594E-002
 -0.86664485931396484       0.30183839797973633     
  0.99885702133178711      -0.20636415481567383     
 -0.36129522323608398      -0.28577566146850586     
  0.97455215454101562      -0.70110940933227539     
  0.45711803436279297       0.78322172164916992     
 -0.38934850692749023       0.22088527679443359     
  0.42117309570312500       0.65871906280517578     
 -0.90320444107055664      -0.15535020828247070     
 -0.96441698074340820      -0.95317411422729492     
   2.9439926147460938E-003 -0.51519012451171875     
 -0.79545736312866211       0.75493955612182617     
  0.27227926254272461       0.20449399948120117     
  0.93104982376098633       0.15778398513793945     
 -0.12337923049926758       0.37301206588745117     
 -0.78206586837768555      -0.17588281631469727     
  -6.0781478881835938E-002  0.45032453536987305     
  0.61217832565307617       0.88336992263793945     
  0.80312538146972656       0.13127422332763672     
  0.33041954040527344      -0.63752222061157227     
 -0.82850837707519531      -0.73863315582275391     
 -0.20433330535888672      -0.22426891326904297     
  0.71239614486694336      -0.75351905822753906     
 -0.39028644561767578       0.46219348907470703     
   8.6310863494873047E-002  0.62947702407836914     
 -0.37253761291503906       0.76696538925170898     
  0.39346218109130859       0.92438220977783203     
   9.8670482635498047E-002  0.35839462280273438     
 -0.45976400375366211       0.74883460998535156     
 -0.33070135116577148       -9.6586704254150391E-002
  0.67276239395141602      -0.87592029571533203     
  0.40873336791992188      -0.41550397872924805     
  0.62746715545654297      -0.15847253799438477     
  0.55396986007690430       0.57628679275512695     
 -0.34152269363403320        3.1865119934082031E-002
 -0.43559598922729492       0.94289350509643555     
 -0.78654384613037109       0.56027173995971680     
  0.49198198318481445       0.74837160110473633     
 -0.11149024963378906       0.19134855270385742     
  -4.0359497070312500E-003  0.17052459716796875     
   7.7118873596191406E-003 -0.38353109359741211     
  -9.0265274047851562E-004  0.83276987075805664     
  0.37040090560913086      -0.66822814941406250     
 -0.90291309356689453       0.74074840545654297     
 -0.23953247070312500       0.18033742904663086     
  0.93897390365600586      -0.65913724899291992     
 -0.11808204650878906      -0.60360288619995117     
 -0.74949502944946289      -0.75697898864746094     
 -0.54017877578735352      -0.77755928039550781     
 -0.43517684936523438       -1.6113281250000000E-002
 -0.81544113159179688       0.88838434219360352     
 -0.91683292388916016       0.79350948333740234     
  0.52049016952514648      -0.11967420578002930     
  0.63849449157714844      -0.81796455383300781     
  0.47154474258422852      -0.73951721191406250     
  0.93822813034057617       0.80639982223510742     
 -0.83036327362060547        9.1739654541015625E-002
 -0.12397909164428711       0.28413343429565430     
 -0.56630754470825195        7.0539474487304688E-002
 -0.44204235076904297       0.59778356552124023     
  0.95259284973144531       0.23314332962036133     
  0.44298696517944336      -0.71393299102783203     
  0.93457698822021484      -0.56358909606933594     
 -0.24074506759643555      -0.19472265243530273     
 -0.69714879989624023      -0.97646522521972656     
  0.54957008361816406       0.62925958633422852     
  -2.9752731323242188E-002  -5.2206993103027344E-002
  0.56003236770629883       0.46963548660278320     
 -0.83476877212524414        4.4378280639648438E-002
 -0.12665319442749023      -0.66016960144042969     
  0.53462934494018555      -0.47870254516601562     
  0.45296382904052734       0.96991062164306641     
 -0.71171283721923828       0.24467897415161133     
  0.32618045806884766       0.11938285827636719     
  0.47368669509887695      -0.73994064331054688     
 -0.17462635040283203      -0.94467353820800781     
  0.87345600128173828       0.17504358291625977     
  -3.7890911102294922E-002 -0.83109569549560547     
 -0.21895122528076172        9.2178344726562500E-002
 -0.75315189361572266      -0.21621990203857422     
  -7.4963569641113281E-003   1.2884140014648438E-002
  0.54554891586303711      -0.95428752899169922     
 -0.71012401580810547       0.95030164718627930     
 -0.27777433395385742      -0.55269336700439453     
  0.89014434814453125       0.65912628173828125     
  -6.3568115234375000E-002 -0.38846063613891602     
 -0.85003376007080078      -0.51258373260498047     
 -0.98740243911743164       0.73484420776367188     
  0.52963399887084961      -0.43396568298339844     
  0.34586095809936523       0.88950014114379883     
 -0.16638612747192383      -0.44750595092773438     
  0.77382612228393555      -0.29901170730590820     
  0.51695537567138672       0.47647666931152344     
  0.15124988555908203        6.4614772796630859E-002
  -1.5482902526855469E-002 -0.21473312377929688     
  0.98089551925659180       -8.6394309997558594E-002
  -2.3901939392089844E-002  0.28482341766357422     
 -0.96722126007080078       -8.7467670440673828E-002
  -6.3072681427001953E-002  -5.6899070739746094E-002
 -0.29766607284545898      -0.86684083938598633     
 -0.98946332931518555        9.7431182861328125E-002
 -0.46856021881103516       0.91222572326660156     
 -0.21979665756225586      -0.12166643142700195     
 -0.84401226043701172       0.68908596038818359     
 -0.52728891372680664      -0.13980770111083984     
  0.25721740722656250      -0.93993663787841797     
  0.49206495285034180       0.14143419265747070     
 -0.91135168075561523       0.91627788543701172     
 -0.11515426635742188       0.60771465301513672     
 -0.13295841217041016      -0.63002347946166992     
 -0.79675912857055664       0.87582349777221680     
  -3.2893180847167969E-002 -0.83244323730468750     
 -0.86635065078735352      -0.75150489807128906     
 -0.54214715957641602       0.13752889633178711     
 -0.54541301727294922      -0.75336933135986328     
  0.12827062606811523      -0.15143108367919922     
  0.90141439437866211        7.6530933380126953E-002
  0.25553083419799805       0.70896244049072266     
 -0.46086120605468750       0.30572938919067383     
  0.39925432205200195       0.27108001708984375     
   4.2780399322509766E-002 -0.98496818542480469     
 -0.35846138000488281      -0.65313053131103516     
  0.84076642990112305       0.76509571075439453     
  0.96512699127197266       0.89161157608032227     
 -0.68245744705200195       -5.9070110321044922E-002
 -0.78950548171997070       0.78221559524536133     
  0.69805526733398438       0.21761465072631836     
 -0.54556274414062500       0.73123598098754883     
 -0.11683845520019531       0.29801559448242188     
  0.74901437759399414       0.68642663955688477     
  0.77304506301879883       0.56931114196777344     
  0.41913700103759766       0.44089365005493164     
  0.10249900817871094       0.70337438583374023     
 -0.37920236587524414       0.75279140472412109     
  0.16521549224853516       0.77736616134643555     
 -0.80137157440185547      -0.64694690704345703     
  0.76807880401611328      -0.89854097366333008     
  0.22240400314331055       -5.1260948181152344E-002
  0.46074151992797852      -0.31079864501953125     
  0.40864944458007812       0.17900514602661133     
  0.54532098770141602      -0.78465366363525391     
  0.32867860794067383       0.10472345352172852     
   9.1959953308105469E-002 -0.42849302291870117     
  0.32309007644653320       0.17714786529541016     
 -0.67556858062744141      -0.27681207656860352     
 -0.37777948379516602       0.66765546798706055     
 -0.70938682556152344      -0.66291952133178711     
  0.31644392013549805       0.47953414916992188     
 -0.46336078643798828       0.30024385452270508     
  0.20271492004394531      -0.96846675872802734     
  0.97962427139282227       0.55034112930297852     
 -0.41038227081298828       0.70588302612304688     
 -0.21712636947631836       0.75739574432373047     
 -0.44395160675048828       0.51236200332641602     
 -0.72979497909545898       0.34037446975708008     
  0.67774629592895508       0.88460683822631836     
 -0.40740823745727539       0.69327926635742188     
  -5.0442218780517578E-002  0.21931076049804688     
  -3.6149978637695312E-002  0.43054103851318359     
  0.10332345962524414       0.56227779388427734     
  0.20989036560058594      -0.36508703231811523     
  -1.5775203704833984E-002  0.87030696868896484     
 -0.75005865097045898      -0.22873258590698242     
 -0.30674982070922852       0.45972871780395508     
  0.66376447677612305      -0.10645008087158203     
  0.89473390579223633      -0.19976425170898438     
  0.56368303298950195      -0.17150449752807617     
 -0.47112178802490234      -0.13992738723754883     
  0.24602842330932617      -0.99458217620849609     
   5.8788776397705078E-002   6.5133094787597656E-002
  0.69504690170288086      -0.33958816528320312     
  0.54754924774169922       0.66823291778564453     
  0.99385499954223633      -0.27165031433105469     
  0.37337589263916016      -0.66580533981323242     
 -0.18367576599121094       0.96488189697265625     
  0.77652215957641602      -0.98838758468627930     
  0.17373037338256836      -0.11157083511352539     
  0.83431863784790039       0.39580202102661133     
  0.25249814987182617      -0.25596284866333008     
   3.9639472961425781E-002  0.22786140441894531     
 -0.32732439041137695       0.65941381454467773     
  0.76937103271484375       0.82647371292114258     
  0.54852819442749023      -0.88311815261840820     
 -0.56295537948608398       0.41158533096313477     
 -0.47896099090576172       0.10599517822265625     
 -0.53760671615600586       0.44660139083862305     
   3.6505222320556641E-002 -0.44942617416381836     
  0.49435758590698242       0.67068147659301758     
  0.14582824707031250       0.93986511230468750     
  0.31890535354614258      -0.15143632888793945     
  0.81717157363891602       0.20377922058105469     
  0.91984272003173828      -0.20105743408203125     
  0.83259487152099609      -0.57095193862915039     
   1.1005401611328125E-002  0.97126770019531250     
   9.6268177032470703E-002  -1.9300460815429688E-002
 -0.37482309341430664       0.34904050827026367     
  0.32978105545043945       0.63089799880981445     
 -0.49591255187988281      -0.80126953125000000     
 -0.93442773818969727      -0.92234659194946289     
  0.12442970275878906      -0.70762920379638672     
  0.87902593612670898      -0.20386123657226562     
 -0.29014635086059570      -0.48719358444213867     
 -0.25724792480468750       0.43665361404418945     
  0.83893013000488281       -9.7283840179443359E-002
  0.95596790313720703       0.95375251770019531     
 -0.27428245544433594       0.14119434356689453     
 -0.94152498245239258      -0.20465087890625000     
  0.43539190292358398      -0.36041879653930664     
  0.44367074966430664       0.77489566802978516     
 -0.32778930664062500       0.84760141372680664     
 -0.35848617553710938       0.93017816543579102     
 -0.49414968490600586       0.82653141021728516     
 -0.48519706726074219      -0.70164299011230469     
 -0.50745582580566406      -0.80852651596069336     
 -0.90476131439208984      -0.31702423095703125     
 -0.22111034393310547      -0.19999504089355469     
  0.68795585632324219       0.47427797317504883     
 -0.80514717102050781      -0.10635757446289062     
  0.45132064819335938      -0.64908075332641602     
  0.90621471405029297       0.75323390960693359     
 -0.39527273178100586       0.65264129638671875     
  0.94974756240844727       0.40895557403564453     
 -0.67905426025390625      -0.86479330062866211     
 -0.57676076889038086       0.38265275955200195     
 -0.75476217269897461       0.71529579162597656     
  -2.1550655364990234E-002 -0.20019817352294922     
 -0.72562503814697266       0.42645025253295898     
 -0.64489698410034180      -0.78249788284301758     
  0.56198215484619141      -0.76362609863281250     
 -0.26177215576171875       0.40286588668823242     
  0.96717166900634766      -0.73962354660034180     
 -0.85037899017333984      -0.31355094909667969     
  0.15172386169433594        2.5190830230712891E-002
 -0.61734867095947266       0.22752666473388672     
   4.5280933380126953E-002 -0.95639514923095703     
 -0.12544679641723633      -0.37788295745849609     
  0.92181158065795898       0.89313650131225586     
  0.94664764404296875       0.31421566009521484     
 -0.97364950180053711      -0.12697315216064453     
  -3.6384105682373047E-002  0.49259376525878906     
 -0.97630977630615234      -0.83405876159667969     
  -2.5088787078857422E-002  0.34066772460937500     
 -0.39580488204956055      -0.28696632385253906     
  0.96354341506958008       0.27452087402343750     
 -0.12304306030273438        2.0410537719726562E-002
 -0.95567083358764648        4.6138286590576172E-002
 -0.54668712615966797      -0.16989994049072266     
  0.49560403823852539      -0.38019418716430664     
   7.8711509704589844E-002  0.90757608413696289     
 -0.36157035827636719      -0.90743446350097656     
  0.75374650955200195       0.22160673141479492     
  0.54661369323730469       0.94311618804931641     
  0.95610427856445312      -0.75406026840209961     
  0.51310920715332031      -0.17204093933105469     
  0.50911283493041992       0.66384220123291016     
 -0.79811620712280273        6.6778182983398438E-002
  0.34194707870483398      -0.89376306533813477     
  0.52757358551025391       0.93605661392211914     
  0.30856513977050781        6.0747623443603516E-002
  0.98558139801025391       0.67020320892333984     
  0.10742712020874023      -0.47003412246704102     
  0.13732147216796875       -3.2733440399169922E-002
 -0.15023660659790039       0.97517490386962891     
 -0.22911453247070312      -0.72083520889282227     
  0.92853164672851562      -0.16682958602905273     
   9.5232009887695312E-002  0.57084751129150391     
  0.23699855804443359      -0.75744628906250000     
 -0.39248466491699219      -0.48193216323852539     
  0.16659021377563477      -0.11457395553588867     
  0.35652208328247070        7.1312904357910156E-002
  0.56109428405761719       0.31896972656250000     
  0.92636442184448242      -0.58787202835083008     
 -0.36488008499145508      -0.53588962554931641     
 -0.69372463226318359       0.57798099517822266     
  0.13132524490356445      -0.81337594985961914     
 -0.40349912643432617       0.39373970031738281     
 -0.41420078277587891       0.53143978118896484     
  -8.9284896850585938E-002 -0.60658979415893555     
 -0.95349359512329102       0.63651227951049805     
 -0.13499069213867188      -0.78641176223754883     
  0.78058147430419922      -0.76367282867431641     
  0.95585727691650391      -0.90366363525390625     
  0.12553310394287109      -0.15871143341064453     
  0.53996610641479492      -0.78757143020629883     
 -0.71038055419921875       0.63490438461303711     
  0.83814573287963867       0.71749114990234375     
  0.87660264968872070      -0.93344497680664062     
 -0.40723609924316406      -0.41348409652709961     
  0.57600259780883789       0.88360929489135742     
  0.82731914520263672       0.75733280181884766     
  0.49740695953369141       -7.8089237213134766E-002
 -0.43930721282958984       0.57162952423095703     
 -0.61538934707641602      -0.84869098663330078     
   5.5534839630126953E-002 -0.62151241302490234     
  0.24192571640014648        5.0048828125000000E-002
 -0.82816362380981445      -0.94444322586059570     
  0.74481630325317383       0.13117551803588867     
  0.66836452484130859      -0.79143905639648438     
  0.29163837432861328      -0.43254947662353516     
  0.14852666854858398       0.28916692733764648     
   3.5429000854492188E-002 -0.53798151016235352     
  0.14919185638427734      -0.52934598922729492     
 -0.71587753295898438       0.25220680236816406     
  0.84077024459838867       0.82614135742187500     
  0.95987462997436523       0.61312437057495117     
  0.78857135772705078      -0.47461843490600586     
 -0.90785217285156250      -0.26977825164794922     
 -0.15715312957763672       0.72958040237426758     
   5.9025764465332031E-002   4.7440052032470703E-002
 -0.66913652420043945      -0.17228507995605469     
  0.41147613525390625      -0.31282043457031250     
  0.43455266952514648      -0.46549272537231445     
  0.46498966217041016      -0.91703033447265625     
 -0.52804851531982422      -0.90602445602416992     
  0.44795417785644531       0.77060556411743164     
 -0.43012571334838867       0.87911224365234375     
 -0.75690650939941406       0.67920112609863281     
 -0.66401529312133789      -0.10355758666992188     
 -0.49095916748046875       0.45121669769287109     
 -0.39454889297485352       0.82255172729492188     
  0.63185644149780273      -0.38229513168334961     
  0.77228498458862305      -0.20382404327392578     
  0.33046913146972656       0.19633054733276367     
 -0.26640844345092773       0.47481489181518555     
  0.21532249450683594       0.92827367782592773     
 -0.50005578994750977      -0.43192911148071289     
  0.57210779190063477      -0.58154344558715820     
   6.2160491943359375E-003  0.47482109069824219     
  0.32540798187255859      -0.86119842529296875     
 -0.15559387207031250       0.94082641601562500     
  0.47606897354125977      -0.70162820816040039     
 -0.26421260833740234      -0.61407136917114258     
 -0.69134712219238281       0.52907609939575195     
  0.18462848663330078      -0.94848394393920898     
  0.83462762832641602      -0.41032171249389648     
 -0.27285385131835938       0.14884805679321289     
 -0.30411100387573242       0.81176328659057617     
 -0.69082832336425781      -0.74557113647460938     
 -0.80765581130981445      -0.26534986495971680     
  0.27260446548461914      -0.33141708374023438     
 -0.12062883377075195       0.59194898605346680     
  0.88732528686523438      -0.72144746780395508     
  0.63929796218872070       0.68155193328857422     
  0.84540605545043945       0.74620914459228516     
 -0.45682001113891602       0.22779846191406250     
  0.61511373519897461       0.22117757797241211     
 -0.66660642623901367       0.35144710540771484     
  0.77727127075195312      -0.40004825592041016     
  0.39214468002319336       0.78012466430664062     
 -0.44368886947631836       0.92435216903686523     
 -0.40633392333984375       0.75107669830322266     
 -0.64878416061401367      -0.10957765579223633     
  0.33053731918334961      -0.65704345703125000     
 -0.92814350128173828       0.69935894012451172     
  0.12885046005249023      -0.40930747985839844     
  0.77241468429565430       -1.9296646118164062E-002
 -0.31595325469970703      -0.22371673583984375     
  -6.9856643676757812E-003  0.59719038009643555     
  0.97924709320068359       0.20973014831542969     
  0.93517541885375977      -0.50194644927978516     
 -0.20800590515136719        5.2333831787109375E-002
 -0.41834688186645508       0.84608936309814453     
  0.23118686676025391      -0.43577814102172852     
 -0.11882925033569336       0.84150791168212891     
 -0.77540302276611328      -0.19152688980102539     
 -0.99150705337524414      -0.25893688201904297     
   5.5217742919921875E-002   4.5536994934082031E-002
 -0.65921735763549805       0.53866243362426758     
 -0.69725751876831055      -0.80215406417846680     
  0.20357894897460938      -0.44667005538940430     
  0.81937265396118164      -0.79674720764160156     
 -0.92519903182983398       0.18383264541625977     
 -0.32273149490356445      -0.14539670944213867     
  0.32273864746093750       0.27620601654052734     
  0.19985151290893555       0.91114854812622070     
 -0.32154703140258789      -0.23954296112060547     
   5.3868293762207031E-003  0.54325771331787109     
  0.53949022293090820      -0.78313112258911133     
  -8.2427978515625000E-002  0.63685369491577148     
 -0.39232969284057617       0.11794042587280273     
  0.23058462142944336      -0.56017303466796875     
 -0.82155370712280273       0.15097808837890625     
 -0.51096248626708984       0.25820827484130859     
 -0.28787994384765625      -0.39763164520263672     
 -0.99300575256347656       0.55323982238769531     
  0.30857849121093750       0.28016757965087891     
  0.77900981903076172       0.82101631164550781     
  0.82252550125122070       0.19223356246948242     
  0.87706947326660156       0.91012668609619141     
  0.50096559524536133      -0.27079105377197266     
  0.82091617584228516      -0.85659074783325195     
 -0.71406126022338867       0.77761363983154297     
 -0.64107704162597656      -0.57875251770019531     
  0.91161918640136719      -0.41331434249877930     
 -0.56613588333129883       0.95925235748291016     
  0.15556144714355469       0.52220582962036133     
  0.71628570556640625       0.62047195434570312     
  0.27866077423095703      -0.54608821868896484     
  -9.8427295684814453E-002 -0.26019477844238281     
  0.90714693069458008       0.42207908630371094     
 -0.11421871185302734       0.33278465270996094     
 -0.88443422317504883      -0.68124532699584961     
  0.31160736083984375      -0.81454420089721680     
  -3.9436817169189453E-002 -0.81367111206054688     
  0.63509941101074219       0.11755084991455078     
 -0.31852102279663086       0.61870908737182617     
  0.64483356475830078      -0.27941560745239258     
 -0.13522911071777344      -0.78891086578369141     
  0.77727174758911133      -0.39270734786987305     
 -0.22540998458862305      -0.46208333969116211     
 -0.22986507415771484       0.66002082824707031     
  0.97738313674926758       0.87892675399780273     
  0.12632036209106445      -0.92954921722412109     
 -0.92752647399902344      -0.93209505081176758     
  0.28441381454467773       0.14485359191894531     
  0.55748987197875977      -0.26229381561279297     
 -0.36880397796630859      -0.48117446899414062     
  0.90494537353515625      -0.57983636856079102     
  0.69103336334228516       0.19903421401977539     
 -0.82794857025146484       0.66982078552246094     
 -0.31539249420166016      -0.79740285873413086     
   5.1187515258789062E-002  0.31540155410766602     
  0.95763969421386719      -0.94651365280151367     
  -5.2035331726074219E-002 -0.55483913421630859     
  0.82293224334716797      -0.97758436203002930     
 -0.25368881225585938       0.25328063964843750     
  0.89219665527343750      -0.84395980834960938     
 -0.43174648284912109      -0.36139535903930664     
   2.8455734252929688E-002  0.26113700866699219     
  0.93491077423095703      -0.94669818878173828     
  0.85135221481323242       0.67775297164916992     
  0.99873113632202148      -0.32338142395019531     
  0.93008756637573242       -1.4218807220458984E-002
 -0.96883296966552734       0.82670497894287109     
  0.43513441085815430      -0.69137525558471680     
   6.2468051910400391E-002  -9.8300933837890625E-002
 -0.13779306411743164       0.11376237869262695     
   6.9837570190429688E-003 -0.61954259872436523     
 -0.65117073059082031      -0.21853065490722656     
 -0.83995294570922852       0.91871595382690430     
  0.86056900024414062      -0.41175842285156250     
 -0.41928482055664062      -0.91662502288818359     
  0.28590154647827148      -0.84615564346313477     
  0.66566991806030273       -7.8536510467529297E-002
   3.7454605102539062E-002 -0.49490308761596680     
  0.16775465011596680      -0.54370450973510742     
  -4.1237831115722656E-002  0.91936397552490234     
 -0.24221372604370117      -0.87860584259033203     
 -0.72560930252075195       0.68486118316650391     
  0.46979188919067383      -0.20596981048583984     
  0.27203798294067383       0.14501857757568359     
 -0.66735792160034180      -0.27799606323242188     
 -0.27760648727416992       0.26910448074340820     
  0.83965921401977539       0.15804338455200195     
  0.24149656295776367       0.83898878097534180     
  0.88459682464599609      -0.57620716094970703     
 -0.31373548507690430      -0.94603157043457031     
   5.3265571594238281E-002 -0.75992631912231445     
  -8.1190109252929688E-002 -0.55495882034301758     
  0.80806446075439453      -0.85499048233032227     
  0.17853307723999023       0.61141729354858398     
   9.7993850708007812E-002  0.98935651779174805     
  0.11998748779296875       0.63270568847656250     
 -0.11404132843017578      -0.68615150451660156     
 -0.14093065261840820      -0.61402130126953125     
  0.14685678482055664       0.22618627548217773     
 -0.48536443710327148       0.48064517974853516     
  0.20575428009033203       0.11853408813476562     
  0.20554256439208984       0.56002473831176758     
  0.34095430374145508       0.42091846466064453     
  0.38167095184326172       0.74787759780883789     
 -0.41908693313598633       0.40768766403198242     
   1.3717651367187500E-002  0.55928945541381836     
  -2.1594524383544922E-002 -0.93230819702148438     
  0.70352125167846680        8.2190990447998047E-002
 -0.61283779144287109        3.9045810699462891E-002
  0.24385595321655273       0.49479484558105469     
   1.7153263092041016E-002  0.29987812042236328     
   5.4913997650146484E-002  0.94203948974609375     
  0.86451244354248047      -0.13588762283325195     
  0.13821649551391602      -0.98999786376953125     
 -0.89223384857177734       0.22954273223876953     
  -7.3849678039550781E-002  0.80997085571289062     
 -0.81571292877197266       0.31412220001220703     
 -0.54479312896728516      -0.33794307708740234     
  0.19518518447875977       0.47861003875732422     
   7.7962875366210938E-004 -0.89071416854858398     
 -0.23179340362548828       0.24875640869140625     
  0.85072374343872070       0.11417388916015625     
  0.92148733139038086      -0.56217193603515625     
 -0.41627502441406250      -0.33077764511108398     
  0.62109422683715820       0.73232650756835938     
  0.21445894241333008       0.41921806335449219     
 -0.19628524780273438      -0.95937633514404297     
 -0.23066091537475586      -0.71443033218383789     
  0.57737636566162109       -3.3751010894775391E-002
  0.75047683715820312      -0.73049402236938477     
  0.59479427337646484       0.71143436431884766     
 -0.91478347778320312      -0.76589488983154297     
 -0.39361190795898438       0.57149219512939453     
 -0.92936515808105469       0.16271543502807617     
  0.76355361938476562      -0.95411777496337891     
  0.14944362640380859      -0.29881763458251953     
 -0.22757244110107422      -0.80209159851074219     
 -0.74771881103515625      -0.90921020507812500     
  0.91012573242187500       0.48633003234863281     
 -0.24645471572875977      -0.16103649139404297     
 -0.53233718872070312      -0.98879528045654297     
 -0.67606449127197266      -0.61450958251953125     
  -5.5772781372070312E-002  0.62734031677246094     
 -0.28902959823608398       0.28497934341430664     
 -0.34936380386352539       0.25036382675170898     
 -0.12764072418212891       0.74302816390991211     
   8.1110477447509766E-002 -0.77068758010864258     
 -0.94169616699218750       0.91430616378784180     
  0.74482107162475586       0.20837450027465820     
  0.15710687637329102       0.49945926666259766     
  0.41653966903686523       0.78348064422607422     
  -3.8059711456298828E-002  0.33726119995117188     
  0.35699653625488281        4.1765689849853516E-002
  -4.0082454681396484E-002  0.33514642715454102     
  0.80721664428710938       0.89438056945800781     
 -0.13993167877197266       0.17170953750610352     
  -7.7418327331542969E-002  0.83064889907836914     
  0.72348022460937500      -0.46263933181762695     
  0.42397880554199219      -0.18812608718872070     
  0.16888141632080078       0.39518547058105469     
 -0.11539030075073242       0.63764810562133789     
  0.95632553100585938       0.96939754486083984     
  0.66812038421630859      -0.89516401290893555     
  0.97857666015625000       0.93917894363403320     
  0.78645277023315430       -8.0700874328613281E-002
 -0.33808517456054688      -0.19431495666503906     
  0.15036058425903320      -0.88256072998046875     
  0.80290746688842773       0.47188329696655273     
  0.94374179840087891      -0.52923154830932617     
 -0.78799200057983398       0.21863555908203125     
  0.61099720001220703      -0.96956157684326172     
  0.57900047302246094      -0.73258876800537109     
 -0.61702728271484375      -0.37118291854858398     
 -0.46560955047607422       0.50066471099853516     
  0.67659902572631836      -0.39665555953979492     
 -0.58533573150634766       0.26457071304321289     
  0.64234733581542969       -6.4260482788085938E-002
  -1.8445014953613281E-002  -3.2143592834472656E-003
  -2.1365165710449219E-002  0.91655969619750977     
  0.62004947662353516      -0.82124948501586914     
 -0.73366022109985352      -0.62340545654296875     
  0.43042707443237305       0.19024562835693359     
 -0.53465557098388672        4.4933319091796875E-002
 -0.80333471298217773       0.36071157455444336     
  0.48680067062377930      -0.33604574203491211     
   7.9875946044921875E-002  0.47980737686157227     
  0.12824487686157227      -0.58405733108520508     
 -0.24443864822387695      -0.27446937561035156     
  0.99353837966918945       0.40161275863647461     
  -8.6763381958007812E-002 -0.22656583786010742     
  0.11543512344360352       0.12435817718505859     
   8.8878631591796875E-002 -0.21280765533447266     
 -0.65667629241943359      -0.75553274154663086     
 -0.23635911941528320      -0.48716640472412109     
  0.19783973693847656      -0.90404176712036133     
 -0.22279500961303711      -0.50941276550292969     
  0.30528879165649414       0.99251937866210938     
 -0.72393846511840820       0.76675081253051758     
  0.78588151931762695       0.31786203384399414     
  0.31419420242309570       0.66278409957885742     
 -0.58338356018066406      -0.92602157592773438     
  0.35936498641967773      -0.14555644989013672     
 -0.36410045623779297       0.56430959701538086     
  0.35911035537719727      -0.43104171752929688     
 -0.51075410842895508      -0.24196434020996094     
 -0.69362735748291016       0.21276855468750000     
   7.5879096984863281E-003 -0.46246528625488281     
 -0.64664268493652344      -0.12017536163330078     
  0.21855783462524414      -0.69503641128540039     
  0.53050422668457031       0.18525409698486328     
 -0.43200349807739258      -0.68253755569458008     
  0.59563970565795898       0.91701459884643555     
  0.27217245101928711       0.40957880020141602     
 -0.20835876464843750       0.12198114395141602     
  0.13806533813476562       0.46924972534179688     
  0.68022346496582031       0.51774501800537109     
 -0.25267744064331055      -0.74598264694213867     
  0.27403736114501953      -0.25008583068847656     
  0.81352233886718750       0.87686634063720703     
 -0.50655317306518555       0.36417341232299805     
  0.66975164413452148       0.51932382583618164     
  0.27824497222900391       0.46355533599853516     
  0.97995901107788086       0.17812681198120117     
 -0.21768426895141602      -0.61903285980224609     
  -8.0263137817382812E-002 -0.97752571105957031     
  0.72775316238403320      -0.64501047134399414     
 -0.68918943405151367       0.79988336563110352     
 -0.35464048385620117      -0.44151163101196289     
 -0.48258161544799805      -0.74563837051391602     
   6.2795639038085938E-002 -0.58816099166870117     
  0.77887344360351562       0.52964305877685547     
 -0.28493595123291016      -0.91157722473144531     
 -0.87395477294921875      -0.55057382583618164     
  0.50622892379760742       0.19465208053588867     
 -0.47542953491210938      -0.54110574722290039     
 -0.36136293411254883       0.57337474822998047     
  0.71117448806762695       0.71107435226440430     
 -0.97261285781860352      -0.69697570800781250     
  -6.9939613342285156E-002  0.52717971801757812     
  0.31139516830444336      -0.37835979461669922     
  0.91335391998291016       0.74681425094604492     
 -0.28897333145141602      -0.77167701721191406     
  0.42639255523681641       0.38226938247680664     
  0.80736017227172852      -0.69077730178833008     
  0.10767555236816406      -0.29491662979125977     
 -0.66191339492797852      -0.77271270751953125     
 -0.98165988922119141      -0.75221729278564453     
 -0.50990247726440430        7.6487541198730469E-002
 -0.46869039535522461       0.72819900512695312     
  0.84504413604736328       0.65712165832519531     
  0.25017309188842773       0.66381359100341797     
  0.72217464447021484      -0.41040849685668945     
  0.26932811737060547       0.60505056381225586     
 -0.90747642517089844        5.1690101623535156E-002
  0.75585889816284180      -0.27320814132690430     
  0.19168186187744141      -0.39616060256958008     
 -0.26891040802001953       0.42285633087158203     
  0.94739675521850586       0.90432357788085938     
  0.97230482101440430      -0.46847534179687500     
  0.34053802490234375      -0.57346057891845703     
 -0.15036582946777344       0.80506372451782227     
  0.70991373062133789      -0.47578382492065430     
 -0.49734830856323242      -0.93195390701293945     
  0.65412855148315430       -5.4425716400146484E-002
 -0.72942399978637695       0.57655048370361328     
   9.1943264007568359E-002 -0.70498275756835938     
 -0.64388942718505859       0.15232515335083008     
  0.13257074356079102       0.12222433090209961     
  0.23208618164062500       0.67545413970947266     
  0.35789537429809570      -0.84634494781494141     
 -0.51418352127075195       0.11814069747924805     
 -0.40495300292968750       -4.3503761291503906E-002
  0.83919429779052734       0.33889007568359375     
 -0.26880598068237305       0.18490076065063477     
 -0.37190485000610352      -0.60222673416137695     
  0.38030624389648438      -0.18710994720458984     
 -0.75033378601074219      -0.85447692871093750     
  0.80971908569335938       0.95646667480468750     
 -0.66210842132568359       -5.1053524017333984E-002
  -5.6508541107177734E-002  0.26800060272216797     
  0.28823709487915039       0.40501165390014648     
 -0.96849584579467773       0.49118041992187500     
 -0.72301673889160156       0.26145935058593750     
  0.35115003585815430      -0.22041368484497070     
 -0.48542308807373047      -0.49844932556152344     
  0.56538200378417969       0.38151693344116211     
  0.15673875808715820       0.31308984756469727     
  0.10882616043090820      -0.95465898513793945     
 -0.95213890075683594      -0.59108543395996094     
 -0.36975526809692383      -0.46921014785766602     
  -1.3260841369628906E-002 -0.86744022369384766     
  0.93823432922363281       0.91022443771362305     
  0.14993429183959961       -4.8056125640869141E-002
  0.32867097854614258       -2.5695323944091797E-002
  0.14625835418701172       0.16441822052001953     
 -0.62270832061767578       0.14390325546264648     
  0.58855056762695312      -0.22829675674438477     
 -0.97942113876342773       0.87234878540039062     
 -0.43180513381958008       0.65846109390258789     
  0.76202011108398438      -0.72699356079101562     
 -0.57301044464111328      -0.58444261550903320     
 -0.72130680084228516       0.99819660186767578     
  0.69704914093017578      -0.68806314468383789     
 -0.26942825317382812      -0.28039503097534180     
 -0.59760522842407227        5.0619125366210938E-002
  0.76230049133300781       -1.2701511383056641E-002
  0.52905559539794922      -0.16256523132324219     
 -0.22784137725830078       0.67132425308227539     
  0.95252609252929688      -0.89304018020629883     
  0.68142414093017578       0.70262479782104492     
 -0.98480653762817383       0.36201620101928711     
  0.40817928314208984       0.27318286895751953     
 -0.61444711685180664       0.98792028427124023     
  -1.9384384155273438E-002  0.21431732177734375     
   3.1971931457519531E-002 -0.64165115356445312     
 -0.22838401794433594      -0.44580125808715820     
 -0.57378911972045898       0.33260726928710938     
  0.13514375686645508      -0.63865041732788086     
  0.20401954650878906       0.95951700210571289     
  0.60674619674682617      -0.41309022903442383     
 -0.80155849456787109       0.21380233764648438     
 -0.61719894409179688       0.73946237564086914     
  0.15068817138671875       0.61660623550415039     
 -0.69640493392944336      -0.47089767456054688     
 -0.37566280364990234       0.23906755447387695     
   8.4443092346191406E-003  -6.9959640502929688E-002
  0.18884563446044922       -6.7186355590820312E-002
  0.80356168746948242      -0.53184890747070312     
 -0.78085899353027344       0.10540151596069336     
 -0.51043605804443359      -0.89531755447387695     
  0.39864540100097656        3.3468723297119141E-002
  0.51441287994384766      -0.26208925247192383     
 -0.92682933807373047       0.78574848175048828     
   8.0804347991943359E-002   7.8982353210449219E-002
 -0.54009103775024414       0.69750785827636719     
 -0.98209428787231445       -5.8618068695068359E-002
  0.80952310562133789      -0.33931159973144531     
 -0.80314874649047852      -0.51949405670166016     
  0.86913728713989258      -0.40888071060180664     
  -5.2635669708251953E-002 -0.64741182327270508     
  0.95285415649414062       0.62312602996826172     
  0.88218784332275391       0.93460321426391602     
 -0.11612462997436523       0.30075454711914062     
  0.78396844863891602       0.16549396514892578     
 -0.54243373870849609      -0.67791080474853516     
  0.35814714431762695      -0.61843061447143555     
   4.0500164031982422E-002  0.69166517257690430     
  0.81741380691528320       0.27688789367675781     
 -0.34292268753051758       0.49919366836547852     
  -4.4647693634033203E-002 -0.38651657104492188     
 -0.18381738662719727       0.58906221389770508     
  0.37632656097412109       0.92637491226196289     
 -0.41221714019775391      -0.13076305389404297     
  0.26996183395385742      -0.75016355514526367     
   5.8574676513671875E-003  0.45130300521850586     
 -0.94400930404663086        3.6206245422363281E-002
  0.52227210998535156      -0.16684436798095703     
 -0.14793300628662109      -0.30823040008544922     
 -0.42036199569702148       0.98295497894287109     
  0.52944898605346680       0.45614862442016602     
  0.49036455154418945      -0.44132709503173828     
  0.61719274520874023      -0.83696413040161133     
 -0.84845304489135742        5.2289485931396484E-002
  0.83306074142456055      -0.74334621429443359     
  0.58211898803710938      -0.32089662551879883     
  0.69491243362426758      -0.60466432571411133     
 -0.59294366836547852       0.39830446243286133     
  0.30727434158325195       0.36556673049926758     
   8.1505775451660156E-002 -0.13045167922973633     
 -0.49457311630249023      -0.28370952606201172     
 -0.30264949798583984      -0.62564659118652344     
  0.76499176025390625      -0.77818107604980469     
 -0.88762187957763672      -0.25676584243774414     
  0.54134416580200195       0.37389516830444336     
   6.1378955841064453E-002 -0.39611721038818359     
  0.45966196060180664      -0.46136999130249023     
 -0.24194908142089844      -0.43759536743164062     
 -0.66002988815307617       0.88009834289550781     
 -0.18204927444458008       0.30076217651367188     
  0.91064643859863281      -0.76386737823486328     
 -0.31468868255615234      -0.96687555313110352     
 -0.27134799957275391      -0.54504060745239258     
 -0.49534177780151367       0.79597234725952148     
  -9.0961456298828125E-002 -0.78389835357666016     
 -0.97829675674438477      -0.22740793228149414     
  -3.9555549621582031E-002 -0.80233573913574219     
 -0.85379219055175781       0.31639194488525391     
 -0.39974260330200195      -0.47078323364257812     
 -0.44649410247802734      -0.22230672836303711     
 -0.30205583572387695      -0.64704132080078125     
 -0.81820106506347656       0.49640703201293945     
 -0.88671970367431641       0.90540027618408203     
 -0.93400621414184570       0.16547966003417969     
 -0.78234291076660156      -0.83726835250854492     
   3.2600402832031250E-002  -7.9574584960937500E-002
  0.59360456466674805       0.71676731109619141     
  0.71174812316894531       0.35785675048828125     
  0.50505256652832031       0.42316150665283203     
   8.2669258117675781E-002 -0.57598638534545898     
 -0.59553670883178711       0.81558609008789062     
 -0.43663406372070312      -0.50335168838500977     
  0.17456340789794922      -0.11096334457397461     
 -0.95339679718017578       0.26788759231567383     
  0.39079666137695312       0.12057828903198242     
  0.56598043441772461       0.43589687347412109     
  0.12241077423095703      -0.64159250259399414     
  0.76030540466308594       0.45989942550659180     
 -0.46464681625366211       0.68647289276123047     
 -0.44528865814208984        3.7439823150634766E-002
 -0.74370336532592773       0.58146953582763672     
  0.76310253143310547      -0.52893161773681641     
  0.24888706207275391      -0.95474672317504883     
 -0.42695522308349609       0.16504144668579102     
 -0.14788007736206055       0.58262968063354492     
  0.26298713684082031        2.5569915771484375E-002
 -0.24333429336547852       0.28524875640869141     
  0.17662572860717773       0.55324745178222656     
  0.43018436431884766       0.11431980133056641     
 -0.62549400329589844      -0.67323398590087891     
  0.95986032485961914       0.38007116317749023     
 -0.14368391036987305      -0.88990259170532227     
 -0.59148073196411133       0.98742628097534180     
 -0.32380390167236328      -0.16500139236450195     
  0.82548666000366211       -4.0932655334472656E-002
   4.5808315277099609E-002  -9.7148418426513672E-002
 -0.76925086975097656      -0.79889678955078125     
  0.94624567031860352      -0.44606113433837891     
 -0.94736766815185547      -0.40338945388793945     
  0.23536252975463867      -0.25727272033691406     
   1.9805431365966797E-002  0.87325811386108398     
  0.85204553604125977       0.33264112472534180     
  0.70515346527099609      -0.47846460342407227     
  0.45084571838378906      -0.63407468795776367     
 -0.88981866836547852       0.82236862182617188     
 -0.44807004928588867      -0.71113872528076172     
 -0.10136938095092773       0.29245948791503906     
 -0.62600421905517578       0.74981641769409180     
  0.17168331146240234      -0.51494407653808594     
 -0.65785932540893555      -0.63645172119140625     
 -0.83961439132690430       0.60433816909790039     
 -0.88247871398925781       0.18665647506713867     
 -0.85794639587402344       0.49833774566650391     
 -0.43400669097900391      -0.34381437301635742     
 -0.48346662521362305       0.38141155242919922     
  0.38556861877441406       0.25933074951171875     
  0.57957077026367188       0.85128545761108398     
 -0.44010305404663086      -0.80662488937377930     
 -0.94276142120361328      -0.98555517196655273     
 -0.22427272796630859       0.65266513824462891     
 -0.64991807937622070       0.82989454269409180     
   4.4386386871337891E-002   6.7548751831054688E-003
 -0.46703290939331055       0.58295154571533203     
 -0.32855367660522461        3.2930374145507812E-003
 -0.65179967880249023      -0.78918504714965820     
  0.17264270782470703      -0.38728570938110352     
  0.89448738098144531      -0.34990024566650391     
 -0.76846218109130859       0.46066331863403320     
  0.37152242660522461       0.18048667907714844     
 -0.55546092987060547       0.37450981140136719     
  0.39218664169311523      -0.51576852798461914     
 -0.51504087448120117      -0.28723096847534180     
  0.51143455505371094      -0.31164216995239258     
  0.23337316513061523       0.30636453628540039     
 -0.92634487152099609       0.92340373992919922     
 -0.34706687927246094       0.84726238250732422     
  -5.7820320129394531E-002  0.21902084350585938     
 -0.91308927536010742      -0.28983831405639648     
  0.69164037704467773       0.40177106857299805     
  0.56803512573242188       0.96962594985961914     
  0.50798749923706055      -0.24709177017211914     
 -0.87098407745361328      -0.62929487228393555     
 -0.55832099914550781       0.30280542373657227     
 -0.74394273757934570       0.55945158004760742     
  0.70454931259155273      -0.63763952255249023     
 -0.80580949783325195       0.76534366607666016     
 -0.86656427383422852      -0.34549903869628906     
 -0.79906702041625977        8.3891868591308594E-002
  -2.4394512176513672E-002   6.9351196289062500E-003
  0.56656169891357422       0.20808935165405273     
 -0.63840675354003906       0.29822826385498047     
  0.32262849807739258       0.41894626617431641     
 -0.76957702636718750      -0.27665090560913086     
  0.33294630050659180      -0.16711854934692383     
 -0.76120233535766602       0.47947311401367188     
  0.51125955581665039       0.74539232254028320     
 -0.18417787551879883       0.52584886550903320     
  -5.2752494812011719E-002 -0.60641479492187500     
  -7.8206062316894531E-003  0.56613779067993164     
 -0.91503381729125977      -0.96705865859985352     
  0.64786434173583984       0.65695905685424805     
 -0.48558139801025391       0.84074163436889648     
  0.34816932678222656      -0.31592321395874023     
  0.28488731384277344       0.10771465301513672     
  0.36465835571289062       0.81672048568725586     
  0.62142038345336914       0.21685838699340820     
  0.73948287963867188       0.49448490142822266     
  0.80856370925903320      -0.46581125259399414     
 -0.88790273666381836      -0.97645759582519531     
  0.67820453643798828       0.58434534072875977     
 -0.90067720413208008       0.32136106491088867     
 -0.87765359878540039      -0.71717834472656250     
  0.39054346084594727      -0.13513517379760742     
  0.78907299041748047       -4.7731876373291016E-002
 -0.22522497177124023       0.64878892898559570     
  0.19939279556274414      -0.80288076400756836     
  -1.6279220581054688E-002  0.39705657958984375     
 -0.66254281997680664       0.64677143096923828     
  0.29332256317138672      -0.12092447280883789     
 -0.37515020370483398       0.85162687301635742     
 -0.70644235610961914       0.82927083969116211     
 -0.43887853622436523      -0.22970724105834961     
 -0.68400669097900391       -9.5757007598876953E-002
  0.61227750778198242       0.55239009857177734     
   2.5673389434814453E-002 -0.50013589859008789     
  0.22295284271240234      -0.82754039764404297     
 -0.46826887130737305      -0.19195795059204102     
 -0.23027276992797852      -0.18994617462158203     
 -0.41938686370849609      -0.63448190689086914     
  0.26755523681640625       0.80804395675659180     
  0.79631328582763672      -0.35607957839965820     
 -0.62810754776000977      -0.59998369216918945     
   7.7860832214355469E-002  0.61239957809448242     
  0.60687494277954102      -0.25263643264770508     
  -5.8217048645019531E-002 -0.44821596145629883     
  0.83441829681396484        6.9815635681152344E-002
 -0.60384464263916016      -0.81117725372314453     
  0.55095720291137695       -5.6659221649169922E-002
 -0.27112436294555664      -0.77944564819335938     
 -0.14087915420532227       0.25190401077270508     
 -0.24918746948242188       -8.9755535125732422E-002
 -0.51746845245361328       0.91332674026489258     
  0.28804826736450195      -0.77103853225708008     
 -0.84445333480834961      -0.72704076766967773     
  0.63234663009643555      -0.14222383499145508     
 -0.35209083557128906       0.41570186614990234     
  0.70836591720581055      -0.49008750915527344     
 -0.89749097824096680      -0.13055753707885742     
 -0.27887535095214844       0.94212293624877930     
  0.26236438751220703      -0.43462324142456055     
 -0.70639657974243164      -0.40723562240600586     
 -0.40149402618408203        9.1894149780273438E-002
  0.47096300125122070      -0.52067852020263672     
  0.95674037933349609       -5.7119846343994141E-002
  -5.7368278503417969E-003 -0.41856050491333008     
 -0.74627637863159180      -0.66587305068969727     
  0.67649173736572266      -0.19858312606811523     
  0.41739749908447266      -0.79360103607177734     
  -4.6726226806640625E-002  0.67253255844116211     
 -0.74358701705932617       0.53843736648559570     
 -0.47604751586914062      -0.92932748794555664     
  0.79707384109497070       0.42743349075317383     
 -0.12033224105834961      -0.42276334762573242     
  0.61684322357177734      -0.70968341827392578     
  0.35223102569580078       -4.6957969665527344E-002
  0.78166866302490234      -0.49188661575317383     
  0.86371898651123047       0.52816677093505859     
  0.90412759780883789      -0.32449054718017578     
  0.29057168960571289      -0.35659408569335938     
  0.72766780853271484       -8.6987972259521484E-002
  -5.0354003906250000E-004 -0.45830965042114258     
 -0.80684709548950195      -0.67393589019775391     
 -0.83682584762573242      -0.52799701690673828     
  -4.5828342437744141E-002 -0.23375082015991211     
 -0.64843225479125977      -0.19412612915039062     
 -0.67382383346557617      -0.95273685455322266     
 -0.64703083038330078      -0.64298439025878906     
 -0.63559246063232422      -0.39476633071899414     
 -0.83544635772705078       0.65890502929687500     
  0.22374296188354492       0.45252466201782227     
 -0.41398715972900391       0.12053442001342773     
 -0.17502021789550781       0.43811559677124023     
 -0.58949470520019531       0.36391687393188477     
  0.35826730728149414      -0.59586191177368164     
 -0.64891004562377930      -0.22492027282714844     
 -0.22899341583251953      -0.68594789505004883     
 -0.72040033340454102       0.23936223983764648     
  0.96413278579711914       0.18364334106445312     
  0.50128078460693359      -0.96905183792114258     
 -0.85063982009887695      -0.69922924041748047     
   5.8306217193603516E-002  -4.0418624877929688E-002
  0.69092512130737305       0.38516378402709961     
 -0.55187988281250000       0.55792760848999023     
 -0.90456771850585938       0.93658542633056641     
 -0.80567264556884766      -0.93303060531616211     
  0.55539941787719727       0.60128402709960938     
 -0.21637010574340820      -0.53032636642456055     
  0.80687618255615234      -0.83006048202514648     
 -0.82431316375732422      -0.22910356521606445     
 -0.54341125488281250       0.89018869400024414     
 -0.59417581558227539      -0.30627727508544922     
  0.40411949157714844        4.1752815246582031E-002
 -0.25599670410156250      -0.52935314178466797     
 -0.83241224288940430      -0.34545898437500000     
 -0.12247753143310547      -0.47432327270507812     
   5.5709362030029297E-002  0.31084012985229492     
  0.29423618316650391      -0.77025270462036133     
  0.36866474151611328       0.15300130844116211     
 -0.50308704376220703       0.61980009078979492     
  0.98502206802368164      -0.73128557205200195     
 -0.71288204193115234       0.59183645248413086     
  0.99714756011962891      -0.93881273269653320     
 -0.62448692321777344       0.25359058380126953     
   9.8829746246337891E-002 -0.96271753311157227     
 -0.39026069641113281       0.89456892013549805     
 -0.97704553604125977       0.80110740661621094     
  0.21265077590942383        2.5763511657714844E-002
 -0.98732995986938477       -4.8750400543212891E-002
  0.65881872177124023       0.76763153076171875     
 -0.41603517532348633      -0.29539203643798828     
 -0.65381050109863281      -0.58507537841796875     
  0.64358091354370117       0.66556930541992188     
  0.22561407089233398       -9.6631526947021484E-002
  -7.8537464141845703E-002   2.2569179534912109E-002
 -0.67977619171142578      -0.99356794357299805     
 -0.89625549316406250       0.63547658920288086     
  0.45899200439453125       0.27892637252807617     
  -7.9297542572021484E-002 -0.74737358093261719     
  0.89897346496582031      -0.95115947723388672     
 -0.13590955734252930      -0.22405052185058594     
  0.38886451721191406      -0.35138750076293945     
  0.23223590850830078      -0.80373525619506836     
 -0.37284612655639648      -0.41690826416015625     
 -0.97589206695556641       0.18317317962646484     
  0.59728956222534180       0.65102195739746094     
 -0.26642036437988281       0.27683877944946289     
  0.83543348312377930      -0.86395645141601562     
 -0.51379299163818359       0.68803358078002930     
 -0.21946954727172852      -0.62215518951416016     
 -0.55566215515136719       0.99293947219848633     
  0.33391237258911133        7.0249557495117188E-002
  0.68785858154296875       0.84143114089965820     
  -6.0038566589355469E-002  0.93285131454467773     
  0.43969678878784180       -8.8906288146972656E-003
  0.57533407211303711      -0.35322570800781250     
 -0.65661191940307617       0.32630634307861328     
  0.23209571838378906       0.83652067184448242     
 -0.59442472457885742      -0.48881387710571289     
  0.50553131103515625       0.46788644790649414     
 -0.22489833831787109       0.13469791412353516     
 -0.12493276596069336       0.25892210006713867     
 -0.28900718688964844       0.65765523910522461     
 -0.78296756744384766       0.66459608078002930     
 -0.12565898895263672        5.3339481353759766E-002
  0.47964525222778320      -0.60015249252319336     
 -0.76160860061645508      -0.34944105148315430     
  0.95113992691040039      -0.18969964981079102     
 -0.27408790588378906      -0.59268951416015625     
  0.67129850387573242       0.51961803436279297     
 -0.77425336837768555      -0.87136745452880859     
  0.92922735214233398      -0.47177648544311523     
  0.85358333587646484       0.18227815628051758     
 -0.44976615905761719       0.78416013717651367     
 -0.61492586135864258       0.94670152664184570     
 -0.78288745880126953        1.4817237854003906E-002
 -0.96337318420410156       0.59473514556884766     
 -0.28229522705078125      -0.53081989288330078     
  0.51513528823852539      -0.11816215515136719     
   4.9823284149169922E-002 -0.61517190933227539     
  0.81370544433593750       -4.7276973724365234E-002
 -0.57735967636108398       0.32306003570556641     
 -0.32460069656372070       0.43683338165283203     
 -0.13401794433593750      -0.43773698806762695     
  0.96006488800048828      -0.18282270431518555     
 -0.69326496124267578       0.29944562911987305     
  0.78695631027221680       0.37508058547973633     
  -1.7943859100341797E-002  0.41910171508789062     
 -0.15680646896362305       0.56161832809448242     
 -0.87508153915405273       0.51022291183471680     
 -0.68112993240356445       0.25215530395507812     
  -1.9974231719970703E-002  0.30020141601562500     
 -0.51346063613891602       0.27161550521850586     
 -0.95219898223876953       0.39406919479370117     
 -0.87474346160888672       0.18866062164306641     
  0.82413291931152344      -0.79511547088623047     
  0.50054311752319336       0.63484001159667969     
 -0.23790168762207031      -0.41300058364868164     
  0.70085430145263672      -0.74008321762084961     
 -0.57470798492431641       0.88798761367797852     
  0.41171932220458984      -0.22631263732910156     
  0.36448049545288086      -0.16893005371093750     
  0.79677295684814453      -0.63508462905883789     
  0.13525581359863281      -0.74784660339355469     
  0.94440793991088867       0.67172718048095703     
 -0.27328205108642578       0.95486545562744141     
  0.42410326004028320       -8.9187622070312500E-002
 -0.97479200363159180       0.67533445358276367     
  0.34618997573852539       0.41751527786254883     
 -0.81741142272949219      -0.22906923294067383     
   3.8807868957519531E-002  0.24932432174682617     
  0.39695310592651367      -0.40566301345825195     
   2.4445056915283203E-002  0.85354232788085938     
 -0.51290702819824219      -0.42533588409423828     
 -0.61418914794921875      -0.67154407501220703     
 -0.63592863082885742       -5.1572322845458984E-002
 -0.77026271820068359       0.19928646087646484     
 -0.58780956268310547       0.68653011322021484     
  0.51364517211914062       0.83647012710571289     
  0.55400371551513672      -0.85246658325195312     
  0.60163402557373047      -0.33566761016845703     
  0.43753337860107422      -0.37644767761230469     
 -0.95553398132324219       0.34680938720703125     
  0.82766628265380859       0.59303379058837891     
 -0.87701511383056641        7.9841613769531250E-003
  0.19696140289306641       0.33113718032836914     
 -0.57394075393676758      -0.21878910064697266     
  0.81620883941650391        2.6313781738281250E-002
  0.26101255416870117       0.84012079238891602     
  -8.7996959686279297E-002 -0.95797586441040039     
 -0.69925737380981445      -0.41450023651123047     
 -0.50127553939819336      -0.93779897689819336     
  0.41339397430419922       -8.6226463317871094E-002
  0.79556322097778320      -0.96392250061035156     
 -0.63868999481201172      -0.46014165878295898     
  0.39973974227905273       0.42789411544799805     
 -0.38058519363403320      -0.49485969543457031     
  0.89933252334594727      -0.91742038726806641     
  0.92185974121093750      -0.30090427398681641     
  0.70807075500488281       0.55029535293579102     
  0.81693553924560547       0.24313545227050781     
  0.38062381744384766      -0.85282850265502930     
  0.51223325729370117      -0.89018583297729492     
  0.64933538436889648      -0.61539268493652344     
 -0.89780902862548828       0.52437639236450195     
 -0.80051469802856445      -0.24630212783813477     
  0.40286684036254883       0.98398303985595703     
 -0.19645452499389648       0.18985319137573242     
  0.86693239212036133       0.53574991226196289     
  0.34952306747436523       0.43448734283447266     
  0.42893838882446289      -0.82603931427001953     
  0.76394557952880859      -0.36298418045043945     
 -0.67151594161987305      -0.16462469100952148     
 -0.84597015380859375      -0.21776008605957031     
  0.11023092269897461       0.65522718429565430     
  0.40873050689697266      -0.45956659317016602     
   6.9719791412353516E-002 -0.21643638610839844     
  0.35372734069824219      -0.90325975418090820     
  0.91825819015502930      -0.82932376861572266     
 -0.44395208358764648       0.50412845611572266     
  0.89245176315307617      -0.55642461776733398     
  0.17780733108520508       0.41347312927246094     
 -0.75247240066528320      -0.79765701293945312     
 -0.21612453460693359      -0.40050792694091797     
  0.66692352294921875       0.98635530471801758     
 -0.32270002365112305       0.38673400878906250     
 -0.15996980667114258      -0.60672712326049805     
  0.73962163925170898       0.82115459442138672     
 -0.84855031967163086       0.41800260543823242     
 -0.62478351593017578      -0.73551654815673828     
  0.17887115478515625       0.29012155532836914     
   7.5541496276855469E-002 -0.36733341217041016     
  0.23460912704467773      -0.91856956481933594     
 -0.39387035369873047       0.22874927520751953     
  0.59352302551269531      -0.65209579467773438     
  0.22645092010498047       -3.5416126251220703E-002
  0.76237869262695312      -0.69773054122924805     
 -0.75485658645629883      -0.86754035949707031     
 -0.74997615814208984      -0.84297990798950195     
   3.7094593048095703E-002 -0.55071306228637695     
  0.17342329025268555       0.72614049911499023     
  0.24618387222290039      -0.38592815399169922     
 -0.29181861877441406      -0.59129428863525391     
  0.12241935729980469      -0.49508285522460938     
 -0.85230016708374023      -0.60846900939941406     
 -0.53417730331420898        8.9157104492187500E-002
  0.47067928314208984       0.71265554428100586     
 -0.39620351791381836      -0.98981332778930664     
  0.21411466598510742       0.62995910644531250     
 -0.27662801742553711       0.71653223037719727     
  0.76295375823974609       0.96684932708740234     
 -0.16026067733764648       0.49909973144531250     
  0.37303304672241211      -0.43344783782958984     
 -0.95664787292480469      -0.37730979919433594     
  0.56180095672607422       0.19600152969360352     
  0.20136594772338867       0.35851001739501953     
 -0.51877737045288086       0.90952110290527344     
  0.32283496856689453      -0.11196899414062500     
  0.14424419403076172       0.31604385375976562     
 -0.24417781829833984       0.10746765136718750     
  0.21189308166503906      -0.71212196350097656     
 -0.62980031967163086       0.95305824279785156     
   5.0105094909667969E-002  0.12270879745483398     
  0.37066507339477539      -0.23095846176147461     
  0.28760337829589844      -0.24335861206054688     
 -0.12613677978515625        2.4329662322998047E-002
  0.91509151458740234       -5.5349826812744141E-002
 -0.26274776458740234        3.8356781005859375E-003
  0.47355937957763672      -0.88511705398559570     
 -0.15620565414428711       0.65893411636352539     
  0.70689630508422852       0.80633783340454102     
  0.12497329711914062       0.42777872085571289     
 -0.32238578796386719      -0.33547592163085938     
 -0.33715724945068359      -0.60165166854858398     
   4.2585372924804688E-002 -0.26462411880493164     
  0.46834182739257812      -0.57460689544677734     
  0.58568382263183594      -0.41127634048461914     
 -0.31982231140136719       0.75109767913818359     
 -0.29979038238525391      -0.57652902603149414     
  0.28306436538696289      -0.53036069869995117     
  0.22850751876831055       0.52739572525024414     
  -5.7623386383056641E-002 -0.47385311126708984     
  -4.2255878448486328E-002 -0.19368076324462891     
  0.80868625640869141      -0.40885353088378906     
  0.39972829818725586       0.23674297332763672     
  0.94047689437866211       0.60075092315673828     
  0.82851028442382812       0.77557325363159180     
 -0.93730735778808594       0.68138933181762695     
  0.11622619628906250      -0.58512067794799805     
 -0.12235450744628906      -0.41160535812377930     
  0.15515232086181641      -0.35044193267822266     
  0.12300586700439453      -0.63716030120849609     
 -0.74818658828735352      -0.76794910430908203     
 -0.91830921173095703       -1.9477367401123047E-002
  0.64467620849609375      -0.92374229431152344     
  0.66614007949829102      -0.18154239654541016     
  0.82259798049926758      -0.59028053283691406     
 -0.84153127670288086       0.38525772094726562     
 -0.96721220016479492        6.6195487976074219E-002
  0.54986000061035156      -0.50200319290161133     
  0.83902406692504883      -0.51490163803100586     
   5.5201053619384766E-002 -0.22857379913330078     
  0.36129093170166016       0.21785783767700195     
 -0.45947790145874023      -0.44187688827514648     
 -0.62296295166015625      -0.13730859756469727     
  0.26152944564819336      -0.47406530380249023     
  0.39081335067749023       0.40707063674926758     
 -0.36174678802490234       0.12432098388671875     
 -0.53086042404174805      -0.16409969329833984     
  -1.9719600677490234E-002  0.57512044906616211     
   5.7178974151611328E-002 -0.98929500579833984     
  0.92286014556884766       0.51448869705200195     
 -0.98798751831054688       0.89892959594726562     
  0.30978059768676758       0.48768091201782227     
  0.45416402816772461      -0.86039352416992188     
 -0.62715101242065430      -0.52164745330810547     
  0.67906665802001953      -0.92578935623168945     
  0.26489543914794922       0.10455846786499023     
 -0.68500804901123047      -0.92955732345581055     
  0.93145799636840820      -0.97996187210083008     
 -0.21228170394897461       0.18677663803100586     
 -0.84259366989135742       0.53108692169189453     
  -1.8698692321777344E-002 -0.26564311981201172     
 -0.65769481658935547       0.12356424331665039     
  0.75060081481933594      -0.64515781402587891     
  0.83844518661499023      -0.25046634674072266     
  0.41286706924438477      -0.93548631668090820     
 -0.71841478347778320      -0.39051771163940430     
  0.57444429397583008       0.69005060195922852     
 -0.31432294845581055      -0.82557058334350586     
  0.64178085327148438       0.41765356063842773     
 -0.48872232437133789        5.0566196441650391E-002
 -0.13120508193969727       0.84417724609375000     
   9.1841697692871094E-002 -0.41352605819702148     
 -0.13226795196533203       0.97685813903808594     
   5.6870937347412109E-002 -0.16230583190917969     
  0.12795543670654297       0.55346679687500000     
  0.11701488494873047       0.67248249053955078     
  0.41847515106201172      -0.68638801574707031     
 -0.11547374725341797      -0.76435184478759766     
 -0.45996665954589844      -0.65680980682373047     
 -0.99921226501464844       0.24746036529541016     
 -0.93214416503906250      -0.53928041458129883     
  0.31880283355712891       0.11975002288818359     
  0.64592170715332031        1.0527610778808594E-002
  0.94030141830444336      -0.35273265838623047     
 -0.37582826614379883      -0.53849554061889648     
 -0.48949193954467773      -0.88759613037109375     
  0.17432641983032227       -9.4209194183349609E-002
  0.62625217437744141      -0.57205438613891602     
 -0.51114606857299805      -0.83043718338012695     
  0.85018014907836914       0.98438549041748047     
  0.56703090667724609        9.4064235687255859E-002
  0.94153070449829102       0.31055688858032227     
 -0.46604347229003906      -0.78836154937744141     
   9.9143981933593750E-003  0.63136053085327148     
 -0.71650171279907227      -0.23985528945922852     
  0.75583410263061523      -0.69121456146240234     
  0.75841712951660156       0.72358083724975586     
 -0.77245664596557617      -0.67529392242431641     
  0.33725500106811523       0.25137186050415039     
  0.80777692794799805       0.31048917770385742     
  0.39296579360961914       0.58058071136474609     
 -0.17879819869995117       0.94592761993408203     
  0.21349048614501953       0.13828849792480469     
  0.21532535552978516       0.97944259643554688     
 -0.50599670410156250      -0.28433275222778320     
 -0.77332973480224609       0.65065479278564453     
 -0.43862390518188477        5.2522182464599609E-002
  0.74292707443237305       0.37870311737060547     
  0.86655998229980469       0.27740907669067383     
  0.42030954360961914       0.14980459213256836     
 -0.23175382614135742       0.91809844970703125     
  0.48851680755615234       0.50374889373779297     
  0.51536989212036133      -0.17695951461791992     
 -0.15082359313964844      -0.88702058792114258     
 -0.15286064147949219       0.87813901901245117     
  0.88969182968139648      -0.94910669326782227     
  0.36951971054077148       0.52088499069213867     
  0.51451969146728516      -0.46155452728271484     
  0.65671110153198242      -0.65382719039916992     
 -0.86984539031982422       0.50962114334106445     
 -0.78968429565429688      -0.21808576583862305     
  0.63466835021972656       0.87250852584838867     
  0.25716352462768555       0.14863586425781250     
  0.12740898132324219      -0.63196754455566406     
  0.52888488769531250       0.97487783432006836     
  0.77384281158447266       -2.0111083984375000E-002
  -2.4261474609375000E-003 -0.77226114273071289     
  0.60735130310058594      -0.24211263656616211     
  0.81408119201660156       0.26721000671386719     
 -0.99605417251586914      -0.67967605590820312     
  0.69213771820068359       0.76485681533813477     
  0.95461368560791016       0.19360637664794922     
  -5.1342010498046875E-002 -0.89807271957397461     
   9.8423957824707031E-002  0.21261024475097656     
 -0.65689945220947266      -0.50243854522705078     
 -0.47858381271362305       0.44241142272949219     
 -0.38741922378540039       0.64997816085815430     
  0.19091367721557617       0.69239616394042969     
 -0.89337062835693359      -0.87896060943603516     
 -0.68664169311523438      -0.38685560226440430     
  0.12008857727050781       0.33454942703247070     
  0.77799034118652344      -0.30883979797363281     
 -0.66974353790283203      -0.37824630737304688     
  0.82192373275756836        7.7981948852539062E-002
  0.64731836318969727      -0.51590585708618164     
 -0.82402324676513672       0.64528417587280273     
 -0.70435094833374023       -2.5463104248046875E-002
   4.6388149261474609E-002 -0.34654092788696289     
 -0.31128835678100586       0.18144512176513672     
 -0.44849538803100586       0.14094448089599609     
  0.85826635360717773       0.88443517684936523     
  0.70470857620239258        3.8681030273437500E-002
  0.11929941177368164      -0.92746782302856445     
   4.9848079681396484E-002 -0.19545936584472656     
  0.92220783233642578      -0.44505834579467773     
  -8.8084697723388672E-002 -0.43553209304809570     
   1.8643379211425781E-002 -0.65448808670043945     
   2.3018360137939453E-002  0.86991548538208008     
  0.67068862915039062       0.26658916473388672     
  0.56793642044067383      -0.69097280502319336     
  0.82009935379028320      -0.58435535430908203     
  0.74402427673339844       0.81827068328857422     
  0.68152379989624023       0.37613725662231445     
 -0.25956773757934570      -0.55193901062011719     
 -0.43411159515380859      -0.10844135284423828     
 -0.57163476943969727       0.53820562362670898     
 -0.37697601318359375       0.16477727890014648     
 -0.58608913421630859      -0.39242172241210938     
  0.57445526123046875       0.87415838241577148     
  -1.9394874572753906E-002   3.4029006958007812E-002
  -7.2515487670898438E-002 -0.76585340499877930     
  0.30717706680297852       0.72811794281005859     
 -0.51760530471801758       0.61282825469970703     
 -0.19247436523437500      -0.91065549850463867     
  0.61846876144409180       0.60565996170043945     
 -0.66880083084106445      -0.53080320358276367     
  0.79530382156372070       0.67157745361328125     
 -0.79085254669189453       0.14225101470947266     
  0.81527042388916016       0.25367546081542969     
 -0.47418832778930664       0.32219457626342773     
 -0.87186479568481445       0.57312250137329102     
  0.47335195541381836      -0.37044954299926758     
 -0.14247465133666992      -0.57040977478027344     
 -0.87365388870239258       0.50696659088134766     
  0.59260749816894531       -4.5249462127685547E-002
 -0.50447845458984375      -0.76247978210449219     
 -0.99389266967773438      -0.34882450103759766     
 -0.68922042846679688       0.27586126327514648     
  0.40121650695800781      -0.75146436691284180     
  0.13918542861938477      -0.70878648757934570     
 -0.56848382949829102      -0.50748443603515625     
  0.71289062500000000      -0.44050598144531250     
  0.41752338409423828      -0.67667770385742188     
 -0.91656255722045898      -0.66628837585449219     
 -0.30400371551513672       0.61741638183593750     
  0.91842555999755859       -1.9266128540039062E-002
  0.19888067245483398       0.59506273269653320     
 -0.77768087387084961      -0.47983169555664062     
 -0.52634143829345703      -0.21707487106323242     
 -0.37588071823120117       0.57685852050781250     
 -0.73183679580688477        2.0414829254150391E-002
 -0.88468551635742188      -0.90612316131591797     
  0.79358482360839844      -0.21320343017578125     
  0.69444751739501953      -0.42037439346313477     
  0.77338075637817383       0.21055841445922852     
  0.85683059692382812       0.75713157653808594     
 -0.88241052627563477      -0.67189884185791016     
 -0.59769678115844727       0.51215839385986328     
 -0.14686584472656250      -0.37330675125122070     
 -0.16197729110717773      -0.34949207305908203     
   8.9065074920654297E-002  0.92293643951416016     
 -0.20032787322998047      -0.90472078323364258     
  0.36009788513183594       0.16524410247802734     
 -0.73872947692871094       0.18006944656372070     
  0.43012428283691406      -0.89426469802856445     
   9.9748134613037109E-002  0.46889448165893555     
  0.71735954284667969       0.66618585586547852     
  0.58597421646118164       0.47040557861328125     
  0.11245632171630859        5.9606075286865234E-002
 -0.19730377197265625       -7.7727317810058594E-002
 -0.36238145828247070      -0.54508638381958008     
  0.73792457580566406       0.30194330215454102     
  0.76683378219604492       0.17997741699218750     
  0.88098859786987305       0.77902603149414062     
 -0.90651655197143555       0.17908191680908203     
 -0.16407918930053711       0.32276201248168945     
  0.66872978210449219      -0.65392160415649414     
 -0.45952224731445312       0.81716918945312500     
  0.16848230361938477      -0.31558179855346680     
   1.8939495086669922E-002  0.32049989700317383     
  0.64880704879760742       0.50507497787475586     
  0.80004835128784180       0.41639471054077148     
  0.35390949249267578       0.16021585464477539     
  0.75467109680175781      -0.23805713653564453     
  0.97718667984008789      -0.41613101959228516     
   8.6756229400634766E-002  0.11770057678222656     
  0.19393110275268555      -0.59439039230346680     
   8.7785720825195312E-002 -0.57946491241455078     
  0.93439388275146484       0.36492061614990234     
 -0.77185297012329102      -0.52583932876586914     
  0.22397708892822266       0.39014339447021484     
 -0.85894107818603516      -0.21855211257934570     
  0.79665327072143555      -0.64386320114135742     
  0.59424877166748047      -0.45468378067016602     
  0.13234758377075195       0.37043523788452148     
  -8.9718341827392578E-002  0.10731077194213867     
 -0.42504549026489258       0.26091909408569336     
 -0.73100709915161133       -3.5891056060791016E-002
  0.78480386734008789       0.20405912399291992     
 -0.37187623977661133      -0.12001276016235352     
  0.94958496093750000      -0.32078790664672852     
  0.51889467239379883      -0.93391084671020508     
 -0.23897409439086914      -0.43655014038085938     
  0.90855693817138672       0.11769533157348633     
  0.11158227920532227      -0.63499689102172852     
 -0.39141416549682617      -0.49615335464477539     
 -0.84247779846191406       0.47636222839355469     
  0.22469520568847656       0.45960998535156250     
  0.66719484329223633      -0.44850778579711914     
  -6.7800521850585938E-002  0.48238086700439453     
 -0.62071847915649414      -0.41161012649536133     
   7.0924758911132812E-002   3.9881706237792969E-002
  0.29852819442749023      -0.62987995147705078     
 -0.38919544219970703       0.79328775405883789     
  0.78753089904785156        3.8439273834228516E-002
   5.6756496429443359E-002  -8.8688373565673828E-002
 -0.58321809768676758      -0.14053869247436523     
  -2.6456832885742188E-002 -0.65533399581909180     
 -0.19564771652221680      -0.24822282791137695     
  0.12311601638793945      -0.78168439865112305     
  0.23062658309936523       0.14183664321899414     
 -0.14503288269042969       0.43716812133789062     
 -0.51142930984497070       0.41386985778808594     
  -8.6784839630126953E-002 -0.58964633941650391     
 -0.18563222885131836        8.2250595092773438E-002
  0.39195823669433594      -0.35048580169677734     
 -0.61124849319458008       0.75063180923461914     
 -0.12830448150634766      -0.40602588653564453     
  -7.4988842010498047E-002 -0.33242034912109375     
 -0.98712778091430664      -0.65374946594238281     
  0.43593740463256836       0.80034637451171875     
 -0.57530784606933594       0.80452489852905273     
 -0.34837293624877930       0.89899253845214844     
 -0.63088893890380859       0.65345716476440430     
  0.65694427490234375      -0.73043680191040039     
 -0.45049810409545898       0.48005914688110352     
  0.35604953765869141       0.12909793853759766     
 -0.24938869476318359       0.52679538726806641     
 -0.14481163024902344       0.15406751632690430     
 -0.58508443832397461       0.49348640441894531     
   3.3868312835693359E-002 -0.77325487136840820     
  -8.8861465454101562E-002  0.51138353347778320     
  0.82329368591308594      -0.90142583847045898     
 -0.26110839843750000      -0.44272661209106445     
 -0.90488195419311523      -0.34385013580322266     
  0.91174268722534180      -0.33270502090454102     
  0.22869110107421875      -0.38826370239257812     
  0.45853281021118164       0.56120300292968750     
  0.14013433456420898      -0.75648593902587891     
 -0.25181865692138672      -0.31378221511840820     
  0.26918697357177734       0.23309755325317383     
 -0.32800436019897461      -0.76451826095581055     
  0.74307680130004883       0.89461469650268555     
 -0.20683670043945312      -0.30208587646484375     
  0.84361886978149414       0.70254659652709961     
 -0.29796171188354492       0.16269445419311523     
  0.41358947753906250      -0.79785203933715820     
  0.50185632705688477       0.70188283920288086     
  0.55263948440551758       0.21893262863159180     
 -0.39477777481079102       0.97611045837402344     
 -0.50795793533325195       0.75879526138305664     
 -0.92535161972045898      -0.38352966308593750     
   2.1245956420898438E-002 -0.91528940200805664     
  0.73346281051635742      -0.68835449218750000     
  0.82836866378784180       0.39524555206298828     
  0.89673137664794922      -0.63251352310180664     
 -0.65219736099243164       0.52175807952880859     
 -0.80720281600952148      -0.65527009963989258     
  0.88243436813354492      -0.91790628433227539     
  0.75624847412109375       0.27398777008056641     
  0.91758012771606445      -0.23024654388427734     
  0.25085067749023438        5.1916599273681641E-002
  0.56847476959228516       0.36028575897216797     
 -0.67561054229736328      -0.98439407348632812     
 -0.70920515060424805       0.39047574996948242     
  0.73218584060668945      -0.14885377883911133     
  0.21640825271606445      -0.82421779632568359     
 -0.62241268157958984      -0.88780784606933594     
  0.61799287796020508       0.60870695114135742     
  0.54542589187622070       0.97339916229248047     
  -7.4895381927490234E-002 -0.76054096221923828     
 -0.41160583496093750       0.14158153533935547     
 -0.43696689605712891       -9.6622943878173828E-002
   6.3510894775390625E-002 -0.56657648086547852     
 -0.44317817687988281      -0.49367380142211914     
  0.82910346984863281       0.74470853805541992     
  0.31877613067626953      -0.32646226882934570     
 -0.84953165054321289       -7.1311950683593750E-002
 -0.53832006454467773       0.45599317550659180     
 -0.11487722396850586      -0.74024438858032227     
  0.71754026412963867      -0.29287862777709961     
 -0.40644311904907227       0.91834449768066406     
  0.62121534347534180       0.76970243453979492     
  0.39454412460327148      -0.89209747314453125     
  0.52335739135742188        7.3401451110839844E-002
 -0.33735752105712891        3.4152030944824219E-002
  -1.7991065979003906E-003 -0.23479080200195312     
 -0.12546586990356445      -0.70267724990844727     
  0.10360383987426758      -0.72773456573486328     
  0.96617317199707031       0.47386312484741211     
  0.22011756896972656      -0.47854614257812500     
 -0.92213439941406250      -0.30824851989746094     
 -0.73149108886718750      -0.17027473449707031     
  0.19547080993652344      -0.72119617462158203     
  0.86160850524902344      -0.94482040405273438     
  0.40551996231079102      -0.42491817474365234     
  0.40222930908203125       0.27090406417846680     
 -0.90852785110473633       0.37819862365722656     
  0.38574981689453125      -0.70057868957519531     
 -0.61892747879028320      -0.30615043640136719     
  0.53444147109985352       0.36460971832275391     
   1.4944076538085938E-003 -0.88074350357055664     
 -0.65592288970947266       -9.2858791351318359E-002
 -0.67203330993652344      -0.85612106323242188     
 -0.82121467590332031      -0.15227079391479492     
  0.79272460937500000      -0.67260837554931641     
 -0.52605390548706055       0.61234283447265625     
 -0.35295104980468750       -4.6974182128906250E-002
  0.50506925582885742       0.69960451126098633     
  0.26042175292968750       0.91520452499389648     
 -0.15557718276977539      -0.78005361557006836     
 -0.36025428771972656      -0.79341745376586914     
 -0.96590757369995117       -3.3164024353027344E-003
  0.26907396316528320       0.32826852798461914     
 -0.78410911560058594      -0.52146625518798828     
 -0.27793169021606445       0.80776977539062500     
  0.19263935089111328      -0.30304813385009766     
  0.67563915252685547      -0.53248453140258789     
  0.53686666488647461      -0.87393712997436523     
 -0.25954246520996094      -0.12958097457885742     
  0.13416337966918945       0.88837623596191406     
  0.94138479232788086      -0.14506053924560547     
  -2.5527000427246094E-002  0.97453594207763672     
 -0.97277832031250000       0.51741600036621094     
  0.21127748489379883       0.94727182388305664     
  0.80454015731811523       -9.0102672576904297E-002
 -0.35399866104125977       0.34474325180053711     
  0.10781049728393555       -2.4220943450927734E-002
  0.92271184921264648        2.1836757659912109E-002
 -0.98428440093994141      -0.86255788803100586     
  0.99466371536254883      -0.68083143234252930     
 -0.73292636871337891      -0.28839015960693359     
 -0.96628522872924805      -0.35112762451171875     
  0.59986686706542969       -3.6457061767578125E-002
 -0.73310995101928711       0.62761354446411133     
  0.30522155761718750      -0.13954925537109375     
  0.59808206558227539       -3.1894207000732422E-002
  -3.8400650024414062E-002  0.60250520706176758     
  0.30580997467041016      -0.24686193466186523     
  0.99305057525634766       0.20746707916259766     
  0.90135335922241211      -0.95406103134155273     
 -0.90348768234252930      -0.91107463836669922     
 -0.42753314971923828       0.45037269592285156     
 -0.58431959152221680      -0.65807247161865234     
 -0.22086620330810547       -9.4281673431396484E-002
 -0.58838462829589844      -0.97369861602783203     
 -0.94594001770019531      -0.41361141204833984     
  0.44046831130981445       0.95658540725708008     
 -0.66331624984741211      -0.35226440429687500     
 -0.50206232070922852      -0.15750741958618164     
  0.77853441238403320       0.82952594757080078     
 -0.14987182617187500      -0.89104890823364258     
  0.14466285705566406      -0.65046072006225586     
 -0.28627586364746094       0.56568145751953125     
 -0.58374834060668945       0.94200229644775391     
  0.23927927017211914      -0.42670679092407227     
  0.34023714065551758       0.36826276779174805     
 -0.60129642486572266        1.8064975738525391E-002
 -0.37414979934692383      -0.33453035354614258     
 -0.44698238372802734      -0.43194866180419922     
  0.24124002456665039       0.52692508697509766     
   3.5614967346191406E-002  0.58184432983398438     
 -0.94232082366943359       0.42024040222167969     
  0.98621129989624023      -0.74394369125366211     
  0.54121589660644531       0.22150278091430664     
  0.80195951461791992       0.53938341140747070     
 -0.58231973648071289       0.95853137969970703     
   4.0544986724853516E-002 -0.55385732650756836     
 -0.67673349380493164       0.14115810394287109     
  0.44709491729736328       0.32641506195068359     
   5.8833122253417969E-002  0.80857563018798828     
 -0.26738166809082031       0.12117767333984375     
  0.64088106155395508      -0.70635080337524414     
  0.36488294601440430       0.59053277969360352     
 -0.90943908691406250      -0.94162178039550781     
  0.16389560699462891       0.59422683715820312     
 -0.82346248626708984        7.1770191192626953E-002
  0.24765348434448242       0.31606531143188477     
  0.11508369445800781       0.21809434890747070     
 -0.48139715194702148      -0.83646631240844727     
 -0.48253393173217773        5.5547237396240234E-002
 -0.41383218765258789       0.72867202758789062     
  0.79287862777709961       -8.8263034820556641E-002
  0.56696844100952148      -0.95421552658081055     
  0.50711107254028320      -0.97750854492187500     
 -0.98201370239257812      -0.69767522811889648     
  0.17857885360717773      -0.61862421035766602     
  0.78559160232543945      -0.55904579162597656     
  0.11996603012084961       0.27352237701416016     
 -0.90929031372070312      -0.43680810928344727     
  0.56991529464721680       0.56638479232788086     
 -0.76604032516479492      -0.83943033218383789     
 -0.30268049240112305       0.85139560699462891     
 -0.59001207351684570      -0.32581043243408203     
  0.11056280136108398       0.23643016815185547     
 -0.31148624420166016       0.85263967514038086     
  0.32099819183349609      -0.98195552825927734     
  0.28035497665405273       -7.0188045501708984E-002
  0.35606908798217773       0.45797729492187500     
 -0.76845550537109375       0.57364463806152344     
 -0.74896812438964844        9.8917961120605469E-002
  0.51784372329711914      -0.59765100479125977     
 -0.71299934387207031       0.62031126022338867     
 -0.42398834228515625        3.5683631896972656E-002
 -0.26191949844360352       -7.5651645660400391E-002
  0.52812051773071289       0.12210083007812500     
  0.15664243698120117       0.69556760787963867     
  0.40492391586303711      -0.44022893905639648     
 -0.92680406570434570      -0.79264497756958008     
   2.1451473236083984E-002  0.53768873214721680     
  0.94251585006713867       0.86858701705932617     
  0.34927320480346680       0.23485755920410156     
 -0.74817895889282227      -0.64192914962768555     
 -0.89684438705444336       0.73742055892944336     
 -0.17089939117431641      -0.30568552017211914     
  0.34695816040039062      -0.66913223266601562     
  -9.7731113433837891E-002 -0.55955362319946289     
 -0.41652107238769531      -0.46429061889648438     
  0.67521047592163086       0.27019834518432617     
 -0.77001667022705078       0.33724451065063477     
   7.1537494659423828E-002  0.33248090744018555     
   1.1395454406738281E-002 -0.46976566314697266     
  0.65499925613403320       0.57701873779296875     
  -4.5263290405273438E-002 -0.73997354507446289     
 -0.73452520370483398       0.84196233749389648     
  0.86870574951171875       0.34460592269897461     
 -0.20605564117431641       0.82871437072753906     
  0.20920467376708984       0.11033344268798828     
  0.38197469711303711      -0.14599561691284180     
  0.25388002395629883       0.96562623977661133     
 -0.71531200408935547      -0.24307489395141602     
  0.64450502395629883       0.19847059249877930     
 -0.30471134185791016       0.71906518936157227     
 -0.66551065444946289       0.76545381546020508     
  0.98981904983520508      -0.10830259323120117     
 -0.23906373977661133        6.0583591461181641E-002
  0.23325061798095703       0.25009584426879883     
 -0.63865041732788086       0.20347166061401367     
 -0.24812793731689453      -0.28562641143798828     
 -0.51859951019287109       -9.5264911651611328E-002
  0.88665962219238281        8.9677810668945312E-002
 -0.78106784820556641       0.59993934631347656     
 -0.81189680099487305       0.45844984054565430     
 -0.83004379272460938      -0.54323720932006836     
 -0.18098020553588867       0.26612997055053711     
  0.85102653503417969      -0.79161119461059570     
 -0.60605955123901367       -3.5533905029296875E-002
  0.78919458389282227       -4.8770904541015625E-003
   3.1311988830566406E-002  0.26119899749755859     
  -2.5872230529785156E-002 -0.83303737640380859     
 -0.85154581069946289        7.6870441436767578E-002
  -3.6416530609130859E-002  -4.6784400939941406E-002
 -0.29759311676025391       0.35834598541259766     
  0.72511959075927734      -0.91180038452148438     
 -0.62500810623168945      -0.50782632827758789     
  0.96498584747314453       0.52482366561889648     
  0.71195459365844727      -0.17576599121093750     
  -9.3200683593750000E-002 -0.42358493804931641     
  0.81259918212890625      -0.63886404037475586     
  0.61767959594726562      -0.65344619750976562     
 -0.46488571166992188       0.66775751113891602     
 -0.99489545822143555       0.79417800903320312     
 -0.24804401397705078      -0.87066555023193359     
  0.72427034378051758       0.81335592269897461     
   7.8610420227050781E-002 -0.79040145874023438     
 -0.27393484115600586       -1.5716552734375000E-002
 -0.14427518844604492      -0.82715320587158203     
   3.7384986877441406E-002  0.33136081695556641     
 -0.81740856170654297      -0.18508481979370117     
 -0.71882247924804688       0.75123500823974609     
   1.0694503784179688E-002 -0.25378894805908203     
  0.57507228851318359      -0.75571489334106445     
  0.70680189132690430      -0.77953481674194336     
  0.35988616943359375       0.61013126373291016     
  0.48408222198486328       -2.6327133178710938E-002
 -0.47500133514404297       0.65367555618286133     
  0.32727670669555664       0.54606866836547852     
 -0.22254848480224609      -0.36757278442382812     
  0.20737886428833008      -0.58128976821899414     
  0.26427745819091797      -0.28693485260009766     
 -0.50936651229858398      -0.91852331161499023     
  0.38419628143310547      -0.81050443649291992     
 -0.14776563644409180       0.50941944122314453     
 -0.18587446212768555        1.1051654815673828E-002
 -0.25005578994750977      -0.68303823471069336     
  0.17662620544433594       0.56140232086181641     
 -0.50744009017944336      -0.54493474960327148     
 -0.71205663681030273       0.47022724151611328     
 -0.88466739654541016      -0.59943914413452148     
 -0.76664876937866211       0.93695211410522461     
 -0.64148330688476562       0.59659099578857422     
  0.90805578231811523      -0.29911088943481445     
  0.84962606430053711      -0.33390903472900391     
  -6.5903663635253906E-003 -0.75949001312255859     
 -0.74774122238159180       0.72021150588989258     
  0.59585714340209961       0.57432413101196289     
  0.66979885101318359      -0.68972778320312500     
 -0.24980974197387695      -0.55137300491333008     
 -0.92040824890136719       0.70067405700683594     
  0.23560428619384766      -0.19602870941162109     
 -0.65424680709838867        7.5840950012207031E-002
  0.66120290756225586       0.84194469451904297     
  0.56820487976074219      -0.18030786514282227     
 -0.42800664901733398       0.49824905395507812     
   7.8357219696044922E-002  0.95341539382934570     
   5.6890487670898438E-002  0.16433525085449219     
  -1.0918617248535156E-002  0.49719381332397461     
  0.33892059326171875       0.24590301513671875     
  0.89907550811767578       0.76771450042724609     
  0.98234939575195312       0.35044193267822266     
 -0.11726188659667969      -0.81410360336303711     
 -0.63750743865966797      -0.58285427093505859     
  -3.0539035797119141E-002  0.73551988601684570     
 -0.11392831802368164      -0.78955602645874023     
  -6.2578678131103516E-002  0.24612760543823242     
  0.66792631149291992      -0.15810298919677734     
  0.77009487152099609       0.99067068099975586     
  0.20805215835571289       0.73374605178833008     
   7.3787689208984375E-002  0.15247106552124023     
  0.58806276321411133      -0.42289686203002930     
  0.37950372695922852       0.31974458694458008     
  -5.2435398101806641E-002  0.72252893447875977     
 -0.45402479171752930      -0.79240083694458008     
  0.12519264221191406       0.11382627487182617     
 -0.91800165176391602      -0.85203886032104492     
 -0.21532440185546875      -0.95371007919311523     
 -0.99775648117065430       0.71463155746459961     
  0.81496286392211914      -0.91197872161865234     
  0.37642812728881836       0.63017559051513672     
 -0.63573837280273438      -0.85212135314941406     
  0.40368127822875977       0.67742109298706055     
 -0.57927894592285156        6.4252853393554688E-002
  -9.5147132873535156E-002  0.86375665664672852     
 -0.83428144454956055       0.23542547225952148     
  0.79626607894897461       0.84761857986450195     
  -7.1899890899658203E-002 -0.41909599304199219     
  0.26153802871704102      -0.32293796539306641     
  0.38550281524658203      -0.85415792465209961     
  0.17230033874511719      -0.14032459259033203     
 -0.42897224426269531       0.26743936538696289     
  0.85796308517456055      -0.21128273010253906     
  0.97699975967407227       0.43582153320312500     
  0.85300493240356445       0.45532178878784180     
  0.59946680068969727      -0.75689792633056641     
  0.82051420211791992       0.38228750228881836     
 -0.89386034011840820       0.89582252502441406     
   9.6455574035644531E-002 -0.86748027801513672     
  0.26014232635498047       0.21318435668945312     
  0.99360895156860352      -0.41278600692749023     
  0.30968713760375977       0.91248321533203125     
  0.10662031173706055       -3.2381057739257812E-002
 -0.22190284729003906       0.48201322555541992     
 -0.79844760894775391       0.49839448928833008     
  0.52106094360351562      -0.52445173263549805     
 -0.45478868484497070       0.37431049346923828     
 -0.96291542053222656       0.28675699234008789     
 -0.47182321548461914        7.0414543151855469E-002
 -0.54110574722290039      -0.36314773559570312     
  0.58275890350341797       0.43316078186035156     
  0.13884401321411133      -0.44354295730590820     
 -0.61967039108276367      -0.79611206054687500     
 -0.25397586822509766      -0.56818532943725586     
  0.51166009902954102      -0.52511930465698242     
  0.31988143920898438       0.25092792510986328     
 -0.65411853790283203       0.23713970184326172     
 -0.38937473297119141      -0.21469926834106445     
 -0.44596385955810547       0.68890714645385742     
  0.46505308151245117       0.15128469467163086     
  0.64310884475708008       0.73166561126708984     
 -0.89173793792724609       0.56404685974121094     
  -6.3273906707763672E-002  0.56331491470336914     
 -0.36532449722290039       -2.8095245361328125E-003
  0.78566646575927734       0.69702386856079102     
  0.88266086578369141       0.88289165496826172     
  0.76768255233764648       0.44265842437744141     
 -0.23235273361206055       0.85093021392822266     
 -0.40990114212036133       0.79933500289916992     
  0.42957496643066406      -0.13318395614624023     
 -0.41762590408325195       0.96451807022094727     
  0.65772581100463867       0.40116167068481445     
  0.33194255828857422       0.95958900451660156     
 -0.18170070648193359       0.16266536712646484     
  -7.5261116027832031E-002 -0.91117525100708008     
 -0.11777877807617188       0.49734306335449219     
  0.84545660018920898      -0.40976381301879883     
 -0.89559555053710938      -0.27183437347412109     
 -0.72005891799926758       -2.8871059417724609E-002
  0.76788425445556641      -0.16896152496337891     
  0.26379728317260742      -0.35845708847045898     
 -0.58718538284301758      -0.82183074951171875     
 -0.50445985794067383      -0.44886159896850586     
  -1.1646270751953125E-002  0.26764631271362305     
  0.33886575698852539      -0.67540121078491211     
  0.53373098373413086       0.42039632797241211     
 -0.39388036727905273        5.6788444519042969E-002
  0.44524192810058594      -0.81223535537719727     
  0.76575231552124023        2.8433799743652344E-003
 -0.20886325836181641      -0.36203813552856445     
 -0.77041530609130859      -0.36816978454589844     
  0.17771434783935547       0.84937334060668945     
 -0.57943248748779297      -0.52129745483398438     
  0.55501079559326172        6.7095279693603516E-002
 -0.32646417617797852      -0.88019514083862305     
  0.56363391876220703      -0.99997282028198242     
 -0.53522348403930664       0.50308656692504883     
 -0.62233638763427734       0.39673423767089844     
  -8.4839344024658203E-002  0.11023902893066406     
  0.79157829284667969        6.0075759887695312E-002
 -0.30364322662353516       0.67231798171997070     
 -0.34562635421752930      -0.93932867050170898     
  0.70804405212402344        9.9355697631835938E-002
 -0.12734127044677734      -0.22431898117065430     
 -0.12267732620239258       0.16448593139648438     
  0.52183532714843750       0.49311685562133789     
 -0.17792129516601562      -0.31570386886596680     
  -3.3087730407714844E-002  -9.8324298858642578E-002
 -0.53304052352905273      -0.80761432647705078     
  0.42700242996215820       0.63149499893188477     
 -0.46219444274902344       -9.5358371734619141E-002
 -0.68716096878051758       0.89278459548950195     
 -0.96651840209960938      -0.27238941192626953     
  -4.1202068328857422E-002 -0.48224735260009766     
  0.87399244308471680      -0.80688142776489258     
  0.74617719650268555      -0.99770069122314453     
 -0.34874010086059570       0.73129701614379883     
  0.91056013107299805      -0.21038389205932617     
   8.2079887390136719E-002 -0.47615528106689453     
 -0.74063110351562500       0.21753740310668945     
  0.15408611297607422      -0.27226448059082031     
   5.8878898620605469E-002 -0.42140388488769531     
 -0.52748155593872070       0.61761808395385742     
  0.31006097793579102      -0.80339622497558594     
 -0.67869281768798828      -0.78376674652099609     
 -0.76767587661743164      -0.32684469223022461     
  0.72854137420654297       0.59662723541259766     
 -0.48544740676879883      -0.90975618362426758     
 -0.27153587341308594       0.29941415786743164     
  0.25770568847656250      -0.73630475997924805     
  0.92774772644042969       0.66258049011230469     
  -8.4691047668457031E-003 -0.33439779281616211     
 -0.22020816802978516       0.96260929107666016     
  0.57872152328491211       0.57976007461547852     
   3.5537719726562500E-002 -0.71254348754882812     
  0.28597402572631836       0.36721324920654297     
 -0.24180746078491211       -5.1805019378662109E-002
 -0.68069219589233398      -0.39348363876342773     
  0.72416639328002930      -0.93458509445190430     
  0.42900657653808594       0.31693935394287109     
  0.80560159683227539      -0.25052022933959961     
 -0.48894977569580078       0.22826147079467773     
  0.39151954650878906       0.27208089828491211     
  0.87121200561523438       0.46092844009399414     
  0.82863950729370117       0.95083427429199219     
  0.67552947998046875      -0.37535953521728516     
 -0.66610717773437500       0.74084568023681641     
 -0.60610675811767578      -0.83097457885742188     
 -0.18544149398803711      -0.70740413665771484     
  0.66650342941284180       -6.9742679595947266E-002
 -0.16173410415649414      -0.25965070724487305     
   5.4090976715087891E-002 -0.89263343811035156     
 -0.48358821868896484       0.33606815338134766     
  0.30001544952392578       0.36442852020263672     
  0.95409393310546875      -0.53853988647460938     
  0.76614189147949219       0.55337333679199219     
  0.55213212966918945      -0.30825662612915039     
 -0.86569786071777344       0.21973419189453125     
 -0.92459440231323242       0.34634160995483398     
  0.96902132034301758       0.34305238723754883     
 -0.31555891036987305       0.40291690826416016     
 -0.17253828048706055       0.15712451934814453     
  0.79784727096557617      -0.57374954223632812     
  0.99199438095092773       0.45687007904052734     
  0.62095499038696289       0.39493417739868164     
 -0.33519649505615234       0.35611248016357422     
 -0.81008481979370117       0.90856742858886719     
  0.29458713531494141      -0.87133026123046875     
 -0.44350481033325195        1.8867492675781250E-002
 -0.89105319976806641        7.3051452636718750E-002
 -0.22122192382812500       -7.4974060058593750E-002
  -8.3025455474853516E-002  0.59602928161621094     
 -0.53455257415771484      -0.21895885467529297     
  -3.8866519927978516E-002  0.77812385559082031     
  -7.1734905242919922E-002  0.35469484329223633     
 -0.64173936843872070       0.29293298721313477     
 -0.66934156417846680       0.37905693054199219     
  0.81128215789794922      -0.77562427520751953     
   8.8521480560302734E-002 -0.21758937835693359     
  0.97537088394165039      -0.93898677825927734     
  0.44992256164550781      -0.15007114410400391     
 -0.23787069320678711       0.11416769027709961     
  0.82318782806396484      -0.67679071426391602     
 -0.81912183761596680      -0.97643470764160156     
 -0.93540763854980469       0.60494613647460938     
 -0.66592025756835938      -0.12162590026855469     
 -0.15914249420166016      -0.70214891433715820     
  0.98324584960937500      -0.58406305313110352     
 -0.34737110137939453      -0.25945901870727539     
 -0.72765922546386719       0.23507785797119141     
  0.95853042602539062        2.2215843200683594E-002
 -0.61535739898681641      -0.30439805984497070     
  -1.7450809478759766E-002  0.70622491836547852     
 -0.47599935531616211      -0.11965847015380859     
  0.90740871429443359       0.82043600082397461     
 -0.92958450317382812       0.47901582717895508     
  0.82050561904907227       0.24404239654541016     
 -0.37734985351562500      -0.11658859252929688     
  0.50052547454833984       0.33203792572021484     
  0.56507492065429688      -0.78291654586791992     
 -0.47275018692016602       0.49550151824951172     
 -0.10562705993652344       0.73178625106811523     
 -0.86417627334594727      -0.20425462722778320     
 -0.90366315841674805       0.13569164276123047     
  0.57733774185180664      -0.68432569503784180     
  0.54029989242553711       0.82149362564086914     
  0.84392786026000977       -9.7942352294921875E-002
 -0.11610651016235352       0.60333776473999023     
  0.29793405532836914      -0.62153959274291992     
 -0.21103334426879883      -0.83097791671752930     
 -0.24179124832153320       0.22052145004272461     
  0.30818367004394531      -0.35069274902343750     
  -8.5843563079833984E-002 -0.76579236984252930     
 -0.66714620590209961      -0.71859455108642578     
  0.58228969573974609       0.54721736907958984     
 -0.91494226455688477       0.56654977798461914     
   3.6020278930664062E-003  0.54226446151733398     
 -0.15763044357299805       0.71198129653930664     
  0.27656698226928711       0.26480245590209961     
  0.54161691665649414       0.95562410354614258     
 -0.82361030578613281      -0.41718721389770508     
  0.33719253540039062      -0.79970979690551758     
 -0.71717071533203125       0.51571846008300781     
 -0.31975126266479492       -5.9403896331787109E-002
 -0.39752197265625000       0.85397005081176758     
  0.68201494216918945       0.63098430633544922     
  0.95940065383911133       0.65043544769287109     
 -0.12476539611816406      -0.93031549453735352     
  0.19222640991210938       0.75306844711303711     
  0.82541131973266602       0.69024038314819336     
  0.87651872634887695      -0.34319353103637695     
  -4.5938968658447266E-002  -8.8960647583007812E-002
  0.84503984451293945       0.58666896820068359     
  0.14700412750244141       0.70470333099365234     
  -4.6313285827636719E-002 -0.38107967376708984     
 -0.80126714706420898      -0.89058446884155273     
  -4.7657489776611328E-002 -0.97455549240112305     
  0.65040969848632812      -0.55890989303588867     
  0.40550088882446289      -0.74620628356933594     
  0.51295042037963867      -0.83878231048583984     
  0.58625650405883789      -0.78243160247802734     
 -0.32676744461059570        2.3836612701416016E-002
  0.62671566009521484      -0.78220272064208984     
 -0.47832250595092773       0.83732461929321289     
  0.92058801651000977       0.32986783981323242     
   8.9795589447021484E-002 -0.79990053176879883     
   7.5630187988281250E-002 -0.88063621520996094     
 -0.84715509414672852      -0.13156557083129883     
  0.78519010543823242       0.69316816329956055     
   8.0557823181152344E-002  -5.6799888610839844E-002
 -0.63193273544311523      -0.89016342163085938     
 -0.97510862350463867      -0.64309072494506836     
 -0.42081832885742188      -0.69039297103881836     
  0.56813955307006836       0.72921276092529297     
 -0.11417961120605469       0.98628664016723633     
  0.52087593078613281       0.36315774917602539     
 -0.40237712860107422      -0.75022029876708984     
 -0.94737863540649414      -0.58821725845336914     
 -0.16104221343994141      -0.63256168365478516     
  0.53829002380371094      -0.95782089233398438     
  -8.8099002838134766E-002 -0.67301511764526367     
  0.63600015640258789      -0.74238491058349609     
  0.74341487884521484       0.58086347579956055     
  0.57313871383666992       0.74475479125976562     
 -0.90303230285644531       0.73888826370239258     
  0.49886512756347656       0.42860555648803711     
 -0.42636966705322266        5.8083534240722656E-003
 -0.37459802627563477       0.13628339767456055     
  0.51776552200317383        9.1150760650634766E-002
  -2.7873992919921875E-002 -0.47294807434082031     
 -0.83248996734619141       0.34379673004150391     
  0.19183969497680664       0.25752639770507812     
  0.24891519546508789      -0.48054695129394531     
 -0.55237197875976562       0.29151296615600586     
 -0.53638696670532227       0.94954442977905273     
 -0.99991321563720703       0.45886611938476562     
  0.16986083984375000       0.85447835922241211     
 -0.78080940246582031       0.94412231445312500     
 -0.13183212280273438       0.30464076995849609     
   9.8682880401611328E-002  0.56723356246948242     
 -0.50542545318603516      -0.67874765396118164     
  0.28941869735717773       0.26437664031982422     
 -0.62030935287475586       0.46261882781982422     
 -0.76516199111938477       -7.0210933685302734E-002
  -2.7297973632812500E-002 -0.78903675079345703     
  0.66044235229492188        5.5582523345947266E-002
  0.18067455291748047       0.60213470458984375     
   8.4362983703613281E-002 -0.10694169998168945     
  0.63185691833496094      -0.37650346755981445     
  0.11024808883666992       0.94411420822143555     
 -0.26843357086181641       0.44408655166625977     
 -0.23661088943481445      -0.71216917037963867     
  0.57521295547485352      -0.39238595962524414     
 -0.82731246948242188      -0.64039182662963867     
  0.94022321701049805       0.33281278610229492     
 -0.41042232513427734        3.6431312561035156E-002
  0.30355119705200195      -0.21065425872802734     
 -0.45893573760986328       0.66840791702270508     
  -6.0675144195556641E-002  0.23799276351928711     
  -5.2405357360839844E-002 -0.77135562896728516     
 -0.16834115982055664       0.69257497787475586     
  0.11192369461059570      -0.89446496963500977     
  0.73465967178344727      -0.57079744338989258     
  0.60818624496459961      -0.21373701095581055     
 -0.27756166458129883      -0.97302150726318359     
  0.43291187286376953       -4.4976234436035156E-002
   8.5671424865722656E-002 -0.11280918121337891     
   1.6364097595214844E-002 -0.96375179290771484     
  0.22998714447021484      -0.59927606582641602     
  -2.5463104248046875E-002   4.7249317169189453E-002
  0.12261581420898438       0.80529689788818359     
  0.63295936584472656       0.15590047836303711     
  0.22645521163940430        3.3174037933349609E-002
 -0.44044589996337891      -0.57268714904785156     
  0.85489988327026367       0.30452823638916016     
  0.20833301544189453      -0.54396343231201172     
 -0.39252710342407227       0.80298805236816406     
 -0.17803668975830078      -0.26165246963500977     
  0.41126871109008789       0.19436502456665039     
  0.69815826416015625       -5.3524494171142578E-002
  0.41491365432739258      -0.54188060760498047     
  0.61460351943969727      -0.35370588302612305     
 -0.72880744934082031       0.93623733520507812     
 -0.65326929092407227       0.50395345687866211     
  -5.0763607025146484E-002  0.81681537628173828     
  0.21792125701904297       0.61026144027709961     
  0.66915750503540039       0.53489589691162109     
  -2.6764869689941406E-003 -0.98139238357543945     
 -0.25664091110229492       0.63713598251342773     
  0.35203075408935547       0.58818864822387695     
 -0.31189012527465820        6.7099571228027344E-002
 -0.25670003890991211      -0.35235166549682617     
   2.9476165771484375E-002 -0.59269666671752930     
  0.55193090438842773       0.30527353286743164     
  0.73337268829345703      -0.20317983627319336     
 -0.83667755126953125       -3.7286758422851562E-002
 -0.67090320587158203       0.13761615753173828     
  0.92145204544067383       0.84811115264892578     
  0.21138858795166016       0.80819463729858398     
 -0.66634654998779297       0.72098731994628906     
 -0.36023044586181641      -0.39261341094970703     
 -0.65270090103149414        5.6444168090820312E-002
  0.65962982177734375       0.40403127670288086     
  0.55374097824096680       0.72741937637329102     
 -0.25805139541625977       0.93530559539794922     
 -0.31477355957031250      -0.39465570449829102     
 -0.97311449050903320       0.86482048034667969     
 -0.95620870590209961      -0.99668359756469727     
  0.74675846099853516       0.77267646789550781     
  0.37367582321166992       0.37068271636962891     
   6.6052436828613281E-002  0.14666366577148438     
  0.97861862182617188      -0.35363006591796875     
  0.54098939895629883       0.41621255874633789     
 -0.71216440200805664       0.65325736999511719     
 -0.69756269454956055        6.8960189819335938E-002
 -0.98127603530883789      -0.30488538742065430     
 -0.20618104934692383       0.71849060058593750     
 -0.32461214065551758       0.24731016159057617     
  0.54690408706665039      -0.17621898651123047     
  0.28847026824951172       0.32575654983520508     
  0.99107885360717773      -0.93298053741455078     
 -0.60102748870849609       0.53331661224365234     
 -0.54111194610595703      -0.46720695495605469     
 -0.34367227554321289       -9.5202922821044922E-002
  -7.3309898376464844E-002 -0.11673164367675781     
   9.8988056182861328E-002 -0.30132961273193359     
 -0.43925142288208008      -0.49319744110107422     
  0.83491563796997070       0.43125820159912109     
  0.15979862213134766      -0.26431417465209961     
 -0.32489967346191406      -0.58875989913940430     
  0.71685504913330078       0.18309020996093750     
 -0.80104780197143555       0.79441452026367188     
 -0.26933717727661133      -0.74223184585571289     
 -0.68687486648559570      -0.30177783966064453     
   2.4628162384033203E-002  -7.0929527282714844E-002
 -0.10830068588256836      -0.20187282562255859     
 -0.87184715270996094       0.86974191665649414     
 -0.24447727203369141      -0.92873859405517578     
  0.69752502441406250      -0.69211196899414062     
 -0.32049179077148438      -0.50207901000976562     
 -0.43462324142456055      -0.71146821975708008     
  0.35627794265747070       -3.3742904663085938E-002
  0.88660860061645508      -0.76220703125000000     
 -0.40623140335083008       0.47182941436767578     
   3.8543701171875000E-002 -0.18980789184570312     
  -9.9557399749755859E-002  0.74437713623046875     
  0.75231790542602539       0.21094751358032227     
 -0.60131072998046875      -0.22574186325073242     
  -3.9326190948486328E-002 -0.95152711868286133     
 -0.31589221954345703       0.80307149887084961     
 -0.77533245086669922       0.99304103851318359     
   4.1954994201660156E-002 -0.85979032516479492     
 -0.49541521072387695      -0.43647766113281250     
  0.12738847732543945      -0.97640562057495117     
 -0.44917106628417969       0.78464794158935547     
 -0.41846323013305664       0.89377021789550781     
 -0.39621639251708984       0.79417896270751953     
 -0.22883796691894531       -7.6933860778808594E-002
  0.97973108291625977       0.34077978134155273     
 -0.51058912277221680       0.53544187545776367     
 -0.82644653320312500       -8.1701278686523438E-002
  0.84910488128662109       0.90921306610107422     
 -0.84851694107055664       0.97913789749145508     
  0.37155055999755859       0.65487432479858398     
  0.47602987289428711       0.63550949096679688     
 -0.98871707916259766       0.63755989074707031     
 -0.52292060852050781      -0.72486400604248047     
 -0.78261709213256836       0.56070137023925781     
 -0.29143238067626953       -9.8710536956787109E-002
  0.97763156890869141      -0.94310665130615234     
 -0.79315948486328125      -0.62919092178344727     
 -0.81030130386352539      -0.73221254348754883     
 -0.29523038864135742        6.6416740417480469E-002
  0.26702499389648438      -0.10337305068969727     
  0.60922193527221680      -0.80014371871948242     
  -1.4320850372314453E-002 -0.68719053268432617     
  0.38994026184082031      -0.26940679550170898     
   8.5659980773925781E-002 -0.31217813491821289     
 -0.77725124359130859       0.74627065658569336     
  0.57652664184570312      -0.31188154220581055     
  0.20822429656982422      -0.36730432510375977     
  0.72281837463378906       0.40865468978881836     
  0.26612854003906250       0.82397890090942383     
  0.61379289627075195        2.1946907043457031E-002
  0.86961030960083008      -0.45437812805175781     
 -0.72782516479492188      -0.55488204956054688     
  0.10473728179931641       0.32574892044067383     
  0.86831426620483398      -0.23472547531127930     
  0.97388839721679688       0.14734745025634766     
  0.47200202941894531       0.93899631500244141     
 -0.28552198410034180      -0.76715183258056641     
  0.48326826095581055       0.29050302505493164     
  0.48540067672729492       0.13345813751220703     
 -0.96167039871215820      -0.79132318496704102     
  0.23570823669433594      -0.44597434997558594     
  0.51055955886840820       0.98193693161010742     
 -0.58279752731323242       0.92390251159667969     
   3.1859397888183594E-002 -0.53367614746093750     
  0.51133251190185547       -3.2441616058349609E-002
  0.75681829452514648      -0.14703702926635742     
  0.75184869766235352       0.32537937164306641     
  0.65871667861938477      -0.94659376144409180     
  0.59915256500244141       -4.0323257446289062E-002
  0.29049444198608398       0.34137964248657227     
 -0.42491912841796875       0.38919067382812500     
 -0.87105083465576172       0.25300550460815430     
  0.26707887649536133       0.79553222656250000     
  0.51341724395751953      -0.99525785446166992     
  0.70523118972778320       0.82662963867187500     
 -0.83375501632690430      -0.91296672821044922     
 -0.22841978073120117       0.95581054687500000     
  0.31000518798828125       0.26088285446166992     
  0.66335678100585938      -0.95608854293823242     
 -0.97744894027709961        2.2250652313232422E-002
  -3.1775951385498047E-002  -5.7687759399414062E-002
  0.44900369644165039       0.41196155548095703     
 -0.15417480468750000       0.79102945327758789     
  0.83626127243041992      -0.95308589935302734     
 -0.51378679275512695       0.78949451446533203     
 -0.96358394622802734      -0.95475816726684570     
 -0.61535167694091797      -0.21259498596191406     
  0.92080402374267578       -4.3345928192138672E-002
 -0.50995206832885742      -0.75996351242065430     
 -0.70133590698242188       0.65378427505493164     
  0.15354442596435547       0.62585592269897461     
  0.76817512512207031       0.72341108322143555     
  0.37669420242309570      -0.89307880401611328     
   3.1381607055664062E-002 -0.56298303604125977     
  -5.1657199859619141E-002 -0.20064115524291992     
 -0.17302560806274414       -3.8915157318115234E-002
  -4.6180725097656250E-002 -0.15773344039916992     
  0.97973966598510742       0.49176597595214844     
 -0.88358020782470703      -0.32668256759643555     
 -0.54810142517089844        6.3842773437500000E-002
 -0.99027252197265625       0.49394941329956055     
 -0.19039916992187500       -3.4600734710693359E-002
  0.46689891815185547      -0.82304668426513672     
 -0.94332027435302734      -0.38103342056274414     
  -2.3560523986816406E-002   1.9423484802246094E-002
  0.45320892333984375      -0.91094636917114258     
 -0.26920843124389648      -0.58456468582153320     
 -0.77098608016967773        4.0709018707275391E-002
  0.19679832458496094      -0.40571308135986328     
 -0.81230306625366211      -0.37753915786743164     
  0.69967555999755859      -0.54554033279418945     
 -0.89060974121093750      -0.47399091720581055     
 -0.36402654647827148      -0.19391155242919922     
  0.93380355834960938       0.44300985336303711     
 -0.32892227172851562      -0.19547319412231445     
  0.68463087081909180       0.59384489059448242     
  0.75675487518310547       0.78106355667114258     
 -0.66361522674560547       0.62045192718505859     
  -6.3351631164550781E-002 -0.74742984771728516     
  -5.1006793975830078E-002  0.72904014587402344     
  0.97887182235717773       -9.4363689422607422E-002
   3.6052703857421875E-002  -5.5342674255371094E-002
 -0.13736915588378906      -0.76079797744750977     
 -0.72917938232421875       0.68999671936035156     
  0.77493810653686523       0.38509893417358398     
  0.36164760589599609       0.21910190582275391     
  0.45339488983154297       0.20797157287597656     
 -0.61910438537597656       0.71480464935302734     
 -0.27231264114379883      -0.75644111633300781     
  0.49797868728637695      -0.46752691268920898     
  0.28147459030151367       0.75033617019653320     
  0.90440893173217773       0.40136861801147461     
 -0.19451141357421875       0.84994935989379883     
 -0.89397192001342773      -0.98388338088989258     
 -0.12334966659545898       0.86865615844726562     
 -0.49394273757934570       0.30917167663574219     
  0.25207328796386719       0.59947013854980469     
 -0.70255184173583984       0.21891498565673828     
 -0.69435548782348633       -2.7344226837158203E-002
  0.43151950836181641       0.54904556274414062     
 -0.18966531753540039       0.29673624038696289     
 -0.75257349014282227      -0.49892187118530273     
  0.62563991546630859      -0.86302518844604492     
 -0.86415338516235352       0.17535543441772461     
 -0.79478693008422852        1.6239643096923828E-002
  0.94333648681640625       0.65775775909423828     
  0.93667316436767578       0.67355823516845703     
  0.49815511703491211       0.49492597579956055     
  0.22811841964721680       -1.1896133422851562E-002
   6.9644451141357422E-002  0.52160835266113281     
  0.67461585998535156       0.27216815948486328     
  0.33638620376586914      -0.34975337982177734     
 -0.29899215698242188       0.84203147888183594     
   3.0045032501220703E-002  0.97391271591186523     
  0.55649423599243164      -0.99550962448120117     
  0.47403001785278320      -0.97392559051513672     
 -0.76151418685913086      -0.76838922500610352     
 -0.31105089187622070       0.17506933212280273     
  0.39096260070800781       0.91354370117187500     
  -6.9715976715087891E-002  0.28480720520019531     
  0.76038932800292969      -0.12864589691162109     
 -0.15070629119873047      -0.91609048843383789     
 -0.72859668731689453       0.47763824462890625     
 -0.33028602600097656       0.88982534408569336     
 -0.70066881179809570      -0.13932466506958008     
  0.37389802932739258       0.11091995239257812     
  0.23808145523071289      -0.55864858627319336     
  0.79396486282348633       0.17466354370117188     
 -0.42594575881958008      -0.86760950088500977     
   9.3756198883056641E-002 -0.23580026626586914     
  0.90679311752319336       0.47879695892333984     
 -0.85823202133178711      -0.30404758453369141     
 -0.12541580200195312       0.14080142974853516     
  0.45718288421630859      -0.11974048614501953     
 -0.47450923919677734       0.93010807037353516     
  0.32746505737304688      -0.29207849502563477     
 -0.95613861083984375       0.18259382247924805     
  0.86067581176757812      -0.61737537384033203     
 -0.22444629669189453      -0.26198434829711914     
  0.83624839782714844       0.82943487167358398     
  0.31415605545043945        2.8801441192626953E-002
   6.6549777984619141E-002  0.50924873352050781     
  0.94677877426147461       0.51160955429077148     
  0.62805175781250000      -0.33187103271484375     
  0.24385547637939453       0.48430728912353516     
 -0.24348258972167969      -0.21125364303588867     
 -0.53626298904418945      -0.96605825424194336     
 -0.54079723358154297       0.82432651519775391     
  0.45949602127075195       0.75281810760498047     
  0.61928558349609375       0.33675861358642578     
  -9.1788291931152344E-002 -0.68359279632568359     
  0.85765886306762695       0.67553138732910156     
 -0.34305238723754883       0.32188224792480469     
 -0.12038469314575195       0.70163774490356445     
  0.43218135833740234      -0.32191991806030273     
 -0.50722837448120117      -0.97994518280029297     
   6.5820693969726562E-002  0.25054025650024414     
  0.83692502975463867       0.20487451553344727     
 -0.66768455505371094       0.23008394241333008     
 -0.97430229187011719       0.90241336822509766     
  0.86908578872680664       0.73220682144165039     
  0.20126676559448242       0.69089841842651367     
  -6.4524173736572266E-002 -0.45011091232299805     
  0.98732519149780273       -2.3847579956054688E-002
 -0.80334186553955078       0.23739957809448242     
  -2.2589206695556641E-002  0.34649753570556641     
